# Blender 4.5.3 LTS
# www.blender.org
mtllib fingertip_color.mtl
o fingertip
v -0.007799 0.010886 -0.012888
v -0.007552 0.010886 -0.012990
v -0.007286 0.010886 -0.012000
v -0.007286 0.010886 -0.013025
v -0.007021 0.010886 -0.012990
v -0.008276 0.010886 -0.012265
v -0.008174 0.010886 -0.012513
v -0.008011 0.010886 -0.012725
v -0.008174 0.010886 -0.011487
v -0.008276 0.010886 -0.011735
v -0.008311 0.010886 -0.012000
v -0.007552 0.010886 -0.011010
v -0.007799 0.010886 -0.011112
v -0.008011 0.010886 -0.011275
v -0.006774 0.010886 -0.011112
v -0.007021 0.010886 -0.011010
v -0.007286 0.010886 -0.010975
v -0.006296 0.010886 -0.011735
v -0.006399 0.010886 -0.011487
v -0.006562 0.010886 -0.011275
v -0.006399 0.010886 -0.012513
v -0.006296 0.010886 -0.012265
v -0.006261 0.010886 -0.012000
v -0.006774 0.010886 -0.012888
v -0.006562 0.010886 -0.012725
v -0.013799 0.010886 -0.012888
v -0.013552 0.010886 -0.012990
v -0.013286 0.010886 -0.012000
v -0.013286 0.010886 -0.013025
v -0.013021 0.010886 -0.012990
v -0.014276 0.010886 -0.012265
v -0.014174 0.010886 -0.012513
v -0.014011 0.010886 -0.012725
v -0.014174 0.010886 -0.011487
v -0.014276 0.010886 -0.011735
v -0.014311 0.010886 -0.012000
v -0.013552 0.010886 -0.011010
v -0.013799 0.010886 -0.011112
v -0.014011 0.010886 -0.011275
v -0.012774 0.010886 -0.011112
v -0.013021 0.010886 -0.011010
v -0.013286 0.010886 -0.010975
v -0.012296 0.010886 -0.011735
v -0.012399 0.010886 -0.011487
v -0.012562 0.010886 -0.011275
v -0.012399 0.010886 -0.012513
v -0.012296 0.010886 -0.012265
v -0.012261 0.010886 -0.012000
v -0.012774 0.010886 -0.012888
v -0.012562 0.010886 -0.012725
v -0.019799 0.010886 -0.012888
v -0.019552 0.010886 -0.012990
v -0.019286 0.010886 -0.012000
v -0.019286 0.010886 -0.013025
v -0.019021 0.010886 -0.012990
v -0.020276 0.010886 -0.012265
v -0.020174 0.010886 -0.012513
v -0.020011 0.010886 -0.012725
v -0.020174 0.010886 -0.011487
v -0.020276 0.010886 -0.011735
v -0.020311 0.010886 -0.012000
v -0.019552 0.010886 -0.011010
v -0.019799 0.010886 -0.011112
v -0.020011 0.010886 -0.011275
v -0.018774 0.010886 -0.011112
v -0.019021 0.010886 -0.011010
v -0.019286 0.010886 -0.010975
v -0.018296 0.010886 -0.011735
v -0.018399 0.010886 -0.011487
v -0.018562 0.010886 -0.011275
v -0.018399 0.010886 -0.012513
v -0.018296 0.010886 -0.012265
v -0.018261 0.010886 -0.012000
v -0.018774 0.010886 -0.012888
v -0.018562 0.010886 -0.012725
v -0.007799 0.010886 0.011112
v -0.007552 0.010886 0.011010
v -0.007286 0.010886 0.012000
v -0.007286 0.010886 0.010975
v -0.007021 0.010886 0.011010
v -0.008276 0.010886 0.011735
v -0.008174 0.010886 0.011487
v -0.008011 0.010886 0.011275
v -0.008174 0.010886 0.012513
v -0.008276 0.010886 0.012265
v -0.008311 0.010886 0.012000
v -0.007552 0.010886 0.012990
v -0.007799 0.010886 0.012888
v -0.008011 0.010886 0.012725
v -0.006774 0.010886 0.012888
v -0.007021 0.010886 0.012990
v -0.007286 0.010886 0.013025
v -0.006296 0.010886 0.012265
v -0.006399 0.010886 0.012513
v -0.006562 0.010886 0.012725
v -0.006399 0.010886 0.011487
v -0.006296 0.010886 0.011735
v -0.006261 0.010886 0.012000
v -0.006774 0.010886 0.011112
v -0.006562 0.010886 0.011275
v -0.013799 0.010886 0.011112
v -0.013552 0.010886 0.011010
v -0.013286 0.010886 0.012000
v -0.013286 0.010886 0.010975
v -0.013021 0.010886 0.011010
v -0.014276 0.010886 0.011735
v -0.014174 0.010886 0.011487
v -0.014011 0.010886 0.011275
v -0.014174 0.010886 0.012513
v -0.014276 0.010886 0.012265
v -0.014311 0.010886 0.012000
v -0.013552 0.010886 0.012990
v -0.013799 0.010886 0.012888
v -0.014011 0.010886 0.012725
v -0.012774 0.010886 0.012888
v -0.013021 0.010886 0.012990
v -0.013286 0.010886 0.013025
v -0.012296 0.010886 0.012265
v -0.012399 0.010886 0.012513
v -0.012562 0.010886 0.012725
v -0.012399 0.010886 0.011487
v -0.012296 0.010886 0.011735
v -0.012261 0.010886 0.012000
v -0.012774 0.010886 0.011112
v -0.012562 0.010886 0.011275
v -0.019799 0.010886 0.011112
v -0.019552 0.010886 0.011010
v -0.019286 0.010886 0.012000
v -0.019286 0.010886 0.010975
v -0.019021 0.010886 0.011010
v -0.020276 0.010886 0.011735
v -0.020174 0.010886 0.011487
v -0.020011 0.010886 0.011275
v -0.020174 0.010886 0.012513
v -0.020276 0.010886 0.012265
v -0.020311 0.010886 0.012000
v -0.019552 0.010886 0.012990
v -0.019799 0.010886 0.012888
v -0.020011 0.010886 0.012725
v -0.018774 0.010886 0.012888
v -0.019021 0.010886 0.012990
v -0.019286 0.010886 0.013025
v -0.018296 0.010886 0.012265
v -0.018399 0.010886 0.012513
v -0.018562 0.010886 0.012725
v -0.018399 0.010886 0.011487
v -0.018296 0.010886 0.011735
v -0.018261 0.010886 0.012000
v -0.018774 0.010886 0.011112
v -0.018562 0.010886 0.011275
v -0.019831 0.010886 0.006169
v -0.019933 0.010886 0.005922
v -0.018943 0.010886 0.005657
v -0.019968 0.010886 0.005657
v -0.019933 0.010886 0.005392
v -0.019209 0.010886 0.006647
v -0.019456 0.010886 0.006545
v -0.019668 0.010886 0.006382
v -0.018431 0.010886 0.006545
v -0.018678 0.010886 0.006647
v -0.018943 0.010886 0.006682
v -0.017953 0.010886 0.005922
v -0.018056 0.010886 0.006169
v -0.018218 0.010886 0.006382
v -0.018056 0.010886 0.005144
v -0.017953 0.010886 0.005392
v -0.017918 0.010886 0.005657
v -0.018678 0.010886 0.004667
v -0.018431 0.010886 0.004769
v -0.018218 0.010886 0.004932
v -0.019456 0.010886 0.004769
v -0.019209 0.010886 0.004667
v -0.018943 0.010886 0.004632
v -0.019831 0.010886 0.005144
v -0.019668 0.010886 0.004932
v -0.008517 0.010886 0.006169
v -0.008620 0.010886 0.005922
v -0.007630 0.010886 0.005657
v -0.008655 0.010886 0.005657
v -0.008620 0.010886 0.005392
v -0.007895 0.010886 0.006647
v -0.008142 0.010886 0.006545
v -0.008354 0.010886 0.006382
v -0.007117 0.010886 0.006545
v -0.007364 0.010886 0.006647
v -0.007630 0.010886 0.006682
v -0.006639 0.010886 0.005922
v -0.006742 0.010886 0.006169
v -0.006905 0.010886 0.006382
v -0.006742 0.010886 0.005144
v -0.006639 0.010886 0.005392
v -0.006605 0.010886 0.005657
v -0.007364 0.010886 0.004667
v -0.007117 0.010886 0.004769
v -0.006905 0.010886 0.004932
v -0.008142 0.010886 0.004769
v -0.007895 0.010886 0.004667
v -0.007630 0.010886 0.004632
v -0.008517 0.010886 0.005144
v -0.008354 0.010886 0.004932
v -0.019831 0.010886 -0.005144
v -0.019933 0.010886 -0.005392
v -0.018943 0.010886 -0.005657
v -0.019968 0.010886 -0.005657
v -0.019933 0.010886 -0.005922
v -0.019209 0.010886 -0.004667
v -0.019456 0.010886 -0.004769
v -0.019668 0.010886 -0.004932
v -0.018431 0.010886 -0.004769
v -0.018678 0.010886 -0.004667
v -0.018943 0.010886 -0.004632
v -0.017953 0.010886 -0.005392
v -0.018056 0.010886 -0.005144
v -0.018218 0.010886 -0.004932
v -0.018056 0.010886 -0.006169
v -0.017953 0.010886 -0.005922
v -0.017918 0.010886 -0.005657
v -0.018678 0.010886 -0.006647
v -0.018431 0.010886 -0.006545
v -0.018218 0.010886 -0.006382
v -0.019456 0.010886 -0.006545
v -0.019209 0.010886 -0.006647
v -0.018943 0.010886 -0.006682
v -0.019831 0.010886 -0.006169
v -0.019668 0.010886 -0.006382
v -0.008517 0.010886 -0.005144
v -0.008620 0.010886 -0.005392
v -0.007630 0.010886 -0.005657
v -0.008655 0.010886 -0.005657
v -0.008620 0.010886 -0.005922
v -0.007895 0.010886 -0.004667
v -0.008142 0.010886 -0.004769
v -0.008354 0.010886 -0.004932
v -0.007117 0.010886 -0.004769
v -0.007364 0.010886 -0.004667
v -0.007630 0.010886 -0.004632
v -0.006639 0.010886 -0.005392
v -0.006742 0.010886 -0.005144
v -0.006905 0.010886 -0.004932
v -0.006742 0.010886 -0.006169
v -0.006639 0.010886 -0.005922
v -0.006605 0.010886 -0.005657
v -0.007364 0.010886 -0.006647
v -0.007117 0.010886 -0.006545
v -0.006905 0.010886 -0.006382
v -0.008142 0.010886 -0.006545
v -0.007895 0.010886 -0.006647
v -0.007630 0.010886 -0.006682
v -0.008517 0.010886 -0.006169
v -0.008354 0.010886 -0.006382
v -0.014174 0.010886 0.006512
v -0.014276 0.010886 0.006265
v -0.013286 0.010886 0.006000
v -0.014311 0.010886 0.006000
v -0.014276 0.010886 0.005735
v -0.013552 0.010886 0.006990
v -0.013799 0.010886 0.006888
v -0.014011 0.010886 0.006725
v -0.012774 0.010886 0.006888
v -0.013021 0.010886 0.006990
v -0.013286 0.010886 0.007025
v -0.012296 0.010886 0.006265
v -0.012399 0.010886 0.006512
v -0.012562 0.010886 0.006725
v -0.012399 0.010886 0.005488
v -0.012296 0.010886 0.005735
v -0.012261 0.010886 0.006000
v -0.013021 0.010886 0.005010
v -0.012774 0.010886 0.005112
v -0.012562 0.010886 0.005275
v -0.013799 0.010886 0.005112
v -0.013552 0.010886 0.005010
v -0.013286 0.010886 0.004975
v -0.014174 0.010886 0.005488
v -0.014011 0.010886 0.005275
v -0.012399 0.010886 -0.006512
v -0.012296 0.010886 -0.006265
v -0.013286 0.010886 -0.006000
v -0.012261 0.010886 -0.006000
v -0.012296 0.010886 -0.005735
v -0.013021 0.010886 -0.006990
v -0.012774 0.010886 -0.006888
v -0.012562 0.010886 -0.006725
v -0.013799 0.010886 -0.006888
v -0.013552 0.010886 -0.006990
v -0.013286 0.010886 -0.007025
v -0.014276 0.010886 -0.006265
v -0.014174 0.010886 -0.006512
v -0.014011 0.010886 -0.006725
v -0.014174 0.010886 -0.005488
v -0.014276 0.010886 -0.005735
v -0.014311 0.010886 -0.006000
v -0.013552 0.010886 -0.005010
v -0.013799 0.010886 -0.005112
v -0.014011 0.010886 -0.005275
v -0.012774 0.010886 -0.005112
v -0.013021 0.010886 -0.005010
v -0.013286 0.010886 -0.004975
v -0.012399 0.010886 -0.005488
v -0.012562 0.010886 -0.005275
v -0.010328 0.009386 -0.005125
v -0.010328 0.007886 -0.005125
v -0.010128 0.007886 -0.004508
v -0.010128 0.009386 -0.004508
v -0.009790 0.007886 -0.003955
v -0.009790 0.009386 -0.003955
v -0.009331 0.007886 -0.003497
v -0.009331 0.009386 -0.003497
v -0.008778 0.007886 -0.003158
v -0.008778 0.009386 -0.003158
v -0.008162 0.007886 -0.002959
v -0.008162 0.009386 -0.002959
v -0.011286 0.009386 -0.003464
v -0.011286 0.008386 -0.003464
v -0.011036 0.007886 -0.003897
v -0.011101 0.007903 -0.003785
v -0.011278 0.008256 -0.003479
v -0.011253 0.008136 -0.003522
v -0.011213 0.008032 -0.003591
v -0.011161 0.007953 -0.003681
v -0.012132 0.008146 -0.003894
v -0.012132 0.008136 -0.003900
v -0.012132 0.008032 -0.003982
v -0.012132 0.008016 -0.004000
v -0.012101 0.007969 -0.004054
v -0.012132 0.008105 -0.003920
v -0.012132 0.008386 -0.003830
v -0.012132 0.008304 -0.003837
v -0.012132 0.008256 -0.003848
v -0.012132 0.008252 -0.003849
v -0.011959 0.007886 -0.004300
v -0.012020 0.007900 -0.004193
v -0.012087 0.007953 -0.004077
v -0.012046 0.007915 -0.004149
v -0.012025 0.007903 -0.004185
v -0.011429 0.007886 -0.005217
v -0.011429 0.009686 -0.005217
v -0.010977 0.007886 -0.006000
v -0.010977 0.009686 -0.006000
v -0.011679 0.007886 -0.004783
v -0.011679 0.009686 -0.004783
v -0.012132 0.009686 -0.004000
v -0.011295 0.007886 -0.006550
v -0.011295 0.009686 -0.006550
v -0.011035 0.009686 -0.007000
v -0.011035 0.007886 -0.007000
v -0.011112 0.007886 -0.006990
v -0.011112 0.009686 -0.006990
v -0.011185 0.007886 -0.006960
v -0.011185 0.009686 -0.006960
v -0.011247 0.007886 -0.006912
v -0.011247 0.009686 -0.006912
v -0.011295 0.007886 -0.006850
v -0.011295 0.009686 -0.006850
v -0.011325 0.007886 -0.006778
v -0.011325 0.009686 -0.006778
v -0.011335 0.007886 -0.006700
v -0.011335 0.009686 -0.006700
v -0.011325 0.007886 -0.006622
v -0.011325 0.009686 -0.006622
v -0.010036 0.007886 -0.007000
v -0.010036 0.009686 -0.007000
v -0.009132 0.007886 -0.007000
v -0.009132 0.009686 -0.007000
v -0.010536 0.007886 -0.007000
v -0.010536 0.009686 -0.007000
v -0.016036 0.007886 -0.007000
v -0.016036 0.009686 -0.007000
v -0.015538 0.007886 -0.007000
v -0.015538 0.009686 -0.007000
v -0.017441 0.007886 -0.007000
v -0.017441 0.009686 -0.007000
v -0.016536 0.007886 -0.007000
v -0.016536 0.009686 -0.007000
v -0.008964 0.007886 -0.006789
v -0.008964 0.009686 -0.006789
v -0.008431 0.009686 -0.007212
v -0.008431 0.007886 -0.007212
v -0.008011 0.009686 -0.007365
v -0.008011 0.007886 -0.007365
v -0.007566 0.009686 -0.007406
v -0.007566 0.007886 -0.007406
v -0.007125 0.009686 -0.007332
v -0.007125 0.007886 -0.007332
v -0.006717 0.009686 -0.007150
v -0.006717 0.007886 -0.007150
v -0.006368 0.009686 -0.006870
v -0.006368 0.007886 -0.006870
v -0.006102 0.009686 -0.006511
v -0.006102 0.007886 -0.006511
v -0.005935 0.009686 -0.006096
v -0.005935 0.007886 -0.006096
v -0.005880 0.009686 -0.005652
v -0.005880 0.007886 -0.005652
v -0.005938 0.009686 -0.005209
v -0.005938 0.007886 -0.005209
v -0.006107 0.009686 -0.004795
v -0.006107 0.007886 -0.004795
v -0.006375 0.009686 -0.004437
v -0.006375 0.007886 -0.004437
v -0.006725 0.009686 -0.004159
v -0.006725 0.007886 -0.004159
v -0.007134 0.009686 -0.003979
v -0.007134 0.007886 -0.003979
v -0.007575 0.009686 -0.003908
v -0.007575 0.007886 -0.003908
v -0.008020 0.009686 -0.003951
v -0.008020 0.007886 -0.003951
v -0.008440 0.009686 -0.004106
v -0.008440 0.007886 -0.004106
v -0.008806 0.009686 -0.004361
v -0.008806 0.007886 -0.004361
v -0.009096 0.009686 -0.004702
v -0.009096 0.007886 -0.004702
v -0.009290 0.009686 -0.005105
v -0.009290 0.007886 -0.005105
v -0.009376 0.009686 -0.005543
v -0.009376 0.007886 -0.005543
v -0.009348 0.009686 -0.005989
v -0.009348 0.007886 -0.005989
v -0.009207 0.009686 -0.006414
v -0.009207 0.007886 -0.006414
v -0.008766 0.007886 -0.007634
v -0.008766 0.009686 -0.007634
v -0.007977 0.009686 -0.009000
v -0.007977 0.007886 -0.009000
v -0.008483 0.009686 -0.008124
v -0.008295 0.007886 -0.009550
v -0.008295 0.009686 -0.009550
v -0.008035 0.009686 -0.010000
v -0.008035 0.007886 -0.010000
v -0.008112 0.007886 -0.009990
v -0.008112 0.009686 -0.009990
v -0.008185 0.007886 -0.009960
v -0.008185 0.009686 -0.009960
v -0.008247 0.007886 -0.009912
v -0.008247 0.009686 -0.009912
v -0.008295 0.007886 -0.009850
v -0.008295 0.009686 -0.009850
v -0.008325 0.007886 -0.009778
v -0.008325 0.009686 -0.009778
v -0.008335 0.007886 -0.009700
v -0.008335 0.009686 -0.009700
v -0.008325 0.007886 -0.009622
v -0.008325 0.009686 -0.009622
v -0.007036 0.007886 -0.010000
v -0.007036 0.009686 -0.010000
v -0.006363 0.007886 -0.010000
v -0.006132 0.009686 -0.010000
v -0.006132 0.007886 -0.010000
v -0.007536 0.007886 -0.010000
v -0.007536 0.009686 -0.010000
v -0.019036 0.007886 -0.010000
v -0.019036 0.009686 -0.010000
v -0.018538 0.007886 -0.010000
v -0.018538 0.009686 -0.010000
v -0.019536 0.009686 -0.010000
v -0.019536 0.007886 -0.010000
v -0.020140 0.009686 -0.010000
v -0.020210 0.007886 -0.010000
v -0.020441 0.009686 -0.010000
v -0.020441 0.007886 -0.010000
v -0.014035 0.007886 -0.010000
v -0.014035 0.009686 -0.010000
v -0.013536 0.007886 -0.010000
v -0.013536 0.009686 -0.010000
v -0.013036 0.007886 -0.010000
v -0.013036 0.009686 -0.010000
v -0.012538 0.007886 -0.010000
v -0.012538 0.009686 -0.010000
v -0.004977 0.009686 -0.012000
v -0.004977 0.007886 -0.012000
v -0.005816 0.009686 -0.010548
v -0.006090 0.009686 -0.010073
v -0.005679 0.007886 -0.013217
v -0.005679 0.009686 -0.013217
v -0.006132 0.007886 -0.014000
v -0.006132 0.009686 -0.014000
v -0.005429 0.007886 -0.012783
v -0.005429 0.009686 -0.012783
v -0.006363 0.007886 -0.014000
v -0.008441 0.009686 -0.014000
v -0.008441 0.007886 -0.014000
v -0.009143 0.007886 -0.012783
v -0.009143 0.009686 -0.012783
v -0.009596 0.007886 -0.012000
v -0.009596 0.009686 -0.012000
v -0.008893 0.009686 -0.013217
v -0.008893 0.007886 -0.013217
v -0.008483 0.009686 -0.013927
v -0.009278 0.007886 -0.011450
v -0.009278 0.009686 -0.011450
v -0.009538 0.009686 -0.011000
v -0.009538 0.007886 -0.011000
v -0.009460 0.007886 -0.011010
v -0.009460 0.009686 -0.011010
v -0.009388 0.007886 -0.011040
v -0.009388 0.009686 -0.011040
v -0.009326 0.007886 -0.011088
v -0.009326 0.009686 -0.011088
v -0.009278 0.007886 -0.011150
v -0.009278 0.009686 -0.011150
v -0.009248 0.007886 -0.011222
v -0.009248 0.009686 -0.011222
v -0.009238 0.007886 -0.011300
v -0.009238 0.009686 -0.011300
v -0.009248 0.007886 -0.011378
v -0.009248 0.009686 -0.011378
v -0.010536 0.007886 -0.011000
v -0.010536 0.009686 -0.011000
v -0.011035 0.007886 -0.011000
v -0.011035 0.009686 -0.011000
v -0.010036 0.007886 -0.011000
v -0.010036 0.009686 -0.011000
v -0.011112 0.009686 -0.011010
v -0.011112 0.007886 -0.011010
v -0.011185 0.009686 -0.011040
v -0.011185 0.007886 -0.011040
v -0.011247 0.009686 -0.011088
v -0.011247 0.007886 -0.011088
v -0.011295 0.009686 -0.011150
v -0.011295 0.007886 -0.011150
v -0.011325 0.009686 -0.011222
v -0.011325 0.007886 -0.011222
v -0.011335 0.009686 -0.011300
v -0.011335 0.007886 -0.011300
v -0.011325 0.009686 -0.011378
v -0.011325 0.007886 -0.011378
v -0.011295 0.009686 -0.011450
v -0.011295 0.007886 -0.011450
v -0.010977 0.007886 -0.012000
v -0.010977 0.009686 -0.012000
v -0.011679 0.007886 -0.013217
v -0.011679 0.009686 -0.013217
v -0.012132 0.007886 -0.014000
v -0.012132 0.009686 -0.014000
v -0.011429 0.007886 -0.012783
v -0.011429 0.009686 -0.012783
v -0.013286 0.007886 -0.014000
v -0.014441 0.009686 -0.014000
v -0.014441 0.007886 -0.014000
v -0.014323 0.009686 -0.014000
v -0.012250 0.009686 -0.014000
v -0.015143 0.007886 -0.012783
v -0.015143 0.009686 -0.012783
v -0.015596 0.007886 -0.012000
v -0.015596 0.009686 -0.012000
v -0.014893 0.007886 -0.013217
v -0.014893 0.009686 -0.013217
v -0.015278 0.007886 -0.011450
v -0.015278 0.009686 -0.011450
v -0.015538 0.009686 -0.011000
v -0.015538 0.007886 -0.011000
v -0.015460 0.007886 -0.011010
v -0.015460 0.009686 -0.011010
v -0.015388 0.007886 -0.011040
v -0.015388 0.009686 -0.011040
v -0.015326 0.007886 -0.011088
v -0.015326 0.009686 -0.011088
v -0.015278 0.007886 -0.011150
v -0.015278 0.009686 -0.011150
v -0.015248 0.007886 -0.011222
v -0.015248 0.009686 -0.011222
v -0.015238 0.007886 -0.011300
v -0.015238 0.009686 -0.011300
v -0.015248 0.007886 -0.011378
v -0.015248 0.009686 -0.011378
v -0.016536 0.007886 -0.011000
v -0.016536 0.009686 -0.011000
v -0.017035 0.007886 -0.011000
v -0.017035 0.009686 -0.011000
v -0.016036 0.007886 -0.011000
v -0.016036 0.009686 -0.011000
v -0.017112 0.009686 -0.011010
v -0.017112 0.007886 -0.011010
v -0.017185 0.009686 -0.011040
v -0.017185 0.007886 -0.011040
v -0.017247 0.009686 -0.011088
v -0.017247 0.007886 -0.011088
v -0.017295 0.009686 -0.011150
v -0.017295 0.007886 -0.011150
v -0.017325 0.009686 -0.011222
v -0.017325 0.007886 -0.011222
v -0.017335 0.009686 -0.011300
v -0.017335 0.007886 -0.011300
v -0.017325 0.009686 -0.011378
v -0.017325 0.007886 -0.011378
v -0.017295 0.009686 -0.011450
v -0.017295 0.007886 -0.011450
v -0.016977 0.007886 -0.012000
v -0.016977 0.009686 -0.012000
v -0.017679 0.007886 -0.013217
v -0.017679 0.009686 -0.013217
v -0.018132 0.007886 -0.014000
v -0.018132 0.009686 -0.014000
v -0.017429 0.007886 -0.012783
v -0.017429 0.009686 -0.012783
v -0.020210 0.007886 -0.014000
v -0.020140 0.009686 -0.014000
v -0.020441 0.007886 -0.014000
v -0.020441 0.009686 -0.014000
v -0.021143 0.007886 -0.012783
v -0.021143 0.009686 -0.012783
v -0.021596 0.007886 -0.012000
v -0.021596 0.009686 -0.012000
v -0.020893 0.007886 -0.013217
v -0.020893 0.009686 -0.013217
v -0.020757 0.009686 -0.010548
v -0.020483 0.009686 -0.010073
v -0.021040 0.009686 -0.012723
v -0.021040 0.009386 -0.012723
v -0.020790 0.009686 -0.013157
v -0.020790 0.009386 -0.013157
v -0.017783 0.009686 -0.013157
v -0.017783 0.009386 -0.013157
v -0.017533 0.009686 -0.012723
v -0.017533 0.009386 -0.012723
v -0.016536 0.009686 -0.010880
v -0.016536 0.009386 -0.010880
v -0.016036 0.009686 -0.010880
v -0.016036 0.009386 -0.010880
v -0.015040 0.009686 -0.012723
v -0.015040 0.009386 -0.012723
v -0.014790 0.009686 -0.013157
v -0.014790 0.009386 -0.013157
v -0.011783 0.009686 -0.013157
v -0.011783 0.009386 -0.013157
v -0.011533 0.009686 -0.012723
v -0.011533 0.009386 -0.012723
v -0.010536 0.009686 -0.010880
v -0.010536 0.009386 -0.010880
v -0.010036 0.009686 -0.010880
v -0.010036 0.009386 -0.010880
v -0.009040 0.009686 -0.012723
v -0.009040 0.009386 -0.012723
v -0.008790 0.009686 -0.013157
v -0.008790 0.009386 -0.013157
v -0.005783 0.009686 -0.013157
v -0.005783 0.009386 -0.013157
v -0.005533 0.009686 -0.012723
v -0.005533 0.009386 -0.012723
v -0.007036 0.009686 -0.010073
v -0.007036 0.009386 -0.010120
v -0.007036 0.009686 -0.010120
v -0.007536 0.009686 -0.010120
v -0.007536 0.009386 -0.010120
v -0.007536 0.009686 -0.010073
v -0.018460 0.009686 -0.009990
v -0.018460 0.007886 -0.009990
v -0.018388 0.009686 -0.009960
v -0.018388 0.007886 -0.009960
v -0.018326 0.009686 -0.009912
v -0.018326 0.007886 -0.009912
v -0.018278 0.009686 -0.009850
v -0.018278 0.007886 -0.009850
v -0.018248 0.009686 -0.009778
v -0.018248 0.007886 -0.009778
v -0.018238 0.009686 -0.009700
v -0.018238 0.007886 -0.009700
v -0.018248 0.009686 -0.009622
v -0.018248 0.007886 -0.009622
v -0.018278 0.009686 -0.009550
v -0.018278 0.007886 -0.009550
v -0.018596 0.007886 -0.009000
v -0.018596 0.009686 -0.009000
v -0.017807 0.007886 -0.007634
v -0.017807 0.009686 -0.007634
v -0.018142 0.007886 -0.007212
v -0.018142 0.009686 -0.007212
v -0.017609 0.009686 -0.006789
v -0.017609 0.007886 -0.006789
v -0.017366 0.009686 -0.006414
v -0.017366 0.007886 -0.006414
v -0.017225 0.009686 -0.005989
v -0.017225 0.007886 -0.005989
v -0.017197 0.009686 -0.005543
v -0.017197 0.007886 -0.005543
v -0.017283 0.009686 -0.005105
v -0.017283 0.007886 -0.005105
v -0.017477 0.009686 -0.004702
v -0.017477 0.007886 -0.004702
v -0.017767 0.009686 -0.004361
v -0.017767 0.007886 -0.004361
v -0.018133 0.009686 -0.004106
v -0.018133 0.007886 -0.004106
v -0.018553 0.009686 -0.003951
v -0.018553 0.007886 -0.003951
v -0.018998 0.009686 -0.003908
v -0.018998 0.007886 -0.003908
v -0.019439 0.009686 -0.003979
v -0.019439 0.007886 -0.003979
v -0.019848 0.009686 -0.004159
v -0.019848 0.007886 -0.004159
v -0.020198 0.009686 -0.004437
v -0.020198 0.007886 -0.004437
v -0.020466 0.009686 -0.004795
v -0.020466 0.007886 -0.004795
v -0.020635 0.009686 -0.005209
v -0.020635 0.007886 -0.005209
v -0.020693 0.009686 -0.005652
v -0.020693 0.007886 -0.005652
v -0.020637 0.009686 -0.006096
v -0.020637 0.007886 -0.006096
v -0.020471 0.009686 -0.006511
v -0.020471 0.007886 -0.006511
v -0.020205 0.009686 -0.006870
v -0.020205 0.007886 -0.006870
v -0.019856 0.009686 -0.007150
v -0.019856 0.007886 -0.007150
v -0.019448 0.009686 -0.007332
v -0.019448 0.007886 -0.007332
v -0.019007 0.009686 -0.007406
v -0.019007 0.007886 -0.007406
v -0.018562 0.009686 -0.007365
v -0.018562 0.007886 -0.007365
v -0.019036 0.009686 -0.010073
v -0.019036 0.009386 -0.010120
v -0.019036 0.009686 -0.010120
v -0.019536 0.009686 -0.010120
v -0.019536 0.009386 -0.010120
v -0.019536 0.009686 -0.010073
v -0.013536 0.009686 -0.010120
v -0.013536 0.009386 -0.010120
v -0.013536 0.009686 -0.010073
v -0.013036 0.009386 -0.010120
v -0.013036 0.009686 -0.010120
v -0.013036 0.009686 -0.010073
v -0.014112 0.007886 -0.009990
v -0.014112 0.009686 -0.009990
v -0.014185 0.007886 -0.009960
v -0.014185 0.009686 -0.009960
v -0.014247 0.007886 -0.009912
v -0.014247 0.009686 -0.009912
v -0.014295 0.007886 -0.009850
v -0.014295 0.009686 -0.009850
v -0.014325 0.007886 -0.009778
v -0.014325 0.009686 -0.009778
v -0.014335 0.007886 -0.009700
v -0.014335 0.009686 -0.009700
v -0.014325 0.007886 -0.009622
v -0.014325 0.009686 -0.009622
v -0.014324 0.009686 -0.009619
v -0.014295 0.007886 -0.009550
v -0.014295 0.009686 -0.009550
v -0.013977 0.007886 -0.009000
v -0.013977 0.009686 -0.009000
v -0.014295 0.007886 -0.008450
v -0.014295 0.009686 -0.008450
v -0.014035 0.007886 -0.008000
v -0.014035 0.009686 -0.008000
v -0.014112 0.009686 -0.008010
v -0.014112 0.007886 -0.008010
v -0.014185 0.009686 -0.008040
v -0.014185 0.007886 -0.008040
v -0.014247 0.009686 -0.008088
v -0.014247 0.007886 -0.008088
v -0.014295 0.009686 -0.008150
v -0.014295 0.007886 -0.008150
v -0.014325 0.009686 -0.008222
v -0.014325 0.007886 -0.008222
v -0.014335 0.009686 -0.008300
v -0.014335 0.007886 -0.008300
v -0.014325 0.009686 -0.008378
v -0.014325 0.007886 -0.008378
v -0.014324 0.009686 -0.008381
v -0.013536 0.007886 -0.008000
v -0.013536 0.009686 -0.008000
v -0.012538 0.007886 -0.008000
v -0.012538 0.009686 -0.008000
v -0.013036 0.007886 -0.008000
v -0.013036 0.009686 -0.008000
v -0.013536 0.009686 -0.007927
v -0.013536 0.009386 -0.007880
v -0.013536 0.009686 -0.007880
v -0.013036 0.009686 -0.007880
v -0.013036 0.009386 -0.007880
v -0.013036 0.009686 -0.007927
v -0.012460 0.007886 -0.008010
v -0.012460 0.009686 -0.008010
v -0.012388 0.007886 -0.008040
v -0.012388 0.009686 -0.008040
v -0.012326 0.007886 -0.008088
v -0.012326 0.009686 -0.008088
v -0.012278 0.007886 -0.008150
v -0.012278 0.009686 -0.008150
v -0.012248 0.007886 -0.008222
v -0.012248 0.009686 -0.008222
v -0.012238 0.007886 -0.008300
v -0.012238 0.009686 -0.008300
v -0.012248 0.007886 -0.008378
v -0.012248 0.009686 -0.008378
v -0.012278 0.007886 -0.008450
v -0.012278 0.009686 -0.008450
v -0.012596 0.007886 -0.009000
v -0.012596 0.009686 -0.009000
v -0.012278 0.007886 -0.009550
v -0.012278 0.009686 -0.009550
v -0.012460 0.009686 -0.009990
v -0.012460 0.007886 -0.009990
v -0.012388 0.009686 -0.009960
v -0.012388 0.007886 -0.009960
v -0.012326 0.009686 -0.009912
v -0.012326 0.007886 -0.009912
v -0.012278 0.009686 -0.009850
v -0.012278 0.007886 -0.009850
v -0.012248 0.009686 -0.009778
v -0.012248 0.007886 -0.009778
v -0.012238 0.009686 -0.009700
v -0.012238 0.007886 -0.009700
v -0.012248 0.009686 -0.009622
v -0.012248 0.007886 -0.009622
v -0.010036 0.009686 -0.007120
v -0.010036 0.009386 -0.007120
v -0.010536 0.009686 -0.007120
v -0.010536 0.009386 -0.007120
v -0.015460 0.009686 -0.006990
v -0.015460 0.007886 -0.006990
v -0.015388 0.009686 -0.006960
v -0.015388 0.007886 -0.006960
v -0.015326 0.009686 -0.006912
v -0.015326 0.007886 -0.006912
v -0.015278 0.009686 -0.006850
v -0.015278 0.007886 -0.006850
v -0.015248 0.009686 -0.006778
v -0.015248 0.007886 -0.006778
v -0.015238 0.009686 -0.006700
v -0.015238 0.007886 -0.006700
v -0.015248 0.009686 -0.006622
v -0.015248 0.007886 -0.006622
v -0.015278 0.009686 -0.006550
v -0.015278 0.007886 -0.006550
v -0.015596 0.007886 -0.006000
v -0.015596 0.009686 -0.006000
v -0.016036 0.009686 -0.007120
v -0.016036 0.009386 -0.007120
v -0.016536 0.009686 -0.007120
v -0.016536 0.009386 -0.007120
v -0.011533 0.009686 -0.005277
v -0.011533 0.009386 -0.005277
v -0.011783 0.009686 -0.004843
v -0.011783 0.009386 -0.004843
v -0.012132 0.009686 -0.003830
v -0.009307 0.009386 0.014500
v -0.010286 0.009386 0.012804
v -0.009307 0.007886 0.014500
v -0.010286 0.007886 0.012804
v -0.011266 0.009386 0.014500
v -0.011266 0.007886 0.014500
v -0.004286 0.005886 0.014500
v -0.004286 0.009386 0.014500
v -0.004286 0.009386 0.012804
v -0.004286 0.007886 0.012804
v -0.004286 0.007886 0.012598
v -0.004286 0.007886 0.012500
v -0.004286 0.009386 -0.012804
v -0.004286 0.009386 -0.014500
v -0.004286 0.007886 -0.012804
v -0.004286 0.005886 -0.014500
v -0.004286 0.007886 -0.012500
v -0.005266 0.009386 0.014500
v -0.005266 0.007886 0.014500
v -0.003786 0.005886 0.014500
v -0.003786 0.007886 0.012500
v -0.003286 0.006593 0.014500
v -0.003286 0.008386 0.012707
v -0.003786 0.007886 -0.009148
v -0.003786 0.007886 -0.012500
v -0.003286 0.008386 -0.012707
v -0.003786 0.007886 0.009148
v -0.003786 0.007886 0.006852
v -0.003786 0.007886 -0.000000
v -0.003786 0.007886 -0.006852
v -0.003286 0.006593 -0.014500
v -0.003786 0.005886 -0.014500
v -0.005266 0.009386 -0.014500
v -0.005266 0.007886 -0.014500
v -0.004286 0.009386 0.011196
v -0.004286 0.009386 0.009497
v -0.004286 0.007886 0.011196
v -0.004286 0.007886 0.009497
v -0.005098 0.009386 0.009790
v -0.005098 0.007886 0.009790
v -0.004674 0.007886 0.009693
v -0.004674 0.009386 0.009693
v -0.004286 0.009386 0.001732
v -0.006640 0.009386 0.003091
v -0.004286 0.007886 0.001732
v -0.006640 0.007886 0.003091
v -0.004941 0.009386 0.006234
v -0.004941 0.007886 0.006234
v -0.004880 0.007886 0.005590
v -0.004880 0.009386 0.005590
v -0.004972 0.007886 0.004950
v -0.004972 0.009386 0.004950
v -0.005211 0.007886 0.004349
v -0.005211 0.009386 0.004349
v -0.005583 0.007886 0.003820
v -0.005583 0.009386 0.003820
v -0.006068 0.007886 0.003393
v -0.006068 0.009386 0.003393
v -0.004286 0.009386 0.006503
v -0.004286 0.007886 0.006503
v -0.004600 0.007886 0.006336
v -0.004600 0.009386 0.006336
v -0.016286 0.009386 0.012804
v -0.017266 0.009386 0.014500
v -0.016286 0.007886 0.012804
v -0.017266 0.007886 0.014500
v -0.015307 0.009386 0.014500
v -0.015307 0.007886 0.014500
v -0.022286 0.009386 0.012804
v -0.022286 0.009386 0.014500
v -0.022286 0.007886 0.012804
v -0.022286 0.005886 0.014500
v -0.022286 0.007886 0.012598
v -0.022286 0.007886 0.012500
v -0.022286 0.009386 -0.014500
v -0.022286 0.009386 -0.012804
v -0.022286 0.005886 -0.014500
v -0.022286 0.007886 -0.012804
v -0.022286 0.007886 -0.012500
v -0.021307 0.009386 0.014500
v -0.021307 0.007886 0.014500
v -0.022786 0.007886 0.012500
v -0.022786 0.005886 0.014500
v -0.023286 0.006593 0.014500
v -0.023286 0.008386 0.012707
v -0.022786 0.005886 -0.014500
v -0.022786 0.007886 -0.012500
v -0.021307 0.009386 -0.014500
v -0.021307 0.007886 -0.014500
v -0.022286 0.009386 0.009497
v -0.022286 0.007886 0.009497
v -0.021898 0.007886 0.009693
v -0.021898 0.009386 0.009693
v -0.021475 0.007886 0.009790
v -0.021475 0.009386 0.009790
v -0.022286 0.009386 0.011196
v -0.022286 0.007886 0.011196
v -0.019933 0.009386 0.003091
v -0.019933 0.007886 0.003091
v -0.020504 0.007886 0.003393
v -0.020504 0.009386 0.003393
v -0.020990 0.007886 0.003820
v -0.020990 0.009386 0.003820
v -0.021362 0.007886 0.004349
v -0.021362 0.009386 0.004349
v -0.021601 0.007886 0.004950
v -0.021601 0.009386 0.004950
v -0.021692 0.007886 0.005590
v -0.021692 0.009386 0.005590
v -0.021632 0.007886 0.006234
v -0.021632 0.009386 0.006234
v -0.022286 0.009386 0.001732
v -0.022286 0.007886 0.001732
v -0.022286 0.009386 0.006503
v -0.022286 0.007886 0.006503
v -0.021973 0.007886 0.006336
v -0.021973 0.009386 0.006336
v -0.010286 0.009386 -0.012804
v -0.009307 0.009386 -0.014500
v -0.010286 0.007886 -0.012804
v -0.009307 0.007886 -0.014500
v -0.011266 0.009386 -0.014500
v -0.011266 0.007886 -0.014500
v -0.004286 0.009386 -0.009497
v -0.004286 0.007886 -0.009497
v -0.004674 0.007886 -0.009693
v -0.004674 0.009386 -0.009693
v -0.005098 0.007886 -0.009790
v -0.005098 0.009386 -0.009790
v -0.004286 0.009386 -0.011196
v -0.004286 0.007886 -0.011196
v -0.015899 -0.011255 -0.016000
v -0.015899 -0.011255 -0.017300
v -0.015998 -0.011468 -0.016000
v -0.015998 -0.011468 -0.017300
v -0.016145 -0.011653 -0.016000
v -0.016145 -0.011653 -0.017300
v -0.016330 -0.011798 -0.016000
v -0.016330 -0.011798 -0.017300
v -0.016545 -0.011895 -0.016000
v -0.016545 -0.011895 -0.017300
v -0.016776 -0.011940 -0.016000
v -0.016776 -0.011940 -0.017300
v -0.017011 -0.011929 -0.016000
v -0.017011 -0.011929 -0.017300
v -0.017238 -0.011864 -0.016000
v -0.017238 -0.011864 -0.017300
v -0.017442 -0.011747 -0.016000
v -0.017442 -0.011747 -0.017300
v -0.015758 -0.010908 -0.016000
v -0.015758 -0.010908 -0.017300
v -0.015570 -0.010583 -0.016000
v -0.015570 -0.010583 -0.017300
v -0.011002 -0.010583 -0.017300
v -0.011002 -0.010583 -0.016000
v -0.010815 -0.010908 -0.016000
v -0.010815 -0.010908 -0.017300
v -0.010674 -0.011255 -0.016000
v -0.010674 -0.011255 -0.017300
v -0.015459 -0.010362 -0.017300
v -0.015459 -0.010362 -0.016000
v -0.015405 -0.010120 -0.017300
v -0.015405 -0.010120 -0.016000
v -0.015413 -0.009872 -0.017300
v -0.015413 -0.009872 -0.016000
v -0.015481 -0.009634 -0.017300
v -0.015481 -0.009634 -0.016000
v -0.015605 -0.009420 -0.017300
v -0.015605 -0.009420 -0.016000
v -0.015778 -0.009243 -0.017300
v -0.015778 -0.009243 -0.016000
v -0.016416 -0.008606 -0.016000
v -0.016416 -0.008606 -0.017300
v -0.010157 -0.008606 -0.016000
v -0.010795 -0.009243 -0.016000
v -0.010157 -0.008606 -0.017300
v -0.010795 -0.009243 -0.017300
v -0.017755 -0.008398 -0.016000
v -0.017755 -0.008398 -0.017300
v -0.017534 -0.008287 -0.016000
v -0.017534 -0.008287 -0.017300
v -0.017292 -0.008233 -0.016000
v -0.017292 -0.008233 -0.017300
v -0.017045 -0.008241 -0.016000
v -0.017045 -0.008241 -0.017300
v -0.016807 -0.008309 -0.016000
v -0.016807 -0.008309 -0.017300
v -0.016593 -0.008433 -0.016000
v -0.016593 -0.008433 -0.017300
v -0.018080 -0.008585 -0.016000
v -0.018080 -0.008585 -0.017300
v -0.018427 -0.008727 -0.016000
v -0.018427 -0.008727 -0.017300
v -0.019286 -0.003364 -0.017300
v -0.019286 -0.003364 -0.016000
v -0.018748 -0.003417 -0.016000
v -0.018748 -0.003417 -0.017300
v -0.018231 -0.003575 -0.016000
v -0.018231 -0.003575 -0.017300
v -0.017755 -0.003830 -0.016000
v -0.017755 -0.003830 -0.017300
v -0.017534 -0.003942 -0.017300
v -0.017534 -0.003942 -0.016000
v -0.017292 -0.003995 -0.017300
v -0.017292 -0.003995 -0.016000
v -0.017045 -0.003988 -0.017300
v -0.017045 -0.003988 -0.016000
v -0.016807 -0.003920 -0.017300
v -0.016807 -0.003920 -0.016000
v -0.016593 -0.003796 -0.017300
v -0.016593 -0.003796 -0.016000
v -0.016416 -0.003623 -0.017300
v -0.016416 -0.003623 -0.016000
v -0.010795 -0.002985 -0.016000
v -0.010157 -0.003623 -0.016000
v -0.010795 -0.002985 -0.017300
v -0.010157 -0.003623 -0.017300
v -0.015778 -0.002985 -0.016000
v -0.015778 -0.002985 -0.017300
v -0.008818 -0.003830 -0.016000
v -0.008818 -0.003830 -0.017300
v -0.009039 -0.003942 -0.016000
v -0.009039 -0.003942 -0.017300
v -0.009281 -0.003995 -0.016000
v -0.009281 -0.003995 -0.017300
v -0.009528 -0.003988 -0.016000
v -0.009528 -0.003988 -0.017300
v -0.009766 -0.003920 -0.016000
v -0.009766 -0.003920 -0.017300
v -0.009980 -0.003796 -0.016000
v -0.009980 -0.003796 -0.017300
v -0.008146 -0.008727 -0.017300
v -0.008146 -0.008727 -0.016000
v -0.008493 -0.008585 -0.016000
v -0.008493 -0.008585 -0.017300
v -0.008818 -0.008398 -0.016000
v -0.008818 -0.008398 -0.017300
v -0.008342 -0.003575 -0.016000
v -0.008342 -0.003575 -0.017300
v -0.007824 -0.003417 -0.016000
v -0.007824 -0.003417 -0.017300
v -0.007286 -0.003364 -0.016000
v -0.007286 -0.003364 -0.017300
v -0.009039 -0.008287 -0.017300
v -0.009039 -0.008287 -0.016000
v -0.009281 -0.008233 -0.017300
v -0.009281 -0.008233 -0.016000
v -0.009528 -0.008241 -0.017300
v -0.009528 -0.008241 -0.016000
v -0.009766 -0.008309 -0.017300
v -0.009766 -0.008309 -0.016000
v -0.009980 -0.008433 -0.017300
v -0.009980 -0.008433 -0.016000
v -0.007932 -0.008826 -0.016000
v -0.007932 -0.008826 -0.017300
v -0.007748 -0.008973 -0.016000
v -0.007748 -0.008973 -0.017300
v -0.007603 -0.009158 -0.016000
v -0.007603 -0.009158 -0.017300
v -0.007506 -0.009373 -0.016000
v -0.007506 -0.009373 -0.017300
v -0.007461 -0.009604 -0.016000
v -0.007461 -0.009604 -0.017300
v -0.007472 -0.009839 -0.016000
v -0.007472 -0.009839 -0.017300
v -0.007537 -0.010065 -0.016000
v -0.007537 -0.010065 -0.017300
v -0.007654 -0.010270 -0.016000
v -0.007654 -0.010270 -0.017300
v -0.009131 -0.011747 -0.017300
v -0.009131 -0.011747 -0.016000
v -0.008337 -0.011064 -0.017300
v -0.008337 -0.011064 -0.016000
v -0.009335 -0.011864 -0.016000
v -0.009335 -0.011864 -0.017300
v -0.009561 -0.011929 -0.016000
v -0.009561 -0.011929 -0.017300
v -0.009797 -0.011940 -0.016000
v -0.009797 -0.011940 -0.017300
v -0.010028 -0.011895 -0.016000
v -0.010028 -0.011895 -0.017300
v -0.010242 -0.011798 -0.016000
v -0.010242 -0.011798 -0.017300
v -0.010428 -0.011653 -0.016000
v -0.010428 -0.011653 -0.017300
v -0.010575 -0.011468 -0.016000
v -0.010575 -0.011468 -0.017300
v -0.006485 -0.003364 -0.017300
v -0.006485 -0.003364 -0.016000
v -0.005502 -0.002547 -0.016000
v -0.005502 -0.002547 -0.017300
v -0.005570 -0.002768 -0.016000
v -0.005570 -0.002768 -0.017300
v -0.005687 -0.002967 -0.016000
v -0.005687 -0.002967 -0.017300
v -0.005846 -0.003133 -0.016000
v -0.005846 -0.003133 -0.017300
v -0.006039 -0.003259 -0.016000
v -0.006039 -0.003259 -0.017300
v -0.006256 -0.003338 -0.016000
v -0.006256 -0.003338 -0.017300
v -0.004286 0.003978 -0.016000
v -0.004286 0.003978 -0.017300
v -0.004286 0.009586 -0.017300
v -0.004286 0.009586 -0.016000
v -0.011002 -0.001646 -0.017300
v -0.011002 -0.001646 -0.016000
v -0.011114 -0.001867 -0.017300
v -0.011114 -0.001867 -0.016000
v -0.011167 -0.002109 -0.017300
v -0.011167 -0.002109 -0.016000
v -0.011160 -0.002356 -0.017300
v -0.011160 -0.002356 -0.016000
v -0.011092 -0.002594 -0.017300
v -0.011092 -0.002594 -0.016000
v -0.010968 -0.002808 -0.017300
v -0.010968 -0.002808 -0.016000
v -0.010536 -0.000114 -0.017300
v -0.010536 -0.000114 -0.016000
v -0.010590 -0.000652 -0.016000
v -0.010590 -0.000652 -0.017300
v -0.010747 -0.001169 -0.016000
v -0.010747 -0.001169 -0.017300
v -0.015570 -0.001646 -0.017300
v -0.015570 -0.001646 -0.016000
v -0.015826 -0.001169 -0.016000
v -0.015826 -0.001169 -0.017300
v -0.015983 -0.000652 -0.016000
v -0.015983 -0.000652 -0.017300
v -0.016036 -0.000114 -0.016000
v -0.016036 -0.000114 -0.017300
v -0.015459 -0.001867 -0.016000
v -0.015459 -0.001867 -0.017300
v -0.015405 -0.002109 -0.016000
v -0.015405 -0.002109 -0.017300
v -0.015413 -0.002356 -0.016000
v -0.015413 -0.002356 -0.017300
v -0.015481 -0.002594 -0.016000
v -0.015481 -0.002594 -0.017300
v -0.015605 -0.002808 -0.016000
v -0.015605 -0.002808 -0.017300
v -0.016036 0.009586 -0.017300
v -0.016036 0.009586 -0.016000
v -0.020088 -0.003364 -0.016000
v -0.020088 -0.003364 -0.017300
v -0.020317 -0.003338 -0.016000
v -0.020317 -0.003338 -0.017300
v -0.020534 -0.003259 -0.016000
v -0.020534 -0.003259 -0.017300
v -0.020727 -0.003133 -0.016000
v -0.020727 -0.003133 -0.017300
v -0.020886 -0.002967 -0.016000
v -0.020886 -0.002967 -0.017300
v -0.021003 -0.002768 -0.016000
v -0.021003 -0.002768 -0.017300
v -0.021071 -0.002547 -0.016000
v -0.021071 -0.002547 -0.017300
v -0.022286 0.003978 -0.017300
v -0.022286 0.003978 -0.016000
v -0.022286 0.009586 -0.016000
v -0.022286 0.009586 -0.017300
v -0.011114 -0.010362 -0.016000
v -0.011114 -0.010362 -0.017300
v -0.011167 -0.010120 -0.016000
v -0.011167 -0.010120 -0.017300
v -0.011160 -0.009872 -0.016000
v -0.011160 -0.009872 -0.017300
v -0.011092 -0.009634 -0.016000
v -0.011092 -0.009634 -0.017300
v -0.010968 -0.009420 -0.016000
v -0.010968 -0.009420 -0.017300
v -0.007286 -0.005089 0.014500
v -0.007286 -0.005089 0.015800
v -0.007552 -0.005124 0.014500
v -0.007552 -0.005124 0.015800
v -0.007799 -0.005227 0.014500
v -0.007799 -0.005227 0.015800
v -0.008011 -0.005389 0.014500
v -0.008011 -0.005389 0.015800
v -0.008174 -0.005602 0.014500
v -0.008174 -0.005602 0.015800
v -0.008276 -0.005849 0.014500
v -0.008276 -0.005849 0.015800
v -0.008311 -0.006114 0.014500
v -0.008311 -0.006114 0.015800
v -0.008276 -0.006380 0.014500
v -0.008276 -0.006380 0.015800
v -0.008174 -0.006627 0.014500
v -0.008174 -0.006627 0.015800
v -0.008011 -0.006839 0.014500
v -0.008011 -0.006839 0.015800
v -0.007799 -0.007002 0.014500
v -0.007799 -0.007002 0.015800
v -0.007552 -0.007104 0.014500
v -0.007552 -0.007104 0.015800
v -0.007286 -0.007139 0.014500
v -0.007286 -0.007139 0.015800
v -0.007021 -0.007104 0.014500
v -0.007021 -0.007104 0.015800
v -0.006774 -0.007002 0.014500
v -0.006774 -0.007002 0.015800
v -0.006562 -0.006839 0.014500
v -0.006562 -0.006839 0.015800
v -0.006399 -0.006627 0.014500
v -0.006399 -0.006627 0.015800
v -0.006296 -0.006380 0.014500
v -0.006296 -0.006380 0.015800
v -0.006261 -0.006114 0.014500
v -0.006261 -0.006114 0.015800
v -0.006296 -0.005849 0.014500
v -0.006296 -0.005849 0.015800
v -0.006399 -0.005602 0.014500
v -0.006399 -0.005602 0.015800
v -0.006562 -0.005389 0.014500
v -0.006562 -0.005389 0.015800
v -0.006774 -0.005227 0.014500
v -0.006774 -0.005227 0.015800
v -0.007021 -0.005124 0.014500
v -0.007021 -0.005124 0.015800
v -0.019286 -0.007139 0.014500
v -0.019286 -0.007139 0.015800
v -0.019021 -0.007104 0.014500
v -0.019021 -0.007104 0.015800
v -0.018774 -0.007002 0.014500
v -0.018774 -0.007002 0.015800
v -0.018562 -0.006839 0.014500
v -0.018562 -0.006839 0.015800
v -0.018399 -0.006627 0.014500
v -0.018399 -0.006627 0.015800
v -0.018296 -0.006380 0.014500
v -0.018296 -0.006380 0.015800
v -0.018261 -0.006114 0.014500
v -0.018261 -0.006114 0.015800
v -0.018296 -0.005849 0.014500
v -0.018296 -0.005849 0.015800
v -0.018399 -0.005602 0.014500
v -0.018399 -0.005602 0.015800
v -0.018562 -0.005389 0.014500
v -0.018562 -0.005389 0.015800
v -0.018774 -0.005227 0.014500
v -0.018774 -0.005227 0.015800
v -0.019021 -0.005124 0.014500
v -0.019021 -0.005124 0.015800
v -0.019286 -0.005089 0.014500
v -0.019286 -0.005089 0.015800
v -0.019552 -0.005124 0.014500
v -0.019552 -0.005124 0.015800
v -0.019799 -0.005227 0.014500
v -0.019799 -0.005227 0.015800
v -0.020011 -0.005389 0.014500
v -0.020011 -0.005389 0.015800
v -0.020174 -0.005602 0.014500
v -0.020174 -0.005602 0.015800
v -0.020276 -0.005849 0.014500
v -0.020276 -0.005849 0.015800
v -0.020311 -0.006114 0.014500
v -0.020311 -0.006114 0.015800
v -0.020276 -0.006380 0.014500
v -0.020276 -0.006380 0.015800
v -0.020174 -0.006627 0.014500
v -0.020174 -0.006627 0.015800
v -0.020011 -0.006839 0.014500
v -0.020011 -0.006839 0.015800
v -0.019799 -0.007002 0.014500
v -0.019799 -0.007002 0.015800
v -0.019552 -0.007104 0.014500
v -0.019552 -0.007104 0.015800
v -0.010688 -0.007614 0.017300
v -0.011070 -0.008136 0.014500
v -0.011165 -0.008236 0.017300
v -0.011165 -0.008236 0.014500
v -0.011786 -0.008712 0.017300
v -0.011786 -0.008712 0.014500
v -0.012510 -0.009012 0.017300
v -0.012510 -0.009012 0.014500
v -0.013286 -0.009114 0.017300
v -0.013286 -0.009114 0.014500
v -0.014063 -0.009012 0.017300
v -0.014063 -0.009012 0.014500
v -0.014786 -0.008712 0.017300
v -0.014786 -0.008712 0.014500
v -0.015408 -0.008236 0.017300
v -0.015408 -0.008236 0.014500
v -0.015884 -0.007614 0.017300
v -0.015884 -0.007614 0.014500
v -0.016184 -0.006891 0.017300
v -0.016184 -0.006891 0.014500
v -0.016286 -0.006114 0.017300
v -0.016286 -0.006114 0.014500
v -0.016184 -0.005338 0.017300
v -0.016184 -0.005338 0.014500
v -0.015884 -0.004614 0.017300
v -0.015884 -0.004614 0.014500
v -0.015408 -0.003993 0.017300
v -0.015408 -0.003993 0.014500
v -0.015308 -0.003898 0.014500
v -0.014786 -0.003516 0.017300
v -0.014786 -0.003516 0.014500
v -0.014063 -0.003216 0.017300
v -0.014063 -0.003216 0.014500
v -0.013286 -0.003114 0.017300
v -0.013286 -0.003114 0.014500
v -0.012510 -0.003216 0.017300
v -0.012510 -0.003216 0.014500
v -0.011786 -0.003516 0.017300
v -0.011786 -0.003516 0.014500
v -0.011165 -0.003993 0.017300
v -0.011165 -0.003993 0.014500
v -0.010688 -0.004614 0.017300
v -0.010688 -0.004614 0.014500
v -0.010389 -0.005338 0.017300
v -0.010389 -0.005338 0.014500
v -0.010286 -0.006114 0.017300
v -0.010286 -0.006114 0.014500
v -0.010389 -0.006891 0.017300
v -0.010389 -0.006891 0.014500
v -0.010688 -0.007614 0.014500
v -0.011536 -0.000114 0.015800
v -0.011536 -0.000114 0.017300
v -0.011536 0.009586 0.015800
v -0.011536 0.009586 0.017300
v -0.015036 -0.000114 0.015800
v -0.015036 -0.000114 0.017300
v -0.014977 -0.000567 0.015800
v -0.014977 -0.000567 0.017300
v -0.014802 -0.000989 0.015800
v -0.014802 -0.000989 0.017300
v -0.014524 -0.001352 0.015800
v -0.014524 -0.001352 0.017300
v -0.014161 -0.001630 0.015800
v -0.014161 -0.001630 0.017300
v -0.013739 -0.001805 0.015800
v -0.013739 -0.001805 0.017300
v -0.013286 -0.001864 0.015800
v -0.013286 -0.001864 0.017300
v -0.012833 -0.001805 0.015800
v -0.012833 -0.001805 0.017300
v -0.012411 -0.001630 0.015800
v -0.012411 -0.001630 0.017300
v -0.012049 -0.001352 0.015800
v -0.012049 -0.001352 0.017300
v -0.011771 -0.000989 0.015800
v -0.011771 -0.000989 0.017300
v -0.011596 -0.000567 0.015800
v -0.011596 -0.000567 0.017300
v -0.015036 0.009586 0.017300
v -0.015036 0.009586 0.015800
v -0.019036 -0.010065 0.016000
v -0.018919 -0.010270 0.016000
v -0.018427 -0.008727 0.016000
v -0.018236 -0.011064 0.016000
v -0.017442 -0.011747 0.016000
v -0.016776 -0.011940 0.016000
v -0.018080 -0.008585 0.016000
v -0.016545 -0.011895 0.016000
v -0.016330 -0.011798 0.016000
v -0.016145 -0.011653 0.016000
v -0.015998 -0.011468 0.016000
v -0.015899 -0.011255 0.016000
v -0.015758 -0.010908 0.016000
v -0.015778 -0.009243 0.016000
v -0.016416 -0.008606 0.016000
v -0.017238 -0.011864 0.016000
v -0.017011 -0.011929 0.016000
v -0.015570 -0.010583 0.016000
v -0.015459 -0.010362 0.016000
v -0.015405 -0.010120 0.016000
v -0.015413 -0.009872 0.016000
v -0.015481 -0.009634 0.016000
v -0.015605 -0.009420 0.016000
v -0.016593 -0.008433 0.016000
v -0.016807 -0.008309 0.016000
v -0.017045 -0.008241 0.016000
v -0.019067 -0.009373 0.016000
v -0.019112 -0.009604 0.016000
v -0.019101 -0.009839 0.016000
v -0.017292 -0.008233 0.016000
v -0.017534 -0.008287 0.016000
v -0.017755 -0.008398 0.016000
v -0.018641 -0.008826 0.016000
v -0.018825 -0.008973 0.016000
v -0.018970 -0.009158 0.016000
v -0.011002 -0.010583 0.016000
v -0.010815 -0.010908 0.016000
v -0.010795 -0.009243 0.016000
v -0.010157 -0.008606 0.016000
v -0.008146 -0.008727 0.016000
v -0.008493 -0.008585 0.016000
v -0.009797 -0.011940 0.016000
v -0.009980 -0.008433 0.016000
v -0.009039 -0.008287 0.016000
v -0.009561 -0.011929 0.016000
v -0.009335 -0.011864 0.016000
v -0.009131 -0.011747 0.016000
v -0.008337 -0.011064 0.016000
v -0.007654 -0.010270 0.016000
v -0.007537 -0.010065 0.016000
v -0.010674 -0.011255 0.016000
v -0.010575 -0.011468 0.016000
v -0.010428 -0.011653 0.016000
v -0.010242 -0.011798 0.016000
v -0.010028 -0.011895 0.016000
v -0.008818 -0.008398 0.016000
v -0.011160 -0.009872 0.016000
v -0.011092 -0.009634 0.016000
v -0.010968 -0.009420 0.016000
v -0.011167 -0.010120 0.016000
v -0.011114 -0.010362 0.016000
v -0.007472 -0.009839 0.016000
v -0.007461 -0.009604 0.016000
v -0.007506 -0.009373 0.016000
v -0.007603 -0.009158 0.016000
v -0.007748 -0.008973 0.016000
v -0.007932 -0.008826 0.016000
v -0.009766 -0.008309 0.016000
v -0.009281 -0.008233 0.016000
v -0.009528 -0.008241 0.016000
v -0.010536 -0.000114 0.016000
v -0.010590 -0.000652 0.016000
v -0.008342 -0.003575 0.016000
v -0.010747 -0.001169 0.016000
v -0.010536 0.009586 0.016000
v -0.007824 -0.003417 0.016000
v -0.007286 -0.003364 0.016000
v -0.010795 -0.002985 0.016000
v -0.010157 -0.003623 0.016000
v -0.008818 -0.003830 0.016000
v -0.009039 -0.003942 0.016000
v -0.005502 -0.002547 0.016000
v -0.004286 0.003978 0.016000
v -0.004286 0.009586 0.016000
v -0.006485 -0.003364 0.016000
v -0.006256 -0.003338 0.016000
v -0.006039 -0.003259 0.016000
v -0.011002 -0.001646 0.016000
v -0.011114 -0.001867 0.016000
v -0.011167 -0.002109 0.016000
v -0.011160 -0.002356 0.016000
v -0.011092 -0.002594 0.016000
v -0.010968 -0.002808 0.016000
v -0.005846 -0.003133 0.016000
v -0.005687 -0.002967 0.016000
v -0.005570 -0.002768 0.016000
v -0.009980 -0.003796 0.016000
v -0.009766 -0.003920 0.016000
v -0.009281 -0.003995 0.016000
v -0.009528 -0.003988 0.016000
v -0.008818 -0.003830 0.017300
v -0.009039 -0.003942 0.017300
v -0.009281 -0.003995 0.017300
v -0.009528 -0.003988 0.017300
v -0.009766 -0.003920 0.017300
v -0.009980 -0.003796 0.017300
v -0.010157 -0.003623 0.017300
v -0.008146 -0.008727 0.017300
v -0.008493 -0.008585 0.017300
v -0.008818 -0.008398 0.017300
v -0.008342 -0.003575 0.017300
v -0.007824 -0.003417 0.017300
v -0.007286 -0.003364 0.017300
v -0.009039 -0.008287 0.017300
v -0.009281 -0.008233 0.017300
v -0.009528 -0.008241 0.017300
v -0.009766 -0.008309 0.017300
v -0.009980 -0.008433 0.017300
v -0.010157 -0.008606 0.017300
v -0.007932 -0.008826 0.017300
v -0.007748 -0.008973 0.017300
v -0.007603 -0.009158 0.017300
v -0.007506 -0.009373 0.017300
v -0.007461 -0.009604 0.017300
v -0.007472 -0.009839 0.017300
v -0.007537 -0.010065 0.017300
v -0.007654 -0.010270 0.017300
v -0.009131 -0.011747 0.017300
v -0.008337 -0.011064 0.017300
v -0.009335 -0.011864 0.017300
v -0.009561 -0.011929 0.017300
v -0.009797 -0.011940 0.017300
v -0.010028 -0.011895 0.017300
v -0.010242 -0.011798 0.017300
v -0.010428 -0.011653 0.017300
v -0.010575 -0.011468 0.017300
v -0.010674 -0.011255 0.017300
v -0.006485 -0.003364 0.017300
v -0.005502 -0.002547 0.017300
v -0.005570 -0.002768 0.017300
v -0.005687 -0.002967 0.017300
v -0.005846 -0.003133 0.017300
v -0.006039 -0.003259 0.017300
v -0.006256 -0.003338 0.017300
v -0.004286 0.003978 0.017300
v -0.022286 0.003978 0.017300
v -0.022286 0.003978 0.016000
v -0.022286 0.009586 0.017300
v -0.022286 0.009586 0.016000
v -0.011002 -0.010583 0.017300
v -0.011114 -0.010362 0.017300
v -0.011167 -0.010120 0.017300
v -0.011160 -0.009872 0.017300
v -0.011092 -0.009634 0.017300
v -0.010968 -0.009420 0.017300
v -0.010795 -0.009243 0.017300
v -0.021071 -0.002547 0.016000
v -0.021071 -0.002547 0.017300
v -0.020088 -0.003364 0.017300
v -0.020088 -0.003364 0.016000
v -0.020317 -0.003338 0.017300
v -0.020317 -0.003338 0.016000
v -0.020534 -0.003259 0.017300
v -0.020534 -0.003259 0.016000
v -0.020727 -0.003133 0.017300
v -0.020727 -0.003133 0.016000
v -0.020886 -0.002967 0.017300
v -0.020886 -0.002967 0.016000
v -0.021003 -0.002768 0.017300
v -0.021003 -0.002768 0.016000
v -0.019286 -0.003364 0.017300
v -0.019286 -0.003364 0.016000
v -0.004286 0.009586 0.017300
v -0.010536 -0.000114 0.017300
v -0.010536 0.009586 0.017300
v -0.011002 -0.001646 0.017300
v -0.011114 -0.001867 0.017300
v -0.011167 -0.002109 0.017300
v -0.011160 -0.002356 0.017300
v -0.011092 -0.002594 0.017300
v -0.010968 -0.002808 0.017300
v -0.010795 -0.002985 0.017300
v -0.010590 -0.000652 0.017300
v -0.010747 -0.001169 0.017300
v -0.015570 -0.001646 0.016000
v -0.015570 -0.001646 0.017300
v -0.015826 -0.001169 0.017300
v -0.015826 -0.001169 0.016000
v -0.015983 -0.000652 0.017300
v -0.015983 -0.000652 0.016000
v -0.016036 -0.000114 0.017300
v -0.016036 -0.000114 0.016000
v -0.015459 -0.001867 0.017300
v -0.015459 -0.001867 0.016000
v -0.015405 -0.002109 0.017300
v -0.015405 -0.002109 0.016000
v -0.015413 -0.002356 0.017300
v -0.015413 -0.002356 0.016000
v -0.015481 -0.002594 0.017300
v -0.015481 -0.002594 0.016000
v -0.015605 -0.002808 0.017300
v -0.015605 -0.002808 0.016000
v -0.015778 -0.002985 0.017300
v -0.015778 -0.002985 0.016000
v -0.016416 -0.003623 0.017300
v -0.016416 -0.003623 0.016000
v -0.017755 -0.003830 0.016000
v -0.017755 -0.003830 0.017300
v -0.017534 -0.003942 0.016000
v -0.017534 -0.003942 0.017300
v -0.017292 -0.003995 0.016000
v -0.017292 -0.003995 0.017300
v -0.017045 -0.003988 0.016000
v -0.017045 -0.003988 0.017300
v -0.016807 -0.003920 0.016000
v -0.016807 -0.003920 0.017300
v -0.016593 -0.003796 0.016000
v -0.016593 -0.003796 0.017300
v -0.017755 -0.008398 0.017300
v -0.018080 -0.008585 0.017300
v -0.018427 -0.008727 0.017300
v -0.018748 -0.003417 0.017300
v -0.018748 -0.003417 0.016000
v -0.018231 -0.003575 0.017300
v -0.018231 -0.003575 0.016000
v -0.017534 -0.008287 0.017300
v -0.017292 -0.008233 0.017300
v -0.017045 -0.008241 0.017300
v -0.016807 -0.008309 0.017300
v -0.016593 -0.008433 0.017300
v -0.016416 -0.008606 0.017300
v -0.015778 -0.009243 0.017300
v -0.015570 -0.010583 0.017300
v -0.015459 -0.010362 0.017300
v -0.015405 -0.010120 0.017300
v -0.015413 -0.009872 0.017300
v -0.015481 -0.009634 0.017300
v -0.015605 -0.009420 0.017300
v -0.010815 -0.010908 0.017300
v -0.015899 -0.011255 0.017300
v -0.015758 -0.010908 0.017300
v -0.015998 -0.011468 0.017300
v -0.016145 -0.011653 0.017300
v -0.016330 -0.011798 0.017300
v -0.016545 -0.011895 0.017300
v -0.016776 -0.011940 0.017300
v -0.017011 -0.011929 0.017300
v -0.017238 -0.011864 0.017300
v -0.017442 -0.011747 0.017300
v -0.018919 -0.010270 0.017300
v -0.018236 -0.011064 0.017300
v -0.019036 -0.010065 0.017300
v -0.019101 -0.009839 0.017300
v -0.019112 -0.009604 0.017300
v -0.019067 -0.009373 0.017300
v -0.018970 -0.009158 0.017300
v -0.018825 -0.008973 0.017300
v -0.018641 -0.008826 0.017300
v -0.016036 0.009586 0.016000
v -0.018919 -0.010270 -0.017300
v -0.018919 -0.010270 -0.016000
v -0.018236 -0.011064 -0.017300
v -0.018236 -0.011064 -0.016000
v -0.019036 -0.010065 -0.016000
v -0.019036 -0.010065 -0.017300
v -0.019101 -0.009839 -0.016000
v -0.019101 -0.009839 -0.017300
v -0.019112 -0.009604 -0.016000
v -0.019112 -0.009604 -0.017300
v -0.019067 -0.009373 -0.016000
v -0.019067 -0.009373 -0.017300
v -0.018970 -0.009158 -0.016000
v -0.018970 -0.009158 -0.017300
v -0.018825 -0.008973 -0.016000
v -0.018825 -0.008973 -0.017300
v -0.018641 -0.008826 -0.016000
v -0.018641 -0.008826 -0.017300
v -0.010536 0.009586 -0.016000
v -0.011536 -0.000114 -0.017300
v -0.011536 -0.000114 -0.015800
v -0.011536 0.009586 -0.017300
v -0.011536 0.009586 -0.015800
v -0.015036 -0.000114 -0.017300
v -0.015036 -0.000114 -0.015800
v -0.014977 -0.000567 -0.017300
v -0.014977 -0.000567 -0.015800
v -0.014802 -0.000989 -0.017300
v -0.014802 -0.000989 -0.015800
v -0.014524 -0.001352 -0.017300
v -0.014524 -0.001352 -0.015800
v -0.014161 -0.001630 -0.017300
v -0.014161 -0.001630 -0.015800
v -0.013739 -0.001805 -0.017300
v -0.013739 -0.001805 -0.015800
v -0.013286 -0.001864 -0.017300
v -0.013286 -0.001864 -0.015800
v -0.012833 -0.001805 -0.017300
v -0.012833 -0.001805 -0.015800
v -0.012411 -0.001630 -0.017300
v -0.012411 -0.001630 -0.015800
v -0.012049 -0.001352 -0.017300
v -0.012049 -0.001352 -0.015800
v -0.011771 -0.000989 -0.017300
v -0.011771 -0.000989 -0.015800
v -0.011596 -0.000567 -0.017300
v -0.011596 -0.000567 -0.015800
v -0.015036 0.009586 -0.015800
v -0.015036 0.009586 -0.017300
v -0.014786 -0.003516 -0.017300
v -0.015308 -0.003898 -0.014500
v -0.015408 -0.003993 -0.017300
v -0.015408 -0.003993 -0.014500
v -0.015884 -0.004614 -0.017300
v -0.015884 -0.004614 -0.014500
v -0.016184 -0.005338 -0.017300
v -0.016184 -0.005338 -0.014500
v -0.016286 -0.006114 -0.017300
v -0.016286 -0.006114 -0.014500
v -0.016184 -0.006891 -0.017300
v -0.016184 -0.006891 -0.014500
v -0.015884 -0.007614 -0.017300
v -0.015884 -0.007614 -0.014500
v -0.015408 -0.008236 -0.017300
v -0.015408 -0.008236 -0.014500
v -0.014786 -0.008712 -0.017300
v -0.014786 -0.008712 -0.014500
v -0.014063 -0.009012 -0.017300
v -0.014063 -0.009012 -0.014500
v -0.013286 -0.009114 -0.017300
v -0.013286 -0.009114 -0.014500
v -0.012510 -0.009012 -0.017300
v -0.012510 -0.009012 -0.014500
v -0.011786 -0.008712 -0.017300
v -0.011786 -0.008712 -0.014500
v -0.011165 -0.008236 -0.017300
v -0.011165 -0.008236 -0.014500
v -0.011070 -0.008136 -0.014500
v -0.010688 -0.007614 -0.017300
v -0.010688 -0.007614 -0.014500
v -0.010389 -0.006891 -0.017300
v -0.010389 -0.006891 -0.014500
v -0.010286 -0.006114 -0.017300
v -0.010286 -0.006114 -0.014500
v -0.010389 -0.005338 -0.017300
v -0.010389 -0.005338 -0.014500
v -0.010688 -0.004614 -0.017300
v -0.010688 -0.004614 -0.014500
v -0.011165 -0.003993 -0.017300
v -0.011165 -0.003993 -0.014500
v -0.011786 -0.003516 -0.017300
v -0.011786 -0.003516 -0.014500
v -0.012510 -0.003216 -0.017300
v -0.012510 -0.003216 -0.014500
v -0.013286 -0.003114 -0.017300
v -0.013286 -0.003114 -0.014500
v -0.014063 -0.003216 -0.017300
v -0.014063 -0.003216 -0.014500
v -0.014786 -0.003516 -0.014500
v -0.019286 -0.007139 -0.015800
v -0.019286 -0.007139 -0.014500
v -0.019021 -0.007104 -0.015800
v -0.019021 -0.007104 -0.014500
v -0.018774 -0.007002 -0.015800
v -0.018774 -0.007002 -0.014500
v -0.018562 -0.006839 -0.015800
v -0.018562 -0.006839 -0.014500
v -0.018399 -0.006627 -0.015800
v -0.018399 -0.006627 -0.014500
v -0.018296 -0.006380 -0.015800
v -0.018296 -0.006380 -0.014500
v -0.018261 -0.006114 -0.015800
v -0.018261 -0.006114 -0.014500
v -0.018296 -0.005849 -0.015800
v -0.018296 -0.005849 -0.014500
v -0.018399 -0.005602 -0.015800
v -0.018399 -0.005602 -0.014500
v -0.018562 -0.005389 -0.015800
v -0.018562 -0.005389 -0.014500
v -0.018774 -0.005227 -0.015800
v -0.018774 -0.005227 -0.014500
v -0.019021 -0.005124 -0.015800
v -0.019021 -0.005124 -0.014500
v -0.019286 -0.005089 -0.015800
v -0.019286 -0.005089 -0.014500
v -0.019552 -0.005124 -0.015800
v -0.019552 -0.005124 -0.014500
v -0.019799 -0.005227 -0.015800
v -0.019799 -0.005227 -0.014500
v -0.020011 -0.005389 -0.015800
v -0.020011 -0.005389 -0.014500
v -0.020174 -0.005602 -0.015800
v -0.020174 -0.005602 -0.014500
v -0.020276 -0.005849 -0.015800
v -0.020276 -0.005849 -0.014500
v -0.020311 -0.006114 -0.015800
v -0.020311 -0.006114 -0.014500
v -0.020276 -0.006380 -0.015800
v -0.020276 -0.006380 -0.014500
v -0.020174 -0.006627 -0.015800
v -0.020174 -0.006627 -0.014500
v -0.020011 -0.006839 -0.015800
v -0.020011 -0.006839 -0.014500
v -0.019799 -0.007002 -0.015800
v -0.019799 -0.007002 -0.014500
v -0.019552 -0.007104 -0.015800
v -0.019552 -0.007104 -0.014500
v -0.007286 -0.005089 -0.015800
v -0.007286 -0.005089 -0.014500
v -0.007552 -0.005124 -0.015800
v -0.007552 -0.005124 -0.014500
v -0.007799 -0.005227 -0.015800
v -0.007799 -0.005227 -0.014500
v -0.008011 -0.005389 -0.015800
v -0.008011 -0.005389 -0.014500
v -0.008174 -0.005602 -0.015800
v -0.008174 -0.005602 -0.014500
v -0.008276 -0.005849 -0.015800
v -0.008276 -0.005849 -0.014500
v -0.008311 -0.006114 -0.015800
v -0.008311 -0.006114 -0.014500
v -0.008276 -0.006380 -0.015800
v -0.008276 -0.006380 -0.014500
v -0.008174 -0.006627 -0.015800
v -0.008174 -0.006627 -0.014500
v -0.008011 -0.006839 -0.015800
v -0.008011 -0.006839 -0.014500
v -0.007799 -0.007002 -0.015800
v -0.007799 -0.007002 -0.014500
v -0.007552 -0.007104 -0.015800
v -0.007552 -0.007104 -0.014500
v -0.007286 -0.007139 -0.015800
v -0.007286 -0.007139 -0.014500
v -0.007021 -0.007104 -0.015800
v -0.007021 -0.007104 -0.014500
v -0.006774 -0.007002 -0.015800
v -0.006774 -0.007002 -0.014500
v -0.006562 -0.006839 -0.015800
v -0.006562 -0.006839 -0.014500
v -0.006399 -0.006627 -0.015800
v -0.006399 -0.006627 -0.014500
v -0.006296 -0.006380 -0.015800
v -0.006296 -0.006380 -0.014500
v -0.006261 -0.006114 -0.015800
v -0.006261 -0.006114 -0.014500
v -0.006296 -0.005849 -0.015800
v -0.006296 -0.005849 -0.014500
v -0.006399 -0.005602 -0.015800
v -0.006399 -0.005602 -0.014500
v -0.006562 -0.005389 -0.015800
v -0.006562 -0.005389 -0.014500
v -0.006774 -0.005227 -0.015800
v -0.006774 -0.005227 -0.014500
v -0.007021 -0.005124 -0.015800
v -0.007021 -0.005124 -0.014500
v -0.003286 0.009961 0.017000
v -0.003286 0.010586 0.016376
v -0.003586 0.010086 0.017300
v -0.003586 0.010886 0.016500
v -0.022786 0.010886 0.016500
v -0.022986 0.010886 0.016500
v -0.022986 0.010086 0.017300
v -0.020700 0.010086 0.017300
v -0.015219 0.010086 0.017300
v -0.003786 0.010886 0.016500
v -0.005872 0.010086 0.017300
v -0.011354 0.010086 0.017300
v -0.023286 0.009961 0.017000
v -0.023286 0.010586 0.016376
v -0.023286 0.010586 -0.016376
v -0.022986 0.010886 -0.016500
v -0.007286 0.009686 -0.013025
v -0.007552 0.009686 -0.012990
v -0.007799 0.009686 -0.012888
v -0.008011 0.009686 -0.012725
v -0.008174 0.009686 -0.012513
v -0.008276 0.009686 -0.012265
v -0.008311 0.009686 -0.012000
v -0.008276 0.009686 -0.011735
v -0.008174 0.009686 -0.011487
v -0.008011 0.009686 -0.011275
v -0.007799 0.009686 -0.011112
v -0.007552 0.009686 -0.011010
v -0.007286 0.009686 -0.010975
v -0.007021 0.009686 -0.011010
v -0.006774 0.009686 -0.011112
v -0.006562 0.009686 -0.011275
v -0.006399 0.009686 -0.011487
v -0.006296 0.009686 -0.011735
v -0.006261 0.009686 -0.012000
v -0.006296 0.009686 -0.012265
v -0.006399 0.009686 -0.012513
v -0.006562 0.009686 -0.012725
v -0.006774 0.009686 -0.012888
v -0.007021 0.009686 -0.012990
v -0.013286 0.009686 -0.013025
v -0.013552 0.009686 -0.012990
v -0.013799 0.009686 -0.012888
v -0.014011 0.009686 -0.012725
v -0.014174 0.009686 -0.012513
v -0.014276 0.009686 -0.012265
v -0.014311 0.009686 -0.012000
v -0.014276 0.009686 -0.011735
v -0.014174 0.009686 -0.011487
v -0.014011 0.009686 -0.011275
v -0.013799 0.009686 -0.011112
v -0.013552 0.009686 -0.011010
v -0.013286 0.009686 -0.010975
v -0.013021 0.009686 -0.011010
v -0.012774 0.009686 -0.011112
v -0.012562 0.009686 -0.011275
v -0.012399 0.009686 -0.011487
v -0.012296 0.009686 -0.011735
v -0.012261 0.009686 -0.012000
v -0.012296 0.009686 -0.012265
v -0.012399 0.009686 -0.012513
v -0.012562 0.009686 -0.012725
v -0.012774 0.009686 -0.012888
v -0.013021 0.009686 -0.012990
v -0.019286 0.009686 -0.013025
v -0.019552 0.009686 -0.012990
v -0.019799 0.009686 -0.012888
v -0.020011 0.009686 -0.012725
v -0.020174 0.009686 -0.012513
v -0.020276 0.009686 -0.012265
v -0.020311 0.009686 -0.012000
v -0.020276 0.009686 -0.011735
v -0.020174 0.009686 -0.011487
v -0.020011 0.009686 -0.011275
v -0.019799 0.009686 -0.011112
v -0.019552 0.009686 -0.011010
v -0.019286 0.009686 -0.010975
v -0.019021 0.009686 -0.011010
v -0.018774 0.009686 -0.011112
v -0.018562 0.009686 -0.011275
v -0.018399 0.009686 -0.011487
v -0.018296 0.009686 -0.011735
v -0.018261 0.009686 -0.012000
v -0.018296 0.009686 -0.012265
v -0.018399 0.009686 -0.012513
v -0.018562 0.009686 -0.012725
v -0.018774 0.009686 -0.012888
v -0.019021 0.009686 -0.012990
v -0.007286 0.009686 0.010975
v -0.007552 0.009686 0.011010
v -0.007799 0.009686 0.011112
v -0.008011 0.009686 0.011275
v -0.008174 0.009686 0.011487
v -0.008276 0.009686 0.011735
v -0.008311 0.009686 0.012000
v -0.008276 0.009686 0.012265
v -0.008174 0.009686 0.012513
v -0.008011 0.009686 0.012725
v -0.007799 0.009686 0.012888
v -0.007552 0.009686 0.012990
v -0.007286 0.009686 0.013025
v -0.007021 0.009686 0.012990
v -0.006774 0.009686 0.012888
v -0.006562 0.009686 0.012725
v -0.006399 0.009686 0.012513
v -0.006296 0.009686 0.012265
v -0.006261 0.009686 0.012000
v -0.006296 0.009686 0.011735
v -0.006399 0.009686 0.011487
v -0.006562 0.009686 0.011275
v -0.006774 0.009686 0.011112
v -0.007021 0.009686 0.011010
v -0.013286 0.009686 0.010975
v -0.013552 0.009686 0.011010
v -0.013799 0.009686 0.011112
v -0.014011 0.009686 0.011275
v -0.014174 0.009686 0.011487
v -0.014276 0.009686 0.011735
v -0.014311 0.009686 0.012000
v -0.014276 0.009686 0.012265
v -0.014174 0.009686 0.012513
v -0.014011 0.009686 0.012725
v -0.013799 0.009686 0.012888
v -0.013552 0.009686 0.012990
v -0.013286 0.009686 0.013025
v -0.013021 0.009686 0.012990
v -0.012774 0.009686 0.012888
v -0.012562 0.009686 0.012725
v -0.012399 0.009686 0.012513
v -0.012296 0.009686 0.012265
v -0.012261 0.009686 0.012000
v -0.012296 0.009686 0.011735
v -0.012399 0.009686 0.011487
v -0.012562 0.009686 0.011275
v -0.012774 0.009686 0.011112
v -0.013021 0.009686 0.011010
v -0.019286 0.009686 0.010975
v -0.019552 0.009686 0.011010
v -0.019799 0.009686 0.011112
v -0.020011 0.009686 0.011275
v -0.020174 0.009686 0.011487
v -0.020276 0.009686 0.011735
v -0.020311 0.009686 0.012000
v -0.020276 0.009686 0.012265
v -0.020174 0.009686 0.012513
v -0.020011 0.009686 0.012725
v -0.019799 0.009686 0.012888
v -0.019552 0.009686 0.012990
v -0.019286 0.009686 0.013025
v -0.019021 0.009686 0.012990
v -0.018774 0.009686 0.012888
v -0.018562 0.009686 0.012725
v -0.018399 0.009686 0.012513
v -0.018296 0.009686 0.012265
v -0.018261 0.009686 0.012000
v -0.018296 0.009686 0.011735
v -0.018399 0.009686 0.011487
v -0.018562 0.009686 0.011275
v -0.018774 0.009686 0.011112
v -0.019021 0.009686 0.011010
v -0.010286 0.009686 -0.010025
v -0.010286 0.010886 -0.010025
v -0.010552 0.009686 -0.009990
v -0.010552 0.010886 -0.009990
v -0.010799 0.009686 -0.009888
v -0.010799 0.010886 -0.009888
v -0.011011 0.009686 -0.009725
v -0.011011 0.010886 -0.009725
v -0.011174 0.009686 -0.009512
v -0.011174 0.010886 -0.009512
v -0.011276 0.009686 -0.009265
v -0.011276 0.010886 -0.009265
v -0.011311 0.009686 -0.009000
v -0.011311 0.010886 -0.009000
v -0.011276 0.009686 -0.008735
v -0.011276 0.010886 -0.008735
v -0.011174 0.009686 -0.008488
v -0.011174 0.010886 -0.008488
v -0.011011 0.009686 -0.008275
v -0.011011 0.010886 -0.008275
v -0.010799 0.009686 -0.008112
v -0.010799 0.010886 -0.008112
v -0.010552 0.009686 -0.008010
v -0.010552 0.010886 -0.008010
v -0.010286 0.009686 -0.007975
v -0.010286 0.010886 -0.007975
v -0.010021 0.009686 -0.008010
v -0.010021 0.010886 -0.008010
v -0.009774 0.009686 -0.008112
v -0.009774 0.010886 -0.008112
v -0.009562 0.009686 -0.008275
v -0.009562 0.010886 -0.008275
v -0.009399 0.009686 -0.008488
v -0.009399 0.010886 -0.008488
v -0.009296 0.009686 -0.008735
v -0.009296 0.010886 -0.008735
v -0.009261 0.009686 -0.009000
v -0.009261 0.010886 -0.009000
v -0.009296 0.009686 -0.009265
v -0.009296 0.010886 -0.009265
v -0.009399 0.009686 -0.009512
v -0.009399 0.010886 -0.009512
v -0.009562 0.009686 -0.009725
v -0.009562 0.010886 -0.009725
v -0.009774 0.009686 -0.009888
v -0.009774 0.010886 -0.009888
v -0.010021 0.009686 -0.009990
v -0.010021 0.010886 -0.009990
v -0.016286 0.009686 -0.010025
v -0.016286 0.010886 -0.010025
v -0.016552 0.009686 -0.009990
v -0.016552 0.010886 -0.009990
v -0.016799 0.009686 -0.009888
v -0.016799 0.010886 -0.009888
v -0.017011 0.009686 -0.009725
v -0.017011 0.010886 -0.009725
v -0.017174 0.009686 -0.009512
v -0.017174 0.010886 -0.009512
v -0.017276 0.009686 -0.009265
v -0.017276 0.010886 -0.009265
v -0.017311 0.009686 -0.009000
v -0.017311 0.010886 -0.009000
v -0.017276 0.009686 -0.008735
v -0.017276 0.010886 -0.008735
v -0.017174 0.009686 -0.008488
v -0.017174 0.010886 -0.008488
v -0.017011 0.009686 -0.008275
v -0.017011 0.010886 -0.008275
v -0.016799 0.009686 -0.008112
v -0.016799 0.010886 -0.008112
v -0.016552 0.009686 -0.008010
v -0.016552 0.010886 -0.008010
v -0.016286 0.009686 -0.007975
v -0.016286 0.010886 -0.007975
v -0.016021 0.009686 -0.008010
v -0.016021 0.010886 -0.008010
v -0.015774 0.009686 -0.008112
v -0.015774 0.010886 -0.008112
v -0.015562 0.009686 -0.008275
v -0.015562 0.010886 -0.008275
v -0.015399 0.009686 -0.008488
v -0.015399 0.010886 -0.008488
v -0.015296 0.009686 -0.008735
v -0.015296 0.010886 -0.008735
v -0.015261 0.009686 -0.009000
v -0.015261 0.010886 -0.009000
v -0.015296 0.009686 -0.009265
v -0.015296 0.010886 -0.009265
v -0.015399 0.009686 -0.009512
v -0.015399 0.010886 -0.009512
v -0.015562 0.009686 -0.009725
v -0.015562 0.010886 -0.009725
v -0.015774 0.009686 -0.009888
v -0.015774 0.010886 -0.009888
v -0.016021 0.009686 -0.009990
v -0.016021 0.010886 -0.009990
v -0.010286 0.009686 0.007975
v -0.010286 0.010886 0.007975
v -0.010552 0.009686 0.008010
v -0.010552 0.010886 0.008010
v -0.010799 0.009686 0.008112
v -0.010799 0.010886 0.008112
v -0.011011 0.009686 0.008275
v -0.011011 0.010886 0.008275
v -0.011174 0.009686 0.008488
v -0.011174 0.010886 0.008488
v -0.011276 0.009686 0.008735
v -0.011276 0.010886 0.008735
v -0.011311 0.009686 0.009000
v -0.011311 0.010886 0.009000
v -0.011276 0.009686 0.009265
v -0.011276 0.010886 0.009265
v -0.011174 0.009686 0.009512
v -0.011174 0.010886 0.009512
v -0.011011 0.009686 0.009725
v -0.011011 0.010886 0.009725
v -0.010799 0.009686 0.009888
v -0.010799 0.010886 0.009888
v -0.010552 0.009686 0.009990
v -0.010552 0.010886 0.009990
v -0.010286 0.009686 0.010025
v -0.010286 0.010886 0.010025
v -0.010021 0.009686 0.009990
v -0.010021 0.010886 0.009990
v -0.009774 0.009686 0.009888
v -0.009774 0.010886 0.009888
v -0.009562 0.009686 0.009725
v -0.009562 0.010886 0.009725
v -0.009399 0.009686 0.009512
v -0.009399 0.010886 0.009512
v -0.009296 0.009686 0.009265
v -0.009296 0.010886 0.009265
v -0.009261 0.009686 0.009000
v -0.009261 0.010886 0.009000
v -0.009296 0.009686 0.008735
v -0.009296 0.010886 0.008735
v -0.009399 0.009686 0.008488
v -0.009399 0.010886 0.008488
v -0.009562 0.009686 0.008275
v -0.009562 0.010886 0.008275
v -0.009774 0.009686 0.008112
v -0.009774 0.010886 0.008112
v -0.010021 0.009686 0.008010
v -0.010021 0.010886 0.008010
v -0.016286 0.009686 0.007975
v -0.016286 0.010886 0.007975
v -0.016552 0.009686 0.008010
v -0.016552 0.010886 0.008010
v -0.016799 0.009686 0.008112
v -0.016799 0.010886 0.008112
v -0.017011 0.009686 0.008275
v -0.017011 0.010886 0.008275
v -0.017174 0.009686 0.008488
v -0.017174 0.010886 0.008488
v -0.017276 0.009686 0.008735
v -0.017276 0.010886 0.008735
v -0.017311 0.009686 0.009000
v -0.017311 0.010886 0.009000
v -0.017276 0.009686 0.009265
v -0.017276 0.010886 0.009265
v -0.017174 0.009686 0.009512
v -0.017174 0.010886 0.009512
v -0.017011 0.009686 0.009725
v -0.017011 0.010886 0.009725
v -0.016799 0.009686 0.009888
v -0.016799 0.010886 0.009888
v -0.016552 0.009686 0.009990
v -0.016552 0.010886 0.009990
v -0.016286 0.009686 0.010025
v -0.016286 0.010886 0.010025
v -0.016021 0.009686 0.009990
v -0.016021 0.010886 0.009990
v -0.015774 0.009686 0.009888
v -0.015774 0.010886 0.009888
v -0.015562 0.009686 0.009725
v -0.015562 0.010886 0.009725
v -0.015399 0.009686 0.009512
v -0.015399 0.010886 0.009512
v -0.015296 0.009686 0.009265
v -0.015296 0.010886 0.009265
v -0.015261 0.009686 0.009000
v -0.015261 0.010886 0.009000
v -0.015296 0.009686 0.008735
v -0.015296 0.010886 0.008735
v -0.015399 0.009686 0.008488
v -0.015399 0.010886 0.008488
v -0.015562 0.009686 0.008275
v -0.015562 0.010886 0.008275
v -0.015774 0.009686 0.008112
v -0.015774 0.010886 0.008112
v -0.016021 0.009686 0.008010
v -0.016021 0.010886 0.008010
v -0.019968 0.009686 0.005657
v -0.019933 0.009686 0.005392
v -0.019831 0.009686 0.005144
v -0.019668 0.009686 0.004932
v -0.019456 0.009686 0.004769
v -0.019209 0.009686 0.004667
v -0.018943 0.009686 0.004632
v -0.018678 0.009686 0.004667
v -0.018431 0.009686 0.004769
v -0.018218 0.009686 0.004932
v -0.018056 0.009686 0.005144
v -0.017953 0.009686 0.005392
v -0.017918 0.009686 0.005657
v -0.017953 0.009686 0.005922
v -0.018056 0.009686 0.006169
v -0.018218 0.009686 0.006382
v -0.018431 0.009686 0.006545
v -0.018678 0.009686 0.006647
v -0.018943 0.009686 0.006682
v -0.019209 0.009686 0.006647
v -0.019456 0.009686 0.006545
v -0.019668 0.009686 0.006382
v -0.019831 0.009686 0.006169
v -0.019933 0.009686 0.005922
v -0.008655 0.009686 0.005657
v -0.008620 0.009686 0.005392
v -0.008517 0.009686 0.005144
v -0.008354 0.009686 0.004932
v -0.008142 0.009686 0.004769
v -0.007895 0.009686 0.004667
v -0.007630 0.009686 0.004632
v -0.007364 0.009686 0.004667
v -0.007117 0.009686 0.004769
v -0.006905 0.009686 0.004932
v -0.006742 0.009686 0.005144
v -0.006639 0.009686 0.005392
v -0.006605 0.009686 0.005657
v -0.006639 0.009686 0.005922
v -0.006742 0.009686 0.006169
v -0.006905 0.009686 0.006382
v -0.007117 0.009686 0.006545
v -0.007364 0.009686 0.006647
v -0.007630 0.009686 0.006682
v -0.007895 0.009686 0.006647
v -0.008142 0.009686 0.006545
v -0.008354 0.009686 0.006382
v -0.008517 0.009686 0.006169
v -0.008620 0.009686 0.005922
v -0.019968 0.009686 -0.005657
v -0.019933 0.009686 -0.005922
v -0.019831 0.009686 -0.006169
v -0.019668 0.009686 -0.006382
v -0.019456 0.009686 -0.006545
v -0.019209 0.009686 -0.006647
v -0.018943 0.009686 -0.006682
v -0.018678 0.009686 -0.006647
v -0.018431 0.009686 -0.006545
v -0.018218 0.009686 -0.006382
v -0.018056 0.009686 -0.006169
v -0.017953 0.009686 -0.005922
v -0.017918 0.009686 -0.005657
v -0.017953 0.009686 -0.005392
v -0.018056 0.009686 -0.005144
v -0.018218 0.009686 -0.004932
v -0.018431 0.009686 -0.004769
v -0.018678 0.009686 -0.004667
v -0.018943 0.009686 -0.004632
v -0.019209 0.009686 -0.004667
v -0.019456 0.009686 -0.004769
v -0.019668 0.009686 -0.004932
v -0.019831 0.009686 -0.005144
v -0.019933 0.009686 -0.005392
v -0.008655 0.009686 -0.005657
v -0.008620 0.009686 -0.005922
v -0.008517 0.009686 -0.006169
v -0.008354 0.009686 -0.006382
v -0.008142 0.009686 -0.006545
v -0.007895 0.009686 -0.006647
v -0.007630 0.009686 -0.006682
v -0.007364 0.009686 -0.006647
v -0.007117 0.009686 -0.006545
v -0.006905 0.009686 -0.006382
v -0.006742 0.009686 -0.006169
v -0.006639 0.009686 -0.005922
v -0.006605 0.009686 -0.005657
v -0.006639 0.009686 -0.005392
v -0.006742 0.009686 -0.005144
v -0.006905 0.009686 -0.004932
v -0.007117 0.009686 -0.004769
v -0.007364 0.009686 -0.004667
v -0.007630 0.009686 -0.004632
v -0.007895 0.009686 -0.004667
v -0.008142 0.009686 -0.004769
v -0.008354 0.009686 -0.004932
v -0.008517 0.009686 -0.005144
v -0.008620 0.009686 -0.005392
v -0.007286 0.009686 0.001025
v -0.007286 0.010886 0.001025
v -0.007021 0.009686 0.000990
v -0.007021 0.010886 0.000990
v -0.006774 0.009686 0.000888
v -0.006774 0.010886 0.000888
v -0.006562 0.009686 0.000725
v -0.006562 0.010886 0.000725
v -0.006399 0.009686 0.000513
v -0.006399 0.010886 0.000513
v -0.006296 0.009686 0.000265
v -0.006296 0.010886 0.000265
v -0.006261 0.009686 -0.000000
v -0.006261 0.010886 -0.000000
v -0.006296 0.009686 -0.000265
v -0.006296 0.010886 -0.000265
v -0.006399 0.009686 -0.000513
v -0.006399 0.010886 -0.000513
v -0.006562 0.009686 -0.000725
v -0.006562 0.010886 -0.000725
v -0.006774 0.009686 -0.000888
v -0.006774 0.010886 -0.000888
v -0.007021 0.009686 -0.000990
v -0.007021 0.010886 -0.000990
v -0.007286 0.009686 -0.001025
v -0.007286 0.010886 -0.001025
v -0.007552 0.009686 -0.000990
v -0.007552 0.010886 -0.000990
v -0.007799 0.009686 -0.000888
v -0.007799 0.010886 -0.000888
v -0.008011 0.009686 -0.000725
v -0.008011 0.010886 -0.000725
v -0.008174 0.009686 -0.000513
v -0.008174 0.010886 -0.000513
v -0.008276 0.009686 -0.000265
v -0.008276 0.010886 -0.000265
v -0.008311 0.009686 -0.000000
v -0.008311 0.010886 -0.000000
v -0.008276 0.009686 0.000265
v -0.008276 0.010886 0.000265
v -0.008174 0.009686 0.000513
v -0.008174 0.010886 0.000513
v -0.008011 0.009686 0.000725
v -0.008011 0.010886 0.000725
v -0.007799 0.009686 0.000888
v -0.007799 0.010886 0.000888
v -0.007552 0.009686 0.000990
v -0.007552 0.010886 0.000990
v -0.014311 0.009686 0.006000
v -0.014276 0.009686 0.006265
v -0.014174 0.009686 0.006512
v -0.014011 0.009686 0.006725
v -0.013799 0.009686 0.006888
v -0.013552 0.009686 0.006990
v -0.013286 0.009686 0.007025
v -0.013021 0.009686 0.006990
v -0.012774 0.009686 0.006888
v -0.012562 0.009686 0.006725
v -0.012399 0.009686 0.006512
v -0.012296 0.009686 0.006265
v -0.012261 0.009686 0.006000
v -0.012296 0.009686 0.005735
v -0.012399 0.009686 0.005488
v -0.012562 0.009686 0.005275
v -0.012774 0.009686 0.005112
v -0.013021 0.009686 0.005010
v -0.013286 0.009686 0.004975
v -0.013552 0.009686 0.005010
v -0.013799 0.009686 0.005112
v -0.014011 0.009686 0.005275
v -0.014174 0.009686 0.005488
v -0.014276 0.009686 0.005735
v -0.019286 0.009686 -0.001025
v -0.019286 0.010886 -0.001025
v -0.019552 0.009686 -0.000990
v -0.019552 0.010886 -0.000990
v -0.019799 0.009686 -0.000888
v -0.019799 0.010886 -0.000888
v -0.020011 0.009686 -0.000725
v -0.020011 0.010886 -0.000725
v -0.020174 0.009686 -0.000513
v -0.020174 0.010886 -0.000513
v -0.020276 0.009686 -0.000265
v -0.020276 0.010886 -0.000265
v -0.020311 0.009686 -0.000000
v -0.020311 0.010886 -0.000000
v -0.020276 0.009686 0.000265
v -0.020276 0.010886 0.000265
v -0.020174 0.009686 0.000513
v -0.020174 0.010886 0.000513
v -0.020011 0.009686 0.000725
v -0.020011 0.010886 0.000725
v -0.019799 0.009686 0.000888
v -0.019799 0.010886 0.000888
v -0.019552 0.009686 0.000990
v -0.019552 0.010886 0.000990
v -0.019286 0.009686 0.001025
v -0.019286 0.010886 0.001025
v -0.019021 0.009686 0.000990
v -0.019021 0.010886 0.000990
v -0.018774 0.009686 0.000888
v -0.018774 0.010886 0.000888
v -0.018562 0.009686 0.000725
v -0.018562 0.010886 0.000725
v -0.018399 0.009686 0.000513
v -0.018399 0.010886 0.000513
v -0.018296 0.009686 0.000265
v -0.018296 0.010886 0.000265
v -0.018261 0.009686 -0.000000
v -0.018261 0.010886 -0.000000
v -0.018296 0.009686 -0.000265
v -0.018296 0.010886 -0.000265
v -0.018399 0.009686 -0.000513
v -0.018399 0.010886 -0.000513
v -0.018562 0.009686 -0.000725
v -0.018562 0.010886 -0.000725
v -0.018774 0.009686 -0.000888
v -0.018774 0.010886 -0.000888
v -0.019021 0.009686 -0.000990
v -0.019021 0.010886 -0.000990
v -0.012261 0.009686 -0.006000
v -0.012296 0.009686 -0.006265
v -0.012399 0.009686 -0.006512
v -0.012562 0.009686 -0.006725
v -0.012774 0.009686 -0.006888
v -0.013021 0.009686 -0.006990
v -0.013286 0.009686 -0.007025
v -0.013552 0.009686 -0.006990
v -0.013799 0.009686 -0.006888
v -0.014011 0.009686 -0.006725
v -0.014174 0.009686 -0.006512
v -0.014276 0.009686 -0.006265
v -0.014311 0.009686 -0.006000
v -0.014276 0.009686 -0.005735
v -0.014174 0.009686 -0.005488
v -0.014011 0.009686 -0.005275
v -0.013799 0.009686 -0.005112
v -0.013552 0.009686 -0.005010
v -0.013286 0.009686 -0.004975
v -0.013021 0.009686 -0.005010
v -0.012774 0.009686 -0.005112
v -0.012562 0.009686 -0.005275
v -0.012399 0.009686 -0.005488
v -0.012296 0.009686 -0.005735
v -0.014035 0.007886 0.010000
v -0.014035 0.009686 0.010000
v -0.014112 0.009686 0.009990
v -0.014112 0.007886 0.009990
v -0.014185 0.009686 0.009960
v -0.014185 0.007886 0.009960
v -0.014247 0.009686 0.009912
v -0.014247 0.007886 0.009912
v -0.014295 0.009686 0.009850
v -0.014295 0.007886 0.009850
v -0.014325 0.009686 0.009778
v -0.014325 0.007886 0.009778
v -0.014335 0.009686 0.009700
v -0.014335 0.007886 0.009700
v -0.014325 0.009686 0.009622
v -0.014325 0.007886 0.009622
v -0.014295 0.007886 0.009550
v -0.014324 0.009686 0.009619
v -0.014295 0.009686 0.009550
v -0.013977 0.007886 0.009000
v -0.013977 0.009686 0.009000
v -0.014295 0.007886 0.008450
v -0.014295 0.009686 0.008450
v -0.014035 0.009686 0.008000
v -0.014035 0.007886 0.008000
v -0.014112 0.007886 0.008010
v -0.014112 0.009686 0.008010
v -0.014185 0.007886 0.008040
v -0.014185 0.009686 0.008040
v -0.014247 0.007886 0.008088
v -0.014247 0.009686 0.008088
v -0.014295 0.007886 0.008150
v -0.014295 0.009686 0.008150
v -0.014325 0.007886 0.008222
v -0.014325 0.009686 0.008222
v -0.014335 0.007886 0.008300
v -0.014335 0.009686 0.008300
v -0.014325 0.007886 0.008378
v -0.014325 0.009686 0.008378
v -0.014324 0.009686 0.008381
v -0.013536 0.009686 0.007880
v -0.013536 0.009386 0.007880
v -0.013536 0.009686 0.007927
v -0.013536 0.007886 0.008000
v -0.013536 0.009686 0.008000
v -0.013036 0.007886 0.008000
v -0.013036 0.009386 0.007880
v -0.013036 0.009686 0.007880
v -0.013036 0.009686 0.008000
v -0.013036 0.009686 0.007927
v -0.012538 0.007886 0.008000
v -0.012538 0.009686 0.008000
v -0.012460 0.009686 0.008010
v -0.012460 0.007886 0.008010
v -0.012388 0.009686 0.008040
v -0.012388 0.007886 0.008040
v -0.012326 0.009686 0.008088
v -0.012326 0.007886 0.008088
v -0.012278 0.009686 0.008150
v -0.012278 0.007886 0.008150
v -0.012248 0.009686 0.008222
v -0.012248 0.007886 0.008222
v -0.012238 0.009686 0.008300
v -0.012238 0.007886 0.008300
v -0.012248 0.009686 0.008378
v -0.012248 0.007886 0.008378
v -0.012278 0.009686 0.008450
v -0.012278 0.007886 0.008450
v -0.012596 0.007886 0.009000
v -0.012596 0.009686 0.009000
v -0.012278 0.007886 0.009550
v -0.012278 0.009686 0.009550
v -0.012538 0.009686 0.010000
v -0.012538 0.007886 0.010000
v -0.012460 0.007886 0.009990
v -0.012460 0.009686 0.009990
v -0.012388 0.007886 0.009960
v -0.012388 0.009686 0.009960
v -0.012326 0.007886 0.009912
v -0.012326 0.009686 0.009912
v -0.012278 0.007886 0.009850
v -0.012278 0.009686 0.009850
v -0.012248 0.007886 0.009778
v -0.012248 0.009686 0.009778
v -0.012238 0.007886 0.009700
v -0.012238 0.009686 0.009700
v -0.012248 0.007886 0.009622
v -0.012248 0.009686 0.009622
v -0.007036 0.009686 0.010120
v -0.007036 0.009386 0.010120
v -0.007036 0.009686 0.010073
v -0.007036 0.007886 0.010000
v -0.007036 0.009686 0.010000
v -0.007536 0.007886 0.010000
v -0.007536 0.009386 0.010120
v -0.007536 0.009686 0.010120
v -0.007536 0.009686 0.010000
v -0.007536 0.009686 0.010073
v -0.008035 0.007886 0.010000
v -0.008035 0.009686 0.010000
v -0.008112 0.009686 0.009990
v -0.008112 0.007886 0.009990
v -0.008185 0.009686 0.009960
v -0.008185 0.007886 0.009960
v -0.008247 0.009686 0.009912
v -0.008247 0.007886 0.009912
v -0.008295 0.009686 0.009850
v -0.008295 0.007886 0.009850
v -0.008325 0.009686 0.009778
v -0.008325 0.007886 0.009778
v -0.008335 0.009686 0.009700
v -0.008335 0.007886 0.009700
v -0.008325 0.009686 0.009622
v -0.008325 0.007886 0.009622
v -0.008295 0.009686 0.009550
v -0.008295 0.007886 0.009550
v -0.007977 0.007886 0.009000
v -0.007977 0.009686 0.009000
v -0.008766 0.007886 0.007634
v -0.008766 0.009686 0.007634
v -0.008431 0.007886 0.007212
v -0.008431 0.009686 0.007212
v -0.008964 0.009686 0.006789
v -0.008964 0.007886 0.006789
v -0.009207 0.009686 0.006414
v -0.009207 0.007886 0.006414
v -0.009348 0.009686 0.005989
v -0.009348 0.007886 0.005989
v -0.009376 0.009686 0.005543
v -0.009376 0.007886 0.005543
v -0.009290 0.009686 0.005105
v -0.009290 0.007886 0.005105
v -0.009096 0.009686 0.004702
v -0.009096 0.007886 0.004702
v -0.008806 0.009686 0.004361
v -0.008806 0.007886 0.004361
v -0.008440 0.009686 0.004106
v -0.008440 0.007886 0.004106
v -0.008020 0.009686 0.003951
v -0.008020 0.007886 0.003951
v -0.007575 0.009686 0.003908
v -0.007575 0.007886 0.003908
v -0.007134 0.009686 0.003979
v -0.007134 0.007886 0.003979
v -0.006725 0.009686 0.004159
v -0.006725 0.007886 0.004159
v -0.006375 0.009686 0.004437
v -0.006375 0.007886 0.004437
v -0.006107 0.009686 0.004795
v -0.006107 0.007886 0.004795
v -0.005938 0.009686 0.005209
v -0.005938 0.007886 0.005209
v -0.005880 0.009686 0.005652
v -0.005880 0.007886 0.005652
v -0.005935 0.009686 0.006096
v -0.005935 0.007886 0.006096
v -0.006102 0.009686 0.006511
v -0.006102 0.007886 0.006511
v -0.006368 0.009686 0.006870
v -0.006368 0.007886 0.006870
v -0.006717 0.009686 0.007150
v -0.006717 0.007886 0.007150
v -0.007125 0.009686 0.007332
v -0.007125 0.007886 0.007332
v -0.007566 0.009686 0.007406
v -0.007566 0.007886 0.007406
v -0.008011 0.009686 0.007365
v -0.008011 0.007886 0.007365
v -0.009132 0.007886 0.007000
v -0.009132 0.009686 0.007000
v -0.010036 0.007886 0.007000
v -0.010036 0.009686 0.007000
v -0.010036 0.009386 0.007120
v -0.010036 0.009686 0.007120
v -0.010536 0.007886 0.007000
v -0.010536 0.009386 0.007120
v -0.010536 0.009686 0.007120
v -0.010536 0.009686 0.007000
v -0.017286 0.008016 -0.001155
v -0.017269 0.008032 -0.001155
v -0.017286 0.009686 -0.001155
v -0.017206 0.008105 -0.001155
v -0.017186 0.008136 -0.001155
v -0.017180 0.008146 -0.001155
v -0.017135 0.008252 -0.001155
v -0.017134 0.008256 -0.001155
v -0.017123 0.008304 -0.001155
v -0.017116 0.008386 -0.001155
v -0.017116 0.009686 -0.001155
v -0.018070 0.007886 -0.001607
v -0.018070 0.009686 -0.001607
v -0.018130 0.009386 -0.001503
v -0.018130 0.009686 -0.001503
v -0.018503 0.007886 -0.001857
v -0.018563 0.009386 -0.001753
v -0.018563 0.009686 -0.001753
v -0.018503 0.009686 -0.001857
v -0.021286 0.007886 -0.000250
v -0.021286 0.009686 -0.000250
v -0.021166 0.009386 -0.000250
v -0.021166 0.009686 -0.000250
v -0.021286 0.007886 -0.000000
v -0.021166 0.009386 0.000250
v -0.021286 0.007886 0.000250
v -0.021166 0.009686 0.000250
v -0.021286 0.009686 0.000250
v -0.018503 0.007886 0.001857
v -0.018503 0.009686 0.001857
v -0.018563 0.009386 0.001753
v -0.018563 0.009686 0.001753
v -0.018070 0.007886 0.001607
v -0.018130 0.009386 0.001503
v -0.018130 0.009686 0.001503
v -0.018070 0.009686 0.001607
v -0.022286 0.009386 -0.006503
v -0.022286 0.009386 -0.001732
v -0.022286 0.007886 -0.006503
v -0.022286 0.007886 -0.001732
v -0.021973 0.007886 -0.006336
v -0.021973 0.009386 -0.006336
v -0.021632 0.007886 -0.006234
v -0.021632 0.009386 -0.006234
v -0.021692 0.007886 -0.005590
v -0.021692 0.009386 -0.005590
v -0.021601 0.007886 -0.004950
v -0.021601 0.009386 -0.004950
v -0.021362 0.007886 -0.004349
v -0.021362 0.009386 -0.004349
v -0.020990 0.007886 -0.003820
v -0.020990 0.009386 -0.003820
v -0.020504 0.007886 -0.003393
v -0.020504 0.009386 -0.003393
v -0.019933 0.007886 -0.003091
v -0.019933 0.009386 -0.003091
v -0.021475 0.009386 -0.009790
v -0.022286 0.009386 -0.011196
v -0.021475 0.007886 -0.009790
v -0.022286 0.007886 -0.011196
v -0.021898 0.007886 -0.009693
v -0.021898 0.009386 -0.009693
v -0.022286 0.007886 -0.009497
v -0.022286 0.009386 -0.009497
v -0.016286 0.009386 -0.012804
v -0.015307 0.009386 -0.014500
v -0.016286 0.007886 -0.012804
v -0.015307 0.007886 -0.014500
v -0.017266 0.009386 -0.014500
v -0.017266 0.007886 -0.014500
v -0.004941 0.009386 -0.006234
v -0.004941 0.007886 -0.006234
v -0.004600 0.007886 -0.006336
v -0.004600 0.009386 -0.006336
v -0.004286 0.007886 -0.006503
v -0.004286 0.009386 -0.006503
v -0.004286 0.009386 -0.001732
v -0.004286 0.007886 -0.001732
v -0.006640 0.009386 -0.003091
v -0.006640 0.007886 -0.003091
v -0.006068 0.007886 -0.003393
v -0.006068 0.009386 -0.003393
v -0.005583 0.007886 -0.003820
v -0.005583 0.009386 -0.003820
v -0.005211 0.007886 -0.004349
v -0.005211 0.009386 -0.004349
v -0.004972 0.007886 -0.004950
v -0.004972 0.009386 -0.004950
v -0.004880 0.007886 -0.005590
v -0.004880 0.009386 -0.005590
v -0.011035 0.007886 0.007000
v -0.011035 0.009686 0.007000
v -0.011112 0.009686 0.006990
v -0.011112 0.007886 0.006990
v -0.011185 0.009686 0.006960
v -0.011185 0.007886 0.006960
v -0.011247 0.009686 0.006912
v -0.011247 0.007886 0.006912
v -0.011295 0.009686 0.006850
v -0.011295 0.007886 0.006850
v -0.011325 0.009686 0.006778
v -0.011325 0.007886 0.006778
v -0.011335 0.009686 0.006700
v -0.011335 0.007886 0.006700
v -0.011325 0.009686 0.006622
v -0.011325 0.007886 0.006622
v -0.011295 0.009686 0.006550
v -0.011295 0.007886 0.006550
v -0.010977 0.007886 0.006000
v -0.010977 0.009686 0.006000
v -0.011429 0.007886 0.005217
v -0.011429 0.009686 0.005217
v -0.011533 0.009386 0.005277
v -0.011533 0.009686 0.005277
v -0.011679 0.007886 0.004783
v -0.011783 0.009386 0.004843
v -0.011783 0.009686 0.004843
v -0.011679 0.009686 0.004783
v -0.012132 0.009686 0.004000
v -0.012132 0.008016 0.004000
v -0.012087 0.007953 0.004077
v -0.012081 0.007946 0.004087
v -0.012057 0.007924 0.004129
v -0.012025 0.007903 0.004185
v -0.011997 0.007892 0.004232
v -0.011959 0.007886 0.004300
v -0.012132 0.009686 0.003830
v -0.012132 0.008386 0.003830
v -0.012132 0.008273 0.003843
v -0.012132 0.008256 0.003848
v -0.012132 0.008225 0.003857
v -0.012132 0.008136 0.003900
v -0.012132 0.008121 0.003909
v -0.012132 0.008083 0.003936
v -0.012132 0.008032 0.003982
v -0.011286 0.008386 0.003464
v -0.011278 0.008256 0.003479
v -0.011253 0.008136 0.003522
v -0.011213 0.008032 0.003591
v -0.011161 0.007953 0.003681
v -0.011101 0.007903 0.003785
v -0.011036 0.007886 0.003897
v -0.011286 0.009386 0.003464
v -0.010328 0.009386 0.005125
v -0.010328 0.007886 0.005125
v -0.008162 0.009386 0.002959
v -0.008162 0.007886 0.002959
v -0.008778 0.007886 0.003158
v -0.008778 0.009386 0.003158
v -0.009331 0.007886 0.003497
v -0.009331 0.009386 0.003497
v -0.009790 0.007886 0.003955
v -0.009790 0.009386 0.003955
v -0.010128 0.007886 0.004508
v -0.010128 0.009386 0.004508
v -0.009822 0.009386 0.002000
v -0.009822 0.008386 0.002000
v -0.009606 0.007953 0.002125
v -0.009501 0.007903 0.002185
v -0.009389 0.007886 0.002250
v -0.009808 0.008256 0.002009
v -0.009764 0.008136 0.002033
v -0.009695 0.008032 0.002073
v -0.009393 0.008146 0.001155
v -0.009387 0.008136 0.001155
v -0.009304 0.008032 0.001155
v -0.009286 0.008016 0.001155
v -0.009233 0.007969 0.001186
v -0.009367 0.008105 0.001155
v -0.009457 0.008386 0.001155
v -0.009450 0.008304 0.001155
v -0.009439 0.008256 0.001155
v -0.009438 0.008252 0.001155
v -0.008987 0.007886 0.001328
v -0.009094 0.007900 0.001266
v -0.009209 0.007953 0.001199
v -0.009137 0.007915 0.001241
v -0.009102 0.007903 0.001261
v -0.009286 0.009686 0.001155
v -0.009457 0.009686 0.001155
v -0.008503 0.007886 0.001607
v -0.008503 0.009686 0.001607
v -0.008443 0.009386 0.001503
v -0.008443 0.009686 0.001503
v -0.008070 0.007886 0.001857
v -0.008010 0.009386 0.001753
v -0.008010 0.009686 0.001753
v -0.008070 0.009686 0.001857
v -0.007286 0.007886 0.002309
v -0.007286 0.009686 0.002309
v -0.005286 0.007886 0.001155
v -0.005286 0.009686 0.001155
v -0.005286 0.007886 0.000250
v -0.005286 0.009686 0.000250
v -0.005406 0.009386 0.000250
v -0.005406 0.009686 0.000250
v -0.005286 0.007886 -0.000000
v -0.005406 0.009386 -0.000250
v -0.005286 0.007886 -0.000250
v -0.005406 0.009686 -0.000250
v -0.005286 0.009686 -0.000250
v -0.005286 0.007886 -0.001155
v -0.005286 0.009686 -0.001155
v -0.007286 0.007886 -0.002309
v -0.007286 0.009686 -0.002309
v -0.008070 0.007886 -0.001857
v -0.008070 0.009686 -0.001857
v -0.008010 0.009386 -0.001753
v -0.008010 0.009686 -0.001753
v -0.008503 0.007886 -0.001607
v -0.008443 0.009386 -0.001503
v -0.008443 0.009686 -0.001503
v -0.008503 0.009686 -0.001607
v -0.009286 0.009686 -0.001155
v -0.009286 0.008016 -0.001155
v -0.009209 0.007953 -0.001199
v -0.009199 0.007946 -0.001205
v -0.009158 0.007924 -0.001229
v -0.009102 0.007903 -0.001261
v -0.009054 0.007892 -0.001289
v -0.008987 0.007886 -0.001328
v -0.009457 0.009686 -0.001155
v -0.009457 0.008386 -0.001155
v -0.009443 0.008273 -0.001155
v -0.009439 0.008256 -0.001155
v -0.009429 0.008225 -0.001155
v -0.009387 0.008136 -0.001155
v -0.009377 0.008121 -0.001155
v -0.009350 0.008083 -0.001155
v -0.009304 0.008032 -0.001155
v -0.009822 0.008386 -0.002000
v -0.009808 0.008256 -0.002009
v -0.009764 0.008136 -0.002033
v -0.009695 0.008032 -0.002073
v -0.009606 0.007953 -0.002125
v -0.009501 0.007903 -0.002185
v -0.009389 0.007886 -0.002250
v -0.009822 0.009386 -0.002000
v -0.010458 0.009386 0.002828
v -0.010458 0.009386 -0.002828
v -0.018411 0.009386 -0.002959
v -0.017794 0.009386 -0.003158
v -0.016751 0.009386 -0.002000
v -0.017241 0.009386 -0.003497
v -0.016115 0.009386 -0.002828
v -0.016783 0.009386 -0.003955
v -0.015286 0.009386 -0.003464
v -0.016445 0.009386 -0.004508
v -0.016245 0.009386 -0.005125
v -0.016245 0.009386 0.005125
v -0.016445 0.009386 0.004508
v -0.015286 0.009386 0.003464
v -0.016783 0.009386 0.003955
v -0.016115 0.009386 0.002828
v -0.017241 0.009386 0.003497
v -0.016751 0.009386 0.002000
v -0.017794 0.009386 0.003158
v -0.018411 0.009386 0.002959
v -0.014441 0.008146 0.003894
v -0.014441 0.008136 0.003900
v -0.015320 0.008136 0.003522
v -0.014441 0.008032 0.003982
v -0.014441 0.008016 0.004000
v -0.015360 0.008032 0.003591
v -0.014472 0.007969 0.004054
v -0.015411 0.007953 0.003681
v -0.014441 0.008105 0.003920
v -0.015295 0.008256 0.003479
v -0.015286 0.008386 0.003464
v -0.014441 0.008386 0.003830
v -0.014441 0.008304 0.003837
v -0.014441 0.008256 0.003848
v -0.014441 0.008252 0.003849
v -0.014614 0.007886 0.004300
v -0.015536 0.007886 0.003897
v -0.014552 0.007900 0.004193
v -0.015472 0.007903 0.003785
v -0.014486 0.007953 0.004077
v -0.014527 0.007915 0.004149
v -0.014548 0.007903 0.004185
v -0.016245 0.007886 0.005125
v -0.016445 0.007886 0.004508
v -0.016783 0.007886 0.003955
v -0.017241 0.007886 0.003497
v -0.017794 0.007886 0.003158
v -0.018411 0.007886 0.002959
v -0.016765 0.008256 0.002009
v -0.016751 0.008386 0.002000
v -0.017184 0.007886 0.002250
v -0.017071 0.007903 0.002185
v -0.016967 0.007953 0.002125
v -0.016877 0.008032 0.002073
v -0.016809 0.008136 0.002033
v -0.017116 0.008386 0.001155
v -0.017130 0.008273 0.001155
v -0.017134 0.008256 0.001155
v -0.017144 0.008225 0.001155
v -0.017186 0.008136 0.001155
v -0.017196 0.008121 0.001155
v -0.017223 0.008083 0.001155
v -0.017374 0.007946 0.001205
v -0.017364 0.007953 0.001199
v -0.017286 0.008016 0.001155
v -0.017269 0.008032 0.001155
v -0.017415 0.007924 0.001229
v -0.017471 0.007903 0.001261
v -0.017519 0.007892 0.001289
v -0.017586 0.007886 0.001328
v -0.017116 0.009686 0.001155
v -0.017286 0.009686 0.001155
v -0.019286 0.007886 0.002309
v -0.019286 0.009686 0.002309
v -0.021286 0.007886 0.001155
v -0.021286 0.009686 0.001155
v -0.021286 0.007886 -0.001155
v -0.021286 0.009686 -0.001155
v -0.019286 0.007886 -0.002309
v -0.019286 0.009686 -0.002309
v -0.017586 0.007886 -0.001328
v -0.017479 0.007900 -0.001266
v -0.017471 0.007903 -0.001261
v -0.017340 0.007969 -0.001186
v -0.017436 0.007915 -0.001241
v -0.017364 0.007953 -0.001199
v -0.016809 0.008136 -0.002033
v -0.016877 0.008032 -0.002073
v -0.016967 0.007953 -0.002125
v -0.016765 0.008256 -0.002009
v -0.016751 0.008386 -0.002000
v -0.017184 0.007886 -0.002250
v -0.017071 0.007903 -0.002185
v -0.018411 0.007886 -0.002959
v -0.017794 0.007886 -0.003158
v -0.017241 0.007886 -0.003497
v -0.016783 0.007886 -0.003955
v -0.016445 0.007886 -0.004508
v -0.016245 0.007886 -0.005125
v -0.015286 0.008386 -0.003464
v -0.015536 0.007886 -0.003897
v -0.015472 0.007903 -0.003785
v -0.015411 0.007953 -0.003681
v -0.015360 0.008032 -0.003591
v -0.015320 0.008136 -0.003522
v -0.015295 0.008256 -0.003479
v -0.014441 0.008386 -0.003830
v -0.014441 0.008273 -0.003843
v -0.014441 0.008256 -0.003848
v -0.014441 0.008225 -0.003857
v -0.014441 0.008136 -0.003900
v -0.014441 0.008121 -0.003909
v -0.014441 0.008083 -0.003936
v -0.014492 0.007946 -0.004087
v -0.014486 0.007953 -0.004077
v -0.014441 0.008016 -0.004000
v -0.014441 0.008032 -0.003982
v -0.014515 0.007924 -0.004129
v -0.014548 0.007903 -0.004185
v -0.014575 0.007892 -0.004232
v -0.014614 0.007886 -0.004300
v -0.015143 0.007886 -0.005217
v -0.015143 0.009686 -0.005217
v -0.015040 0.009386 -0.005277
v -0.015040 0.009686 -0.005277
v -0.014893 0.007886 -0.004783
v -0.014790 0.009386 -0.004843
v -0.014790 0.009686 -0.004843
v -0.014893 0.009686 -0.004783
v -0.014441 0.009686 -0.004000
v -0.014441 0.009686 -0.003830
v -0.014441 0.009686 0.004000
v -0.014441 0.009686 0.003830
v -0.014893 0.007886 0.004783
v -0.014893 0.009686 0.004783
v -0.014790 0.009386 0.004843
v -0.014790 0.009686 0.004843
v -0.015143 0.007886 0.005217
v -0.015040 0.009386 0.005277
v -0.015040 0.009686 0.005277
v -0.015143 0.009686 0.005217
v -0.015596 0.007886 0.006000
v -0.015596 0.009686 0.006000
v -0.015278 0.007886 0.006550
v -0.015278 0.009686 0.006550
v -0.015538 0.009686 0.007000
v -0.015538 0.007886 0.007000
v -0.015460 0.007886 0.006990
v -0.015460 0.009686 0.006990
v -0.015388 0.007886 0.006960
v -0.015388 0.009686 0.006960
v -0.015326 0.007886 0.006912
v -0.015326 0.009686 0.006912
v -0.015278 0.007886 0.006850
v -0.015278 0.009686 0.006850
v -0.015248 0.007886 0.006778
v -0.015248 0.009686 0.006778
v -0.015238 0.007886 0.006700
v -0.015238 0.009686 0.006700
v -0.015248 0.007886 0.006622
v -0.015248 0.009686 0.006622
v -0.016036 0.007886 0.007000
v -0.016036 0.009686 0.007000
v -0.016036 0.009386 0.007120
v -0.016036 0.009686 0.007120
v -0.016536 0.007886 0.007000
v -0.016536 0.009386 0.007120
v -0.016536 0.009686 0.007120
v -0.016536 0.009686 0.007000
v -0.017441 0.007886 0.007000
v -0.017441 0.009686 0.007000
v -0.017609 0.007886 0.006789
v -0.017609 0.009686 0.006789
v -0.018142 0.009686 0.007212
v -0.018142 0.007886 0.007212
v -0.018562 0.009686 0.007365
v -0.018562 0.007886 0.007365
v -0.019007 0.009686 0.007406
v -0.019007 0.007886 0.007406
v -0.019448 0.009686 0.007332
v -0.019448 0.007886 0.007332
v -0.019856 0.009686 0.007150
v -0.019856 0.007886 0.007150
v -0.020205 0.009686 0.006870
v -0.020205 0.007886 0.006870
v -0.020471 0.009686 0.006511
v -0.020471 0.007886 0.006511
v -0.020637 0.009686 0.006096
v -0.020637 0.007886 0.006096
v -0.020693 0.009686 0.005652
v -0.020693 0.007886 0.005652
v -0.020635 0.009686 0.005209
v -0.020635 0.007886 0.005209
v -0.020466 0.009686 0.004795
v -0.020466 0.007886 0.004795
v -0.020198 0.009686 0.004437
v -0.020198 0.007886 0.004437
v -0.019848 0.009686 0.004159
v -0.019848 0.007886 0.004159
v -0.019439 0.009686 0.003979
v -0.019439 0.007886 0.003979
v -0.018998 0.009686 0.003908
v -0.018998 0.007886 0.003908
v -0.018553 0.009686 0.003951
v -0.018553 0.007886 0.003951
v -0.018133 0.009686 0.004106
v -0.018133 0.007886 0.004106
v -0.017767 0.009686 0.004361
v -0.017767 0.007886 0.004361
v -0.017604 0.009686 0.004530
v -0.017477 0.007886 0.004702
v -0.017366 0.007886 0.006414
v -0.017366 0.009686 0.006414
v -0.017225 0.007886 0.005989
v -0.017225 0.009686 0.005989
v -0.017197 0.007886 0.005543
v -0.017197 0.009686 0.005543
v -0.017283 0.007886 0.005105
v -0.017283 0.009686 0.005105
v -0.017477 0.009686 0.004702
v -0.017807 0.007886 0.007634
v -0.017807 0.009686 0.007634
v -0.018596 0.007886 0.009000
v -0.018596 0.009686 0.009000
v -0.018278 0.007886 0.009550
v -0.018278 0.009686 0.009550
v -0.018538 0.009686 0.010000
v -0.018538 0.007886 0.010000
v -0.018460 0.007886 0.009990
v -0.018460 0.009686 0.009990
v -0.018388 0.007886 0.009960
v -0.018388 0.009686 0.009960
v -0.018326 0.007886 0.009912
v -0.018326 0.009686 0.009912
v -0.018278 0.007886 0.009850
v -0.018278 0.009686 0.009850
v -0.018248 0.007886 0.009778
v -0.018248 0.009686 0.009778
v -0.018238 0.007886 0.009700
v -0.018238 0.009686 0.009700
v -0.018248 0.007886 0.009622
v -0.018248 0.009686 0.009622
v -0.019036 0.009686 0.010120
v -0.019036 0.009386 0.010120
v -0.019036 0.009686 0.010073
v -0.019036 0.007886 0.010000
v -0.019036 0.009686 0.010000
v -0.019536 0.007886 0.010000
v -0.019536 0.009386 0.010120
v -0.019536 0.009686 0.010120
v -0.019536 0.009686 0.010000
v -0.019536 0.009686 0.010073
v -0.021143 0.007886 0.012783
v -0.021143 0.009686 0.012783
v -0.021040 0.009386 0.012723
v -0.021040 0.009686 0.012723
v -0.020893 0.007886 0.013217
v -0.020790 0.009386 0.013157
v -0.020790 0.009686 0.013157
v -0.020893 0.009686 0.013217
v -0.017679 0.007886 0.013217
v -0.017679 0.009686 0.013217
v -0.017783 0.009386 0.013157
v -0.017783 0.009686 0.013157
v -0.017429 0.007886 0.012783
v -0.017533 0.009386 0.012723
v -0.017533 0.009686 0.012723
v -0.017429 0.009686 0.012783
v -0.016536 0.007886 0.011000
v -0.016536 0.009686 0.011000
v -0.016536 0.009386 0.010880
v -0.016536 0.009686 0.010880
v -0.016036 0.007886 0.011000
v -0.016036 0.009386 0.010880
v -0.016036 0.009686 0.010880
v -0.016036 0.009686 0.011000
v -0.015143 0.007886 0.012783
v -0.015143 0.009686 0.012783
v -0.015040 0.009386 0.012723
v -0.015040 0.009686 0.012723
v -0.014893 0.007886 0.013217
v -0.014790 0.009386 0.013157
v -0.014790 0.009686 0.013157
v -0.014893 0.009686 0.013217
v -0.011679 0.007886 0.013217
v -0.011679 0.009686 0.013217
v -0.011783 0.009386 0.013157
v -0.011783 0.009686 0.013157
v -0.011429 0.007886 0.012783
v -0.011533 0.009386 0.012723
v -0.011533 0.009686 0.012723
v -0.011429 0.009686 0.012783
v -0.010536 0.007886 0.011000
v -0.010536 0.009686 0.011000
v -0.010536 0.009386 0.010880
v -0.010536 0.009686 0.010880
v -0.010036 0.007886 0.011000
v -0.010036 0.009386 0.010880
v -0.010036 0.009686 0.010880
v -0.010036 0.009686 0.011000
v -0.009143 0.007886 0.012783
v -0.009143 0.009686 0.012783
v -0.009040 0.009386 0.012723
v -0.009040 0.009686 0.012723
v -0.008893 0.007886 0.013217
v -0.008790 0.009386 0.013157
v -0.008790 0.009686 0.013157
v -0.008893 0.009686 0.013217
v -0.005679 0.007886 0.013217
v -0.005679 0.009686 0.013217
v -0.005783 0.009386 0.013157
v -0.005783 0.009686 0.013157
v -0.005429 0.007886 0.012783
v -0.005533 0.009386 0.012723
v -0.005533 0.009686 0.012723
v -0.005429 0.009686 0.012783
v -0.006132 0.009686 0.010000
v -0.006132 0.007886 0.010000
v -0.006090 0.009686 0.010073
v -0.004977 0.007886 0.012000
v -0.004977 0.009686 0.012000
v -0.005850 0.009686 0.013512
v -0.006132 0.007886 0.014000
v -0.006132 0.009686 0.014000
v -0.008441 0.007886 0.014000
v -0.008441 0.009686 0.014000
v -0.006363 0.007886 0.014000
v -0.009596 0.007886 0.012000
v -0.009596 0.009686 0.012000
v -0.009278 0.007886 0.011450
v -0.009278 0.009686 0.011450
v -0.009538 0.007886 0.011000
v -0.009538 0.009686 0.011000
v -0.009460 0.009686 0.011010
v -0.009460 0.007886 0.011010
v -0.009388 0.009686 0.011040
v -0.009388 0.007886 0.011040
v -0.009326 0.009686 0.011088
v -0.009326 0.007886 0.011088
v -0.009278 0.009686 0.011150
v -0.009278 0.007886 0.011150
v -0.009248 0.009686 0.011222
v -0.009248 0.007886 0.011222
v -0.009238 0.009686 0.011300
v -0.009238 0.007886 0.011300
v -0.009248 0.009686 0.011378
v -0.009248 0.007886 0.011378
v -0.011035 0.007886 0.011000
v -0.011035 0.009686 0.011000
v -0.011112 0.007886 0.011010
v -0.011112 0.009686 0.011010
v -0.011185 0.007886 0.011040
v -0.011185 0.009686 0.011040
v -0.011247 0.007886 0.011088
v -0.011247 0.009686 0.011088
v -0.011295 0.007886 0.011150
v -0.011295 0.009686 0.011150
v -0.011325 0.007886 0.011222
v -0.011325 0.009686 0.011222
v -0.011335 0.007886 0.011300
v -0.011335 0.009686 0.011300
v -0.011325 0.007886 0.011378
v -0.011325 0.009686 0.011378
v -0.011295 0.007886 0.011450
v -0.011295 0.009686 0.011450
v -0.010977 0.007886 0.012000
v -0.010977 0.009686 0.012000
v -0.012132 0.007886 0.014000
v -0.012132 0.009686 0.014000
v -0.011850 0.009686 0.013512
v -0.011775 0.009686 0.013382
v -0.012250 0.009686 0.014000
v -0.013286 0.007886 0.014000
v -0.014323 0.009686 0.014000
v -0.014441 0.007886 0.014000
v -0.014441 0.009686 0.014000
v -0.015596 0.007886 0.012000
v -0.015596 0.009686 0.012000
v -0.015278 0.007886 0.011450
v -0.015278 0.009686 0.011450
v -0.015538 0.007886 0.011000
v -0.015538 0.009686 0.011000
v -0.015460 0.009686 0.011010
v -0.015460 0.007886 0.011010
v -0.015388 0.009686 0.011040
v -0.015388 0.007886 0.011040
v -0.015326 0.009686 0.011088
v -0.015326 0.007886 0.011088
v -0.015278 0.009686 0.011150
v -0.015278 0.007886 0.011150
v -0.015248 0.009686 0.011222
v -0.015248 0.007886 0.011222
v -0.015238 0.009686 0.011300
v -0.015238 0.007886 0.011300
v -0.015248 0.009686 0.011378
v -0.015248 0.007886 0.011378
v -0.017035 0.007886 0.011000
v -0.017035 0.009686 0.011000
v -0.017112 0.007886 0.011010
v -0.017112 0.009686 0.011010
v -0.017185 0.007886 0.011040
v -0.017185 0.009686 0.011040
v -0.017247 0.007886 0.011088
v -0.017247 0.009686 0.011088
v -0.017295 0.007886 0.011150
v -0.017295 0.009686 0.011150
v -0.017325 0.007886 0.011222
v -0.017325 0.009686 0.011222
v -0.017335 0.007886 0.011300
v -0.017335 0.009686 0.011300
v -0.017325 0.007886 0.011378
v -0.017325 0.009686 0.011378
v -0.017295 0.007886 0.011450
v -0.017295 0.009686 0.011450
v -0.016977 0.007886 0.012000
v -0.016977 0.009686 0.012000
v -0.018132 0.007886 0.014000
v -0.018132 0.009686 0.014000
v -0.020441 0.007886 0.014000
v -0.020441 0.009686 0.014000
v -0.020210 0.007886 0.014000
v -0.020140 0.009686 0.014000
v -0.021596 0.007886 0.012000
v -0.021596 0.009686 0.012000
v -0.020483 0.009686 0.010073
v -0.020441 0.007886 0.010000
v -0.020441 0.009686 0.010000
v -0.013536 0.007886 0.010000
v -0.013536 0.009686 0.010000
v -0.013036 0.007886 0.010000
v -0.013036 0.009686 0.010000
v -0.006363 0.007886 0.010000
v -0.020210 0.007886 0.010000
v -0.020140 0.009686 0.010000
v -0.013536 0.009686 0.010073
v -0.013536 0.009386 0.010120
v -0.013536 0.009686 0.010120
v -0.013036 0.009686 0.010120
v -0.013036 0.009386 0.010120
v -0.013036 0.009686 0.010073
v -0.017286 0.009686 -0.000000
v -0.017150 0.009686 -0.001035
v -0.017150 0.009686 0.001035
v -0.012250 0.009686 -0.007927
v -0.011775 0.009686 -0.007927
v -0.011775 0.009686 -0.006853
v -0.014323 0.009686 -0.010073
v -0.017615 0.009686 -0.004803
v -0.008483 0.009686 -0.010073
v -0.008958 0.009686 -0.007927
v -0.012250 0.009686 -0.004803
v -0.011775 0.009686 -0.004803
v -0.008958 0.009686 -0.006853
v -0.008958 0.009686 -0.004803
v -0.008483 0.009686 -0.006853
v -0.008483 0.009686 -0.004803
v -0.008483 0.009686 -0.010548
v -0.011775 0.009686 -0.010548
v -0.008958 0.009686 -0.010548
v -0.012250 0.009686 -0.010548
v -0.014323 0.009686 -0.010548
v -0.017615 0.009686 -0.010548
v -0.020140 0.009686 -0.010548
v -0.020140 0.009686 -0.010073
v -0.017615 0.009686 -0.010073
v -0.017615 0.009686 -0.007927
v -0.020140 0.009686 -0.006853
v -0.017615 0.009686 -0.006853
v -0.020140 0.009686 -0.004803
v -0.014323 0.009686 -0.007927
v -0.014323 0.009686 -0.006853
v -0.014323 0.009686 -0.004803
v -0.014322 0.009686 -0.003864
v -0.013286 0.009686 -0.004000
v -0.012251 0.009686 -0.003864
v -0.012250 0.009686 -0.010073
v -0.011775 0.009686 -0.010073
v -0.012250 0.009686 -0.006853
v -0.008958 0.009686 -0.010073
v -0.009286 0.009686 -0.000000
v -0.009423 0.009686 0.001035
v -0.009423 0.009686 -0.001035
v -0.017615 0.009686 0.007453
v -0.014323 0.009686 0.007453
v -0.014323 0.009686 0.007927
v -0.008958 0.009686 0.007927
v -0.012250 0.009686 0.010073
v -0.008958 0.009686 0.010073
v -0.017615 0.009686 0.010073
v -0.020140 0.009686 0.006853
v -0.014322 0.009686 0.003864
v -0.014323 0.009686 0.006853
v -0.017615 0.009686 0.006853
v -0.017615 0.009686 0.007927
v -0.020140 0.009686 0.013512
v -0.020140 0.009686 0.010073
v -0.014323 0.009686 0.010073
v -0.012250 0.009686 0.013512
v -0.011775 0.009686 0.010073
v -0.008483 0.009686 0.013512
v -0.008483 0.009686 0.010073
v -0.008958 0.009686 0.006853
v -0.008483 0.009686 0.006853
v -0.008958 0.009686 0.007453
v -0.011775 0.009686 0.007453
v -0.011775 0.009686 0.006853
v -0.012251 0.009686 0.003864
v -0.012250 0.009686 0.006853
v -0.013286 0.009686 0.004000
v -0.014323 0.009686 0.013512
v -0.012250 0.009686 0.007927
v -0.011775 0.009686 0.007927
v -0.012250 0.009686 0.007453
v -0.016751 0.010886 -0.002000
v -0.016115 0.010886 -0.002828
v -0.015286 0.010886 -0.003464
v -0.016751 0.010886 0.002000
v -0.017150 0.010886 0.001035
v -0.017286 0.010886 -0.000000
v -0.017150 0.010886 -0.001035
v -0.016115 0.010886 0.002828
v -0.015286 0.010886 0.003464
v -0.011286 0.010886 0.003464
v -0.012251 0.010886 0.003864
v -0.013286 0.010886 0.004000
v -0.014322 0.010886 0.003864
v -0.010458 0.010886 0.002828
v -0.009822 0.010886 0.002000
v -0.009822 0.010886 -0.002000
v -0.009423 0.010886 -0.001035
v -0.009286 0.010886 -0.000000
v -0.009423 0.010886 0.001035
v -0.010458 0.010886 -0.002828
v -0.011286 0.010886 -0.003464
v -0.014322 0.010886 -0.003864
v -0.013286 0.010886 -0.004000
v -0.012251 0.010886 -0.003864
v -0.021286 0.010886 -0.007200
v -0.021286 0.007886 -0.007200
v -0.021493 0.010886 -0.007227
v -0.021493 0.007886 -0.007227
v -0.021686 0.010886 -0.007307
v -0.021686 0.007886 -0.007307
v -0.021852 0.010886 -0.007434
v -0.021852 0.007886 -0.007434
v -0.021979 0.010886 -0.007600
v -0.021979 0.007886 -0.007600
v -0.022059 0.010886 -0.007793
v -0.022059 0.007886 -0.007793
v -0.022086 0.010886 -0.008000
v -0.022086 0.007886 -0.008000
v -0.022059 0.010886 -0.008207
v -0.022059 0.007886 -0.008207
v -0.021979 0.010886 -0.008400
v -0.021979 0.007886 -0.008400
v -0.021852 0.010886 -0.008566
v -0.021852 0.007886 -0.008566
v -0.021686 0.010886 -0.008693
v -0.021686 0.007886 -0.008693
v -0.021493 0.010886 -0.008773
v -0.021493 0.007886 -0.008773
v -0.021286 0.010886 -0.008800
v -0.021286 0.007886 -0.008800
v -0.021079 0.010886 -0.008773
v -0.021079 0.007886 -0.008773
v -0.020886 0.010886 -0.008693
v -0.020886 0.007886 -0.008693
v -0.020721 0.010886 -0.008566
v -0.020721 0.007886 -0.008566
v -0.020594 0.010886 -0.008400
v -0.020594 0.007886 -0.008400
v -0.020514 0.010886 -0.008207
v -0.020514 0.007886 -0.008207
v -0.020486 0.010886 -0.008000
v -0.020486 0.007886 -0.008000
v -0.020514 0.010886 -0.007793
v -0.020514 0.007886 -0.007793
v -0.020594 0.010886 -0.007600
v -0.020594 0.007886 -0.007600
v -0.020721 0.010886 -0.007434
v -0.020721 0.007886 -0.007434
v -0.020886 0.010886 -0.007307
v -0.020886 0.007886 -0.007307
v -0.021079 0.010886 -0.007227
v -0.021079 0.007886 -0.007227
v -0.005286 0.010886 -0.007200
v -0.005286 0.007886 -0.007200
v -0.005493 0.010886 -0.007227
v -0.005493 0.007886 -0.007227
v -0.005686 0.010886 -0.007307
v -0.005686 0.007886 -0.007307
v -0.005852 0.010886 -0.007434
v -0.005852 0.007886 -0.007434
v -0.005979 0.010886 -0.007600
v -0.005979 0.007886 -0.007600
v -0.006059 0.010886 -0.007793
v -0.006059 0.007886 -0.007793
v -0.006086 0.010886 -0.008000
v -0.006086 0.007886 -0.008000
v -0.006059 0.010886 -0.008207
v -0.006059 0.007886 -0.008207
v -0.005979 0.010886 -0.008400
v -0.005979 0.007886 -0.008400
v -0.005852 0.010886 -0.008566
v -0.005852 0.007886 -0.008566
v -0.005686 0.010886 -0.008693
v -0.005686 0.007886 -0.008693
v -0.005493 0.010886 -0.008773
v -0.005493 0.007886 -0.008773
v -0.005286 0.010886 -0.008800
v -0.005286 0.007886 -0.008800
v -0.005079 0.010886 -0.008773
v -0.005079 0.007886 -0.008773
v -0.004886 0.010886 -0.008693
v -0.004886 0.007886 -0.008693
v -0.004721 0.010886 -0.008566
v -0.004721 0.007886 -0.008566
v -0.004594 0.010886 -0.008400
v -0.004594 0.007886 -0.008400
v -0.004514 0.010886 -0.008207
v -0.004514 0.007886 -0.008207
v -0.004486 0.010886 -0.008000
v -0.004486 0.007886 -0.008000
v -0.004514 0.010886 -0.007793
v -0.004514 0.007886 -0.007793
v -0.004594 0.010886 -0.007600
v -0.004594 0.007886 -0.007600
v -0.004721 0.010886 -0.007434
v -0.004721 0.007886 -0.007434
v -0.004886 0.010886 -0.007307
v -0.004886 0.007886 -0.007307
v -0.005079 0.010886 -0.007227
v -0.005079 0.007886 -0.007227
v -0.021286 0.010886 0.008800
v -0.021286 0.007886 0.008800
v -0.021493 0.010886 0.008773
v -0.021493 0.007886 0.008773
v -0.021686 0.010886 0.008693
v -0.021686 0.007886 0.008693
v -0.021852 0.010886 0.008566
v -0.021852 0.007886 0.008566
v -0.021979 0.010886 0.008400
v -0.021979 0.007886 0.008400
v -0.022059 0.010886 0.008207
v -0.022059 0.007886 0.008207
v -0.022086 0.010886 0.008000
v -0.022086 0.007886 0.008000
v -0.022059 0.010886 0.007793
v -0.022059 0.007886 0.007793
v -0.021979 0.010886 0.007600
v -0.021979 0.007886 0.007600
v -0.021852 0.010886 0.007434
v -0.021852 0.007886 0.007434
v -0.021686 0.010886 0.007307
v -0.021686 0.007886 0.007307
v -0.021493 0.010886 0.007227
v -0.021493 0.007886 0.007227
v -0.021286 0.010886 0.007200
v -0.021286 0.007886 0.007200
v -0.021079 0.010886 0.007227
v -0.021079 0.007886 0.007227
v -0.020886 0.010886 0.007307
v -0.020886 0.007886 0.007307
v -0.020721 0.010886 0.007434
v -0.020721 0.007886 0.007434
v -0.020594 0.010886 0.007600
v -0.020594 0.007886 0.007600
v -0.020514 0.010886 0.007793
v -0.020514 0.007886 0.007793
v -0.020486 0.010886 0.008000
v -0.020486 0.007886 0.008000
v -0.020514 0.010886 0.008207
v -0.020514 0.007886 0.008207
v -0.020594 0.010886 0.008400
v -0.020594 0.007886 0.008400
v -0.020721 0.010886 0.008566
v -0.020721 0.007886 0.008566
v -0.020886 0.010886 0.008693
v -0.020886 0.007886 0.008693
v -0.021079 0.010886 0.008773
v -0.021079 0.007886 0.008773
v -0.005286 0.010886 0.008800
v -0.005286 0.007886 0.008800
v -0.005493 0.010886 0.008773
v -0.005493 0.007886 0.008773
v -0.005686 0.010886 0.008693
v -0.005686 0.007886 0.008693
v -0.005852 0.010886 0.008566
v -0.005852 0.007886 0.008566
v -0.005979 0.010886 0.008400
v -0.005979 0.007886 0.008400
v -0.006059 0.010886 0.008207
v -0.006059 0.007886 0.008207
v -0.006086 0.010886 0.008000
v -0.006086 0.007886 0.008000
v -0.006059 0.010886 0.007793
v -0.006059 0.007886 0.007793
v -0.005979 0.010886 0.007600
v -0.005979 0.007886 0.007600
v -0.005852 0.010886 0.007434
v -0.005852 0.007886 0.007434
v -0.005686 0.010886 0.007307
v -0.005686 0.007886 0.007307
v -0.005493 0.010886 0.007227
v -0.005493 0.007886 0.007227
v -0.005286 0.010886 0.007200
v -0.005286 0.007886 0.007200
v -0.005079 0.010886 0.007227
v -0.005079 0.007886 0.007227
v -0.004886 0.010886 0.007307
v -0.004886 0.007886 0.007307
v -0.004721 0.010886 0.007434
v -0.004721 0.007886 0.007434
v -0.004594 0.010886 0.007600
v -0.004594 0.007886 0.007600
v -0.004514 0.010886 0.007793
v -0.004514 0.007886 0.007793
v -0.004486 0.010886 0.008000
v -0.004486 0.007886 0.008000
v -0.004514 0.010886 0.008207
v -0.004514 0.007886 0.008207
v -0.004594 0.010886 0.008400
v -0.004594 0.007886 0.008400
v -0.004721 0.010886 0.008566
v -0.004721 0.007886 0.008566
v -0.004886 0.010886 0.008693
v -0.004886 0.007886 0.008693
v -0.005079 0.010886 0.008773
v -0.005079 0.007886 0.008773
v -0.007739 0.010886 0.001690
v -0.007286 0.010886 0.001750
v -0.006833 0.010886 0.001690
v -0.006411 0.010886 0.001516
v -0.006049 0.010886 0.001237
v -0.005771 0.010886 0.000875
v -0.005596 0.010886 0.000453
v -0.005536 0.010886 -0.000000
v -0.005596 0.010886 -0.000453
v -0.005771 0.010886 -0.000875
v -0.006049 0.010886 -0.001237
v -0.006411 0.010886 -0.001516
v -0.006833 0.010886 -0.001690
v -0.007286 0.010886 -0.001750
v -0.007739 0.010886 -0.001690
v -0.008161 0.010886 -0.001516
v -0.008524 0.010886 -0.001237
v -0.008802 0.010886 -0.000875
v -0.008977 0.010886 -0.000453
v -0.009036 0.010886 -0.000000
v -0.008977 0.010886 0.000453
v -0.008802 0.010886 0.000875
v -0.008524 0.010886 0.001237
v -0.008161 0.010886 0.001516
v -0.003286 0.010586 -0.016376
v -0.003586 0.010886 -0.016500
v -0.003586 0.010086 -0.017300
v -0.003286 0.009961 -0.017000
v -0.003786 0.010886 -0.016500
v -0.005872 0.010086 -0.017300
v -0.022986 0.010086 -0.017300
v -0.020700 0.010086 -0.017300
v -0.022786 0.010886 -0.016500
v -0.015219 0.010086 -0.017300
v -0.011354 0.010086 -0.017300
v -0.023286 0.009961 -0.017000
v -0.022986 0.004347 -0.017300
v -0.023286 0.004347 -0.017000
v -0.023202 0.003432 -0.017000
v -0.023286 0.004347 -0.014500
v -0.023202 0.003432 -0.014500
v -0.022907 0.003487 -0.017300
v -0.021902 -0.003547 -0.017000
v -0.021607 -0.003492 -0.017300
v -0.021151 -0.007579 -0.015800
v -0.021151 -0.007579 -0.014500
v -0.021902 -0.003547 -0.015800
v -0.020919 -0.004364 -0.017000
v -0.020919 -0.004364 -0.015800
v -0.021148 -0.004338 -0.015800
v -0.021148 -0.004338 -0.017000
v -0.021365 -0.004259 -0.015800
v -0.021365 -0.004259 -0.017000
v -0.021558 -0.004133 -0.015800
v -0.021558 -0.004133 -0.017000
v -0.021717 -0.003967 -0.015800
v -0.021717 -0.003967 -0.017000
v -0.021834 -0.003768 -0.015800
v -0.021834 -0.003768 -0.017000
v -0.020919 -0.004064 -0.017300
v -0.021079 -0.004046 -0.017300
v -0.021231 -0.003991 -0.017300
v -0.021366 -0.003903 -0.017300
v -0.021478 -0.003786 -0.017300
v -0.021559 -0.003647 -0.017300
v -0.019286 -0.004064 -0.017300
v -0.019286 -0.004364 -0.017000
v -0.020700 -0.004064 -0.017300
v -0.019286 -0.004364 -0.015800
v -0.018895 -0.004409 -0.015800
v -0.018833 -0.007805 -0.017000
v -0.019286 -0.007864 -0.017000
v -0.019286 -0.007864 -0.015800
v -0.018895 -0.007820 -0.015800
v -0.018493 -0.007674 -0.015800
v -0.018493 -0.007674 -0.017000
v -0.018139 -0.007436 -0.015800
v -0.017853 -0.007119 -0.015800
v -0.017853 -0.007119 -0.017000
v -0.018049 -0.007352 -0.017000
v -0.018139 -0.007436 -0.017000
v -0.018411 -0.007630 -0.017000
v -0.017653 -0.006742 -0.015800
v -0.017549 -0.006328 -0.015800
v -0.017549 -0.006328 -0.017000
v -0.017596 -0.006567 -0.017000
v -0.017653 -0.006742 -0.017000
v -0.017771 -0.006989 -0.017000
v -0.017653 -0.005487 -0.015800
v -0.017596 -0.005661 -0.017000
v -0.017549 -0.005901 -0.015800
v -0.017549 -0.005901 -0.017000
v -0.017536 -0.006114 -0.017000
v -0.017853 -0.005110 -0.015800
v -0.017771 -0.005239 -0.017000
v -0.017653 -0.005487 -0.017000
v -0.018139 -0.004793 -0.015800
v -0.018049 -0.004877 -0.017000
v -0.017853 -0.005110 -0.017000
v -0.018833 -0.004424 -0.017000
v -0.018493 -0.004554 -0.017000
v -0.018493 -0.004554 -0.015800
v -0.018411 -0.004599 -0.017000
v -0.018139 -0.004793 -0.017000
v -0.019286 -0.008164 -0.017300
v -0.018756 -0.008094 -0.017300
v -0.018261 -0.007890 -0.017300
v -0.017837 -0.007564 -0.017300
v -0.017511 -0.007139 -0.017300
v -0.017306 -0.006645 -0.017300
v -0.017236 -0.006114 -0.017300
v -0.017306 -0.005584 -0.017300
v -0.017511 -0.005089 -0.017300
v -0.017837 -0.004665 -0.017300
v -0.018261 -0.004339 -0.017300
v -0.018756 -0.004134 -0.017300
v -0.019724 -0.007864 -0.017000
v -0.019724 -0.008164 -0.017300
v -0.019724 -0.007864 -0.015800
v -0.019968 -0.007895 -0.017000
v -0.019968 -0.007895 -0.015800
v -0.020197 -0.007984 -0.017000
v -0.020197 -0.007984 -0.015800
v -0.020398 -0.008126 -0.017000
v -0.020398 -0.008126 -0.015800
v -0.020558 -0.008313 -0.017000
v -0.020558 -0.008313 -0.015800
v -0.020667 -0.008534 -0.017000
v -0.020667 -0.008534 -0.015800
v -0.020720 -0.008774 -0.017000
v -0.020720 -0.008774 -0.015800
v -0.020711 -0.009021 -0.017000
v -0.020711 -0.009021 -0.015800
v -0.020643 -0.009257 -0.017000
v -0.020643 -0.009257 -0.015800
v -0.020367 -0.009139 -0.017300
v -0.020415 -0.008974 -0.017300
v -0.020421 -0.008801 -0.017300
v -0.020384 -0.008633 -0.017300
v -0.020308 -0.008479 -0.017300
v -0.020196 -0.008348 -0.017300
v -0.020055 -0.008248 -0.017300
v -0.019895 -0.008185 -0.017300
v -0.016311 -0.013195 -0.017300
v -0.016429 -0.013471 -0.017000
v -0.018002 -0.012577 -0.017000
v -0.017825 -0.012335 -0.017300
v -0.019465 -0.011196 -0.017000
v -0.019233 -0.011006 -0.017300
v -0.020537 -0.009495 -0.017000
v -0.020265 -0.009368 -0.017300
v -0.015036 -0.012551 -0.017000
v -0.015036 -0.012551 -0.015900
v -0.015067 -0.012796 -0.015900
v -0.015067 -0.012796 -0.017000
v -0.015156 -0.013025 -0.015900
v -0.015156 -0.013025 -0.017000
v -0.015298 -0.013226 -0.015900
v -0.015298 -0.013226 -0.017000
v -0.015485 -0.013386 -0.015900
v -0.015485 -0.013386 -0.017000
v -0.015706 -0.013495 -0.015900
v -0.015706 -0.013495 -0.017000
v -0.015947 -0.013547 -0.015900
v -0.015947 -0.013547 -0.017000
v -0.016193 -0.013539 -0.015900
v -0.016193 -0.013539 -0.017000
v -0.016429 -0.013471 -0.015900
v -0.015336 -0.012551 -0.017300
v -0.015358 -0.012722 -0.017300
v -0.015420 -0.012883 -0.017300
v -0.015520 -0.013024 -0.017300
v -0.015651 -0.013136 -0.017300
v -0.015805 -0.013212 -0.017300
v -0.015974 -0.013249 -0.017300
v -0.016146 -0.013243 -0.017300
v -0.015336 -0.012114 -0.017300
v -0.015036 -0.012114 -0.017000
v -0.015036 -0.012114 -0.015900
v -0.011536 -0.012114 -0.017000
v -0.011536 -0.012551 -0.017000
v -0.011536 -0.012114 -0.015900
v -0.011536 -0.012551 -0.015900
v -0.011596 -0.011661 -0.017000
v -0.014992 -0.011723 -0.015900
v -0.011581 -0.011723 -0.015900
v -0.011726 -0.011321 -0.015900
v -0.011726 -0.011321 -0.017000
v -0.011965 -0.010967 -0.015900
v -0.011965 -0.010967 -0.017000
v -0.011771 -0.011239 -0.017000
v -0.012282 -0.010681 -0.015900
v -0.012659 -0.010481 -0.015900
v -0.012659 -0.010481 -0.017000
v -0.012411 -0.010599 -0.017000
v -0.012282 -0.010681 -0.017000
v -0.012049 -0.010877 -0.017000
v -0.013500 -0.010377 -0.015900
v -0.013286 -0.010364 -0.017000
v -0.013073 -0.010377 -0.015900
v -0.013073 -0.010377 -0.017000
v -0.012833 -0.010424 -0.017000
v -0.013914 -0.010481 -0.015900
v -0.013739 -0.010424 -0.017000
v -0.013500 -0.010377 -0.017000
v -0.014291 -0.010681 -0.015900
v -0.014161 -0.010599 -0.017000
v -0.013914 -0.010481 -0.017000
v -0.014608 -0.010967 -0.015900
v -0.014524 -0.010877 -0.017000
v -0.014291 -0.010681 -0.017000
v -0.014977 -0.011661 -0.017000
v -0.014846 -0.011321 -0.017000
v -0.014846 -0.011321 -0.015900
v -0.014802 -0.011239 -0.017000
v -0.014608 -0.010967 -0.017000
v -0.011236 -0.012114 -0.017300
v -0.011306 -0.011584 -0.017300
v -0.011511 -0.011089 -0.017300
v -0.011837 -0.010665 -0.017300
v -0.012261 -0.010339 -0.017300
v -0.012756 -0.010134 -0.017300
v -0.013286 -0.010064 -0.017300
v -0.013817 -0.010134 -0.017300
v -0.014311 -0.010339 -0.017300
v -0.014736 -0.010665 -0.017300
v -0.015062 -0.011089 -0.017300
v -0.015267 -0.011584 -0.017300
v -0.011236 -0.012551 -0.017300
v -0.003371 0.003432 -0.017000
v -0.003286 0.004347 -0.017000
v -0.003371 0.003432 -0.014500
v -0.003286 0.004347 -0.014500
v -0.003586 0.004347 -0.017300
v -0.003666 0.003487 -0.017300
v -0.004966 -0.003492 -0.017300
v -0.004671 -0.003547 -0.017000
v -0.005422 -0.007579 -0.014500
v -0.005422 -0.007579 -0.015800
v -0.004671 -0.003547 -0.015800
v -0.005654 -0.004364 -0.015800
v -0.005654 -0.004364 -0.017000
v -0.005425 -0.004338 -0.017000
v -0.005425 -0.004338 -0.015800
v -0.005208 -0.004259 -0.017000
v -0.005208 -0.004259 -0.015800
v -0.005015 -0.004133 -0.017000
v -0.005015 -0.004133 -0.015800
v -0.004856 -0.003967 -0.017000
v -0.004856 -0.003967 -0.015800
v -0.004739 -0.003768 -0.017000
v -0.004739 -0.003768 -0.015800
v -0.005013 -0.003647 -0.017300
v -0.005095 -0.003786 -0.017300
v -0.005207 -0.003903 -0.017300
v -0.005342 -0.003991 -0.017300
v -0.005494 -0.004046 -0.017300
v -0.005654 -0.004064 -0.017300
v -0.007286 -0.004364 -0.017000
v -0.007286 -0.004064 -0.017300
v -0.005872 -0.004064 -0.017300
v -0.007286 -0.004364 -0.015800
v -0.007678 -0.007820 -0.015800
v -0.007286 -0.007864 -0.015800
v -0.007286 -0.007864 -0.017000
v -0.007739 -0.004424 -0.017000
v -0.007678 -0.004409 -0.015800
v -0.008079 -0.004554 -0.015800
v -0.008079 -0.004554 -0.017000
v -0.008434 -0.004793 -0.015800
v -0.008434 -0.004793 -0.017000
v -0.008161 -0.004599 -0.017000
v -0.008719 -0.005110 -0.015800
v -0.008920 -0.005487 -0.015800
v -0.008920 -0.005487 -0.017000
v -0.008802 -0.005239 -0.017000
v -0.008719 -0.005110 -0.017000
v -0.008524 -0.004877 -0.017000
v -0.009023 -0.006328 -0.015800
v -0.009036 -0.006114 -0.017000
v -0.009023 -0.005901 -0.015800
v -0.009023 -0.005901 -0.017000
v -0.008977 -0.005661 -0.017000
v -0.008920 -0.006742 -0.015800
v -0.008977 -0.006567 -0.017000
v -0.009023 -0.006328 -0.017000
v -0.008719 -0.007119 -0.015800
v -0.008802 -0.006989 -0.017000
v -0.008920 -0.006742 -0.017000
v -0.008434 -0.007436 -0.015800
v -0.008524 -0.007352 -0.017000
v -0.008719 -0.007119 -0.017000
v -0.007739 -0.007805 -0.017000
v -0.008079 -0.007674 -0.017000
v -0.008079 -0.007674 -0.015800
v -0.008161 -0.007630 -0.017000
v -0.008434 -0.007436 -0.017000
v -0.007817 -0.004134 -0.017300
v -0.008311 -0.004339 -0.017300
v -0.008736 -0.004665 -0.017300
v -0.009062 -0.005089 -0.017300
v -0.009267 -0.005584 -0.017300
v -0.009336 -0.006114 -0.017300
v -0.009267 -0.006645 -0.017300
v -0.009062 -0.007139 -0.017300
v -0.008736 -0.007564 -0.017300
v -0.008311 -0.007890 -0.017300
v -0.007286 -0.008164 -0.017300
v -0.007817 -0.008094 -0.017300
v -0.006849 -0.008164 -0.017300
v -0.006849 -0.007864 -0.017000
v -0.006849 -0.007864 -0.015800
v -0.006605 -0.007895 -0.015800
v -0.006605 -0.007895 -0.017000
v -0.006375 -0.007984 -0.015800
v -0.006375 -0.007984 -0.017000
v -0.006175 -0.008126 -0.015800
v -0.006175 -0.008126 -0.017000
v -0.006015 -0.008313 -0.015800
v -0.006015 -0.008313 -0.017000
v -0.005905 -0.008534 -0.015800
v -0.005905 -0.008534 -0.017000
v -0.005853 -0.008774 -0.015800
v -0.005853 -0.008774 -0.017000
v -0.005862 -0.009021 -0.015800
v -0.005862 -0.009021 -0.017000
v -0.005930 -0.009257 -0.015800
v -0.005930 -0.009257 -0.017000
v -0.006678 -0.008185 -0.017300
v -0.006518 -0.008248 -0.017300
v -0.006377 -0.008348 -0.017300
v -0.006265 -0.008479 -0.017300
v -0.006189 -0.008633 -0.017300
v -0.006152 -0.008801 -0.017300
v -0.006158 -0.008974 -0.017300
v -0.006206 -0.009139 -0.017300
v -0.006036 -0.009495 -0.017000
v -0.006308 -0.009368 -0.017300
v -0.007108 -0.011197 -0.017000
v -0.007340 -0.011006 -0.017300
v -0.008571 -0.012577 -0.017000
v -0.008748 -0.012335 -0.017300
v -0.010144 -0.013471 -0.017000
v -0.010261 -0.013195 -0.017300
v -0.010380 -0.013539 -0.017000
v -0.010427 -0.013243 -0.017300
v -0.010626 -0.013547 -0.017000
v -0.010599 -0.013249 -0.017300
v -0.010867 -0.013495 -0.017000
v -0.010768 -0.013212 -0.017300
v -0.011087 -0.013386 -0.017000
v -0.010922 -0.013136 -0.017300
v -0.011275 -0.013226 -0.017000
v -0.011053 -0.013024 -0.017300
v -0.011417 -0.013025 -0.017000
v -0.011153 -0.012883 -0.017300
v -0.011506 -0.012796 -0.017000
v -0.011215 -0.012722 -0.017300
v -0.011506 -0.012796 -0.015900
v -0.011417 -0.013025 -0.015900
v -0.011275 -0.013226 -0.015900
v -0.011087 -0.013386 -0.015900
v -0.010867 -0.013495 -0.015900
v -0.010626 -0.013547 -0.015900
v -0.010380 -0.013539 -0.015900
v -0.010144 -0.013471 -0.015900
v -0.010333 -0.013549 -0.015900
v -0.008571 -0.012577 -0.014500
v -0.016240 -0.013549 -0.014500
v -0.014292 -0.014051 -0.015900
v -0.014292 -0.014051 -0.014500
v -0.012281 -0.014051 -0.015900
v -0.012281 -0.014051 -0.014500
v -0.010333 -0.013549 -0.014500
v -0.018002 -0.012577 -0.014500
v -0.016240 -0.013549 -0.015900
v -0.020537 -0.009495 -0.014500
v -0.007108 -0.011197 -0.014500
v -0.006036 -0.009495 -0.014500
v -0.005548 -0.008143 -0.014500
v -0.019465 -0.011196 -0.014500
v -0.014174 -0.012627 -0.015900
v -0.013286 -0.013139 -0.015900
v -0.013021 -0.013104 -0.015900
v -0.012774 -0.013002 -0.015900
v -0.012562 -0.012839 -0.015900
v -0.014276 -0.012380 -0.015900
v -0.014311 -0.012114 -0.015900
v -0.014276 -0.011849 -0.015900
v -0.014174 -0.011602 -0.015900
v -0.014011 -0.011389 -0.015900
v -0.013799 -0.011227 -0.015900
v -0.013552 -0.011124 -0.015900
v -0.013286 -0.011089 -0.015900
v -0.013552 -0.013104 -0.015900
v -0.013799 -0.013002 -0.015900
v -0.014011 -0.012839 -0.015900
v -0.012399 -0.012627 -0.015900
v -0.013021 -0.011124 -0.015900
v -0.012774 -0.011227 -0.015900
v -0.012562 -0.011389 -0.015900
v -0.012399 -0.011602 -0.015900
v -0.012296 -0.011849 -0.015900
v -0.012261 -0.012114 -0.015900
v -0.012296 -0.012380 -0.015900
v -0.012261 -0.012114 -0.014500
v -0.012296 -0.011849 -0.014500
v -0.012399 -0.011602 -0.014500
v -0.012562 -0.011389 -0.014500
v -0.012774 -0.011227 -0.014500
v -0.013021 -0.011124 -0.014500
v -0.013286 -0.011089 -0.014500
v -0.013552 -0.011124 -0.014500
v -0.013799 -0.011227 -0.014500
v -0.014011 -0.011389 -0.014500
v -0.014174 -0.011602 -0.014500
v -0.014276 -0.011849 -0.014500
v -0.014311 -0.012114 -0.014500
v -0.014276 -0.012380 -0.014500
v -0.014174 -0.012627 -0.014500
v -0.014011 -0.012839 -0.014500
v -0.013799 -0.013002 -0.014500
v -0.013552 -0.013104 -0.014500
v -0.013286 -0.013139 -0.014500
v -0.013021 -0.013104 -0.014500
v -0.012774 -0.013002 -0.014500
v -0.012562 -0.012839 -0.014500
v -0.012399 -0.012627 -0.014500
v -0.012296 -0.012380 -0.014500
v -0.013286 0.000911 -0.014500
v -0.013021 0.000876 -0.014500
v -0.014011 0.000611 -0.014500
v -0.013799 0.000773 -0.014500
v -0.013552 0.000876 -0.014500
v -0.012774 0.000773 -0.014500
v -0.012562 0.000611 -0.014500
v -0.012399 0.000398 -0.014500
v -0.012296 0.000151 -0.014500
v -0.012261 -0.000114 -0.014500
v -0.014276 0.000151 -0.014500
v -0.015299 0.007886 -0.014500
v -0.014311 -0.000114 -0.014500
v -0.014276 -0.000380 -0.014500
v -0.014174 -0.000627 -0.014500
v -0.006363 0.007886 -0.014500
v -0.014174 0.000398 -0.014500
v -0.013286 0.007886 -0.014500
v -0.012296 -0.000380 -0.014500
v -0.012399 -0.000627 -0.014500
v -0.012562 -0.000839 -0.014500
v -0.012774 -0.001002 -0.014500
v -0.013021 -0.001104 -0.014500
v -0.013286 -0.001139 -0.014500
v -0.013552 -0.001104 -0.014500
v -0.013799 -0.001002 -0.014500
v -0.014011 -0.000839 -0.014500
v -0.023286 0.006593 -0.014500
v -0.020210 0.007886 -0.014500
v -0.014311 -0.000114 -0.015800
v -0.014276 -0.000380 -0.015800
v -0.014174 -0.000627 -0.015800
v -0.014011 -0.000839 -0.015800
v -0.013799 -0.001002 -0.015800
v -0.013552 -0.001104 -0.015800
v -0.013286 -0.001139 -0.015800
v -0.013021 -0.001104 -0.015800
v -0.012774 -0.001002 -0.015800
v -0.012562 -0.000839 -0.015800
v -0.012399 -0.000627 -0.015800
v -0.012296 -0.000380 -0.015800
v -0.012261 -0.000114 -0.015800
v -0.012296 0.000151 -0.015800
v -0.012399 0.000398 -0.015800
v -0.012562 0.000611 -0.015800
v -0.012774 0.000773 -0.015800
v -0.013021 0.000876 -0.015800
v -0.013286 0.000911 -0.015800
v -0.013552 0.000876 -0.015800
v -0.013799 0.000773 -0.015800
v -0.014011 0.000611 -0.015800
v -0.014174 0.000398 -0.015800
v -0.014276 0.000151 -0.015800
v -0.020700 0.009586 -0.017300
v -0.010536 0.009586 -0.017300
v -0.005872 0.009586 -0.017300
v -0.015219 -0.002489 -0.017300
v -0.015219 -0.010528 -0.017300
v -0.011354 -0.010528 -0.017300
v -0.011354 -0.002489 -0.017300
v -0.003286 0.004347 0.014500
v -0.003286 0.004347 0.017000
v -0.003586 0.004347 0.017300
v -0.003666 0.003487 0.017300
v -0.004966 -0.003492 0.017300
v -0.003371 0.003432 0.017000
v -0.004671 -0.003547 0.017000
v -0.003371 0.003432 0.014500
v -0.005422 -0.007579 0.015800
v -0.005422 -0.007579 0.014500
v -0.004671 -0.003547 0.015800
v -0.005654 -0.004364 0.017000
v -0.005654 -0.004364 0.015800
v -0.005425 -0.004338 0.015800
v -0.005425 -0.004338 0.017000
v -0.005208 -0.004259 0.015800
v -0.005208 -0.004259 0.017000
v -0.005015 -0.004133 0.015800
v -0.005015 -0.004133 0.017000
v -0.004856 -0.003967 0.015800
v -0.004856 -0.003967 0.017000
v -0.004739 -0.003768 0.015800
v -0.004739 -0.003768 0.017000
v -0.005654 -0.004064 0.017300
v -0.005494 -0.004046 0.017300
v -0.005342 -0.003991 0.017300
v -0.005207 -0.003903 0.017300
v -0.005095 -0.003786 0.017300
v -0.005013 -0.003647 0.017300
v -0.007286 -0.004064 0.017300
v -0.007286 -0.004364 0.017000
v -0.005872 -0.004064 0.017300
v -0.007286 -0.004364 0.015800
v -0.007678 -0.004409 0.015800
v -0.007678 -0.004409 0.017000
v -0.008079 -0.004554 0.015800
v -0.008079 -0.004554 0.017000
v -0.008434 -0.004793 0.015800
v -0.008434 -0.004793 0.017000
v -0.008719 -0.005110 0.015800
v -0.008719 -0.005110 0.017000
v -0.008920 -0.005487 0.015800
v -0.008920 -0.005487 0.017000
v -0.009023 -0.005901 0.015800
v -0.009023 -0.005901 0.017000
v -0.009023 -0.006328 0.015800
v -0.009023 -0.006328 0.017000
v -0.008920 -0.006742 0.015800
v -0.008920 -0.006742 0.017000
v -0.008719 -0.007119 0.015800
v -0.008719 -0.007119 0.017000
v -0.008434 -0.007436 0.015800
v -0.008434 -0.007436 0.017000
v -0.008079 -0.007674 0.015800
v -0.008079 -0.007674 0.017000
v -0.007678 -0.007820 0.015800
v -0.007678 -0.007820 0.017000
v -0.007286 -0.007864 0.015800
v -0.007286 -0.007864 0.017000
v -0.007745 -0.004116 0.017300
v -0.008215 -0.004287 0.017300
v -0.008630 -0.004566 0.017300
v -0.008965 -0.004938 0.017300
v -0.009200 -0.005379 0.017300
v -0.009321 -0.005864 0.017300
v -0.009321 -0.006364 0.017300
v -0.009200 -0.006850 0.017300
v -0.008965 -0.007291 0.017300
v -0.008630 -0.007662 0.017300
v -0.008215 -0.007942 0.017300
v -0.007745 -0.008112 0.017300
v -0.007286 -0.008164 0.017300
v -0.006849 -0.007864 0.017000
v -0.006849 -0.008164 0.017300
v -0.006849 -0.007864 0.015800
v -0.006605 -0.007895 0.017000
v -0.006605 -0.007895 0.015800
v -0.006375 -0.007984 0.017000
v -0.006375 -0.007984 0.015800
v -0.006175 -0.008126 0.017000
v -0.006175 -0.008126 0.015800
v -0.006015 -0.008313 0.017000
v -0.006015 -0.008313 0.015800
v -0.005905 -0.008534 0.017000
v -0.005905 -0.008534 0.015800
v -0.005853 -0.008774 0.017000
v -0.005853 -0.008774 0.015800
v -0.005862 -0.009021 0.017000
v -0.005862 -0.009021 0.015800
v -0.005930 -0.009257 0.017000
v -0.005930 -0.009257 0.015800
v -0.006206 -0.009139 0.017300
v -0.006158 -0.008974 0.017300
v -0.006152 -0.008801 0.017300
v -0.006189 -0.008633 0.017300
v -0.006265 -0.008479 0.017300
v -0.006377 -0.008348 0.017300
v -0.006518 -0.008248 0.017300
v -0.006678 -0.008185 0.017300
v -0.010261 -0.013195 0.017300
v -0.010144 -0.013471 0.017000
v -0.008571 -0.012577 0.017000
v -0.008748 -0.012335 0.017300
v -0.007108 -0.011197 0.017000
v -0.007340 -0.011006 0.017300
v -0.006036 -0.009495 0.017000
v -0.006308 -0.009368 0.017300
v -0.011536 -0.012551 0.017000
v -0.011536 -0.012551 0.015900
v -0.011506 -0.012796 0.015900
v -0.011506 -0.012796 0.017000
v -0.011417 -0.013025 0.015900
v -0.011417 -0.013025 0.017000
v -0.011275 -0.013226 0.015900
v -0.011275 -0.013226 0.017000
v -0.011087 -0.013386 0.015900
v -0.011087 -0.013386 0.017000
v -0.010867 -0.013495 0.015900
v -0.010867 -0.013495 0.017000
v -0.010626 -0.013547 0.015900
v -0.010626 -0.013547 0.017000
v -0.010380 -0.013539 0.015900
v -0.010380 -0.013539 0.017000
v -0.010144 -0.013471 0.015900
v -0.011236 -0.012551 0.017300
v -0.011215 -0.012722 0.017300
v -0.011153 -0.012883 0.017300
v -0.011053 -0.013024 0.017300
v -0.010922 -0.013136 0.017300
v -0.010768 -0.013212 0.017300
v -0.010599 -0.013249 0.017300
v -0.010427 -0.013243 0.017300
v -0.011236 -0.012114 0.017300
v -0.011536 -0.012114 0.017000
v -0.011536 -0.012114 0.015900
v -0.015036 -0.012114 0.017000
v -0.015036 -0.012551 0.017000
v -0.015036 -0.012114 0.015900
v -0.015036 -0.012551 0.015900
v -0.011581 -0.011723 0.015900
v -0.011581 -0.011723 0.017000
v -0.011726 -0.011321 0.015900
v -0.011726 -0.011321 0.017000
v -0.011965 -0.010967 0.015900
v -0.011965 -0.010967 0.017000
v -0.012282 -0.010681 0.015900
v -0.012282 -0.010681 0.017000
v -0.012659 -0.010481 0.015900
v -0.012659 -0.010481 0.017000
v -0.013073 -0.010377 0.015900
v -0.013073 -0.010377 0.017000
v -0.013500 -0.010377 0.015900
v -0.013500 -0.010377 0.017000
v -0.013914 -0.010481 0.015900
v -0.013914 -0.010481 0.017000
v -0.014291 -0.010681 0.015900
v -0.014291 -0.010681 0.017000
v -0.014608 -0.010967 0.015900
v -0.014608 -0.010967 0.017000
v -0.014846 -0.011321 0.015900
v -0.014846 -0.011321 0.017000
v -0.014992 -0.011723 0.015900
v -0.014992 -0.011723 0.017000
v -0.011288 -0.011655 0.017300
v -0.011459 -0.011185 0.017300
v -0.011738 -0.010770 0.017300
v -0.012110 -0.010436 0.017300
v -0.012551 -0.010201 0.017300
v -0.013036 -0.010080 0.017300
v -0.013536 -0.010080 0.017300
v -0.014022 -0.010201 0.017300
v -0.014463 -0.010436 0.017300
v -0.014835 -0.010770 0.017300
v -0.015114 -0.011185 0.017300
v -0.015284 -0.011655 0.017300
v -0.015336 -0.012114 0.017300
v -0.015336 -0.012551 0.017300
v -0.023286 0.004347 0.014500
v -0.023202 0.003432 0.014500
v -0.023286 0.004347 0.017000
v -0.023202 0.003432 0.017000
v -0.022986 0.004347 0.017300
v -0.022907 0.003487 0.017300
v -0.021607 -0.003492 0.017300
v -0.021902 -0.003547 0.017000
v -0.021151 -0.007579 0.014500
v -0.021151 -0.007579 0.015800
v -0.021902 -0.003547 0.015800
v -0.020919 -0.004364 0.015800
v -0.020919 -0.004364 0.017000
v -0.021148 -0.004338 0.017000
v -0.021148 -0.004338 0.015800
v -0.021365 -0.004259 0.017000
v -0.021365 -0.004259 0.015800
v -0.021558 -0.004133 0.017000
v -0.021558 -0.004133 0.015800
v -0.021717 -0.003967 0.017000
v -0.021717 -0.003967 0.015800
v -0.021834 -0.003768 0.017000
v -0.021834 -0.003768 0.015800
v -0.021559 -0.003647 0.017300
v -0.021478 -0.003786 0.017300
v -0.021366 -0.003903 0.017300
v -0.021231 -0.003991 0.017300
v -0.021079 -0.004046 0.017300
v -0.020919 -0.004064 0.017300
v -0.019286 -0.004364 0.017000
v -0.019286 -0.004064 0.017300
v -0.020700 -0.004064 0.017300
v -0.019286 -0.004364 0.015800
v -0.019286 -0.007864 0.015800
v -0.019286 -0.007864 0.017000
v -0.018895 -0.007820 0.015800
v -0.018895 -0.007820 0.017000
v -0.018493 -0.007674 0.015800
v -0.018493 -0.007674 0.017000
v -0.018139 -0.007436 0.015800
v -0.018139 -0.007436 0.017000
v -0.017853 -0.007119 0.015800
v -0.017853 -0.007119 0.017000
v -0.017653 -0.006742 0.015800
v -0.017653 -0.006742 0.017000
v -0.017549 -0.006328 0.015800
v -0.017549 -0.006328 0.017000
v -0.017549 -0.005901 0.015800
v -0.017549 -0.005901 0.017000
v -0.017653 -0.005487 0.015800
v -0.017653 -0.005487 0.017000
v -0.017853 -0.005110 0.015800
v -0.017853 -0.005110 0.017000
v -0.018139 -0.004793 0.015800
v -0.018139 -0.004793 0.017000
v -0.018493 -0.004554 0.015800
v -0.018493 -0.004554 0.017000
v -0.018895 -0.004409 0.015800
v -0.018895 -0.004409 0.017000
v -0.019286 -0.008164 0.017300
v -0.018828 -0.008112 0.017300
v -0.018358 -0.007942 0.017300
v -0.017943 -0.007662 0.017300
v -0.017608 -0.007291 0.017300
v -0.017373 -0.006850 0.017300
v -0.017252 -0.006364 0.017300
v -0.017252 -0.005864 0.017300
v -0.017373 -0.005379 0.017300
v -0.017608 -0.004938 0.017300
v -0.017943 -0.004566 0.017300
v -0.018358 -0.004287 0.017300
v -0.018828 -0.004116 0.017300
v -0.019724 -0.008164 0.017300
v -0.019724 -0.007864 0.017000
v -0.019724 -0.007864 0.015800
v -0.019968 -0.007895 0.015800
v -0.019968 -0.007895 0.017000
v -0.020197 -0.007984 0.015800
v -0.020197 -0.007984 0.017000
v -0.020398 -0.008126 0.015800
v -0.020398 -0.008126 0.017000
v -0.020558 -0.008313 0.015800
v -0.020558 -0.008313 0.017000
v -0.020667 -0.008534 0.015800
v -0.020667 -0.008534 0.017000
v -0.020720 -0.008774 0.015800
v -0.020720 -0.008774 0.017000
v -0.020711 -0.009021 0.015800
v -0.020711 -0.009021 0.017000
v -0.020643 -0.009257 0.015800
v -0.020643 -0.009257 0.017000
v -0.019895 -0.008185 0.017300
v -0.020055 -0.008248 0.017300
v -0.020196 -0.008348 0.017300
v -0.020308 -0.008479 0.017300
v -0.020384 -0.008633 0.017300
v -0.020421 -0.008801 0.017300
v -0.020415 -0.008974 0.017300
v -0.020367 -0.009139 0.017300
v -0.020537 -0.009495 0.017000
v -0.020265 -0.009368 0.017300
v -0.019465 -0.011196 0.017000
v -0.019233 -0.011006 0.017300
v -0.018002 -0.012577 0.017000
v -0.017825 -0.012335 0.017300
v -0.016429 -0.013471 0.017000
v -0.016311 -0.013195 0.017300
v -0.016193 -0.013539 0.017000
v -0.016146 -0.013243 0.017300
v -0.015947 -0.013547 0.017000
v -0.015974 -0.013249 0.017300
v -0.015706 -0.013495 0.017000
v -0.015805 -0.013212 0.017300
v -0.015485 -0.013386 0.017000
v -0.015651 -0.013136 0.017300
v -0.015298 -0.013226 0.017000
v -0.015520 -0.013024 0.017300
v -0.015156 -0.013025 0.017000
v -0.015420 -0.012883 0.017300
v -0.015067 -0.012796 0.017000
v -0.015358 -0.012722 0.017300
v -0.015067 -0.012796 0.015900
v -0.015156 -0.013025 0.015900
v -0.015298 -0.013226 0.015900
v -0.015485 -0.013386 0.015900
v -0.015706 -0.013495 0.015900
v -0.015947 -0.013547 0.015900
v -0.016193 -0.013539 0.015900
v -0.016429 -0.013471 0.015900
v -0.016240 -0.013549 0.015900
v -0.018002 -0.012577 0.014500
v -0.016240 -0.013549 0.014500
v -0.014292 -0.014051 0.014500
v -0.014292 -0.014051 0.015900
v -0.012281 -0.014051 0.014500
v -0.012281 -0.014051 0.015900
v -0.010333 -0.013549 0.014500
v -0.010333 -0.013549 0.015900
v -0.008571 -0.012577 0.014500
v -0.005548 -0.008143 0.014500
v -0.006036 -0.009495 0.014500
v -0.007108 -0.011197 0.014500
v -0.020537 -0.009495 0.014500
v -0.019465 -0.011196 0.014500
v -0.013286 -0.013139 0.015900
v -0.013552 -0.013104 0.015900
v -0.013799 -0.013002 0.015900
v -0.014011 -0.012839 0.015900
v -0.012399 -0.012627 0.015900
v -0.012562 -0.012839 0.015900
v -0.012774 -0.013002 0.015900
v -0.013021 -0.013104 0.015900
v -0.014174 -0.012627 0.015900
v -0.013286 -0.011089 0.015900
v -0.013552 -0.011124 0.015900
v -0.013799 -0.011227 0.015900
v -0.014011 -0.011389 0.015900
v -0.014174 -0.011602 0.015900
v -0.014276 -0.011849 0.015900
v -0.014311 -0.012114 0.015900
v -0.014276 -0.012380 0.015900
v -0.012296 -0.012380 0.015900
v -0.012261 -0.012114 0.015900
v -0.012296 -0.011849 0.015900
v -0.012399 -0.011602 0.015900
v -0.012562 -0.011389 0.015900
v -0.012774 -0.011227 0.015900
v -0.013021 -0.011124 0.015900
v -0.012261 -0.012114 0.014500
v -0.012296 -0.011849 0.014500
v -0.012399 -0.011602 0.014500
v -0.012562 -0.011389 0.014500
v -0.012774 -0.011227 0.014500
v -0.013021 -0.011124 0.014500
v -0.013286 -0.011089 0.014500
v -0.013552 -0.011124 0.014500
v -0.013799 -0.011227 0.014500
v -0.014011 -0.011389 0.014500
v -0.014174 -0.011602 0.014500
v -0.014276 -0.011849 0.014500
v -0.014311 -0.012114 0.014500
v -0.014276 -0.012380 0.014500
v -0.014174 -0.012627 0.014500
v -0.014011 -0.012839 0.014500
v -0.013799 -0.013002 0.014500
v -0.013552 -0.013104 0.014500
v -0.013286 -0.013139 0.014500
v -0.013021 -0.013104 0.014500
v -0.012774 -0.013002 0.014500
v -0.012562 -0.012839 0.014500
v -0.012399 -0.012627 0.014500
v -0.012296 -0.012380 0.014500
v -0.015299 0.007886 0.014500
v -0.014174 -0.000627 0.014500
v -0.014174 0.000398 0.014500
v -0.014011 0.000611 0.014500
v -0.013799 0.000773 0.014500
v -0.006363 0.007886 0.014500
v -0.013552 -0.001104 0.014500
v -0.013799 -0.001002 0.014500
v -0.014011 -0.000839 0.014500
v -0.012774 0.000773 0.014500
v -0.013021 0.000876 0.014500
v -0.014276 0.000151 0.014500
v -0.014311 -0.000114 0.014500
v -0.014276 -0.000380 0.014500
v -0.012562 0.000611 0.014500
v -0.013286 -0.001139 0.014500
v -0.013021 -0.001104 0.014500
v -0.012774 -0.001002 0.014500
v -0.012562 -0.000839 0.014500
v -0.012399 -0.000627 0.014500
v -0.012296 -0.000380 0.014500
v -0.012261 -0.000114 0.014500
v -0.012296 0.000151 0.014500
v -0.012399 0.000398 0.014500
v -0.013286 0.000911 0.014500
v -0.013552 0.000876 0.014500
v -0.013286 0.007886 0.014500
v -0.020210 0.007886 0.014500
v -0.014311 -0.000114 0.015800
v -0.014276 -0.000380 0.015800
v -0.014174 -0.000627 0.015800
v -0.014011 -0.000839 0.015800
v -0.013799 -0.001002 0.015800
v -0.013552 -0.001104 0.015800
v -0.013286 -0.001139 0.015800
v -0.013021 -0.001104 0.015800
v -0.012774 -0.001002 0.015800
v -0.012562 -0.000839 0.015800
v -0.012399 -0.000627 0.015800
v -0.012296 -0.000380 0.015800
v -0.012261 -0.000114 0.015800
v -0.012296 0.000151 0.015800
v -0.012399 0.000398 0.015800
v -0.012562 0.000611 0.015800
v -0.012774 0.000773 0.015800
v -0.013021 0.000876 0.015800
v -0.013286 0.000911 0.015800
v -0.013552 0.000876 0.015800
v -0.013799 0.000773 0.015800
v -0.014011 0.000611 0.015800
v -0.014174 0.000398 0.015800
v -0.014276 0.000151 0.015800
v -0.016036 0.009586 0.017300
v -0.020700 0.009586 0.017300
v -0.005872 0.009586 0.017300
v -0.011354 -0.002489 0.017300
v -0.011354 -0.010528 0.017300
v -0.015219 -0.010528 0.017300
v -0.015219 -0.002489 0.017300
v -0.023286 0.008386 -0.012707
v -0.022786 0.007886 0.009148
v -0.022786 0.007886 -0.009148
v -0.022786 0.007886 -0.006852
v -0.022786 0.007886 -0.000000
v -0.022786 0.007886 0.006852
v -0.006363 0.007886 0.009148
v -0.020210 0.007886 -0.009148
v -0.020210 0.007886 0.009148
v -0.006363 0.007886 -0.009148
v -0.016286 0.010886 0.010750
v -0.015833 0.010886 0.010690
v -0.015411 0.010886 0.010516
v -0.015049 0.010886 0.010237
v -0.014771 0.010886 0.009875
v -0.014596 0.010886 0.009453
v -0.014536 0.010886 0.009000
v -0.014596 0.010886 0.008547
v -0.014771 0.010886 0.008125
v -0.015049 0.010886 0.007763
v -0.015411 0.010886 0.007484
v -0.015833 0.010886 0.007310
v -0.016286 0.010886 0.007250
v -0.016739 0.010886 0.007310
v -0.017161 0.010886 0.007484
v -0.017524 0.010886 0.007763
v -0.017802 0.010886 0.008125
v -0.017977 0.010886 0.008547
v -0.018036 0.010886 0.009000
v -0.017977 0.010886 0.009453
v -0.017802 0.010886 0.009875
v -0.017524 0.010886 0.010237
v -0.017161 0.010886 0.010516
v -0.016739 0.010886 0.010690
v -0.009049 0.010886 -0.007763
v -0.008771 0.010886 -0.008125
v -0.008596 0.010886 -0.008547
v -0.008536 0.010886 -0.009000
v -0.008596 0.010886 -0.009453
v -0.008771 0.010886 -0.009875
v -0.009049 0.010886 -0.010237
v -0.009411 0.010886 -0.010516
v -0.009833 0.010886 -0.010690
v -0.010286 0.010886 -0.010750
v -0.010739 0.010886 -0.010690
v -0.011161 0.010886 -0.010516
v -0.011524 0.010886 -0.010237
v -0.011802 0.010886 -0.009875
v -0.011977 0.010886 -0.009453
v -0.012036 0.010886 -0.009000
v -0.011977 0.010886 -0.008547
v -0.011802 0.010886 -0.008125
v -0.011524 0.010886 -0.007763
v -0.011161 0.010886 -0.007484
v -0.010739 0.010886 -0.007310
v -0.010286 0.010886 -0.007250
v -0.009833 0.010886 -0.007310
v -0.009411 0.010886 -0.007484
v -0.019739 0.010886 0.001690
v -0.019286 0.010886 0.001750
v -0.018833 0.010886 0.001690
v -0.018411 0.010886 0.001516
v -0.018049 0.010886 0.001237
v -0.017771 0.010886 0.000875
v -0.017596 0.010886 0.000453
v -0.017536 0.010886 -0.000000
v -0.017596 0.010886 -0.000453
v -0.017771 0.010886 -0.000875
v -0.018049 0.010886 -0.001237
v -0.018411 0.010886 -0.001516
v -0.018833 0.010886 -0.001690
v -0.019286 0.010886 -0.001750
v -0.019739 0.010886 -0.001690
v -0.020161 0.010886 -0.001516
v -0.020524 0.010886 -0.001237
v -0.020802 0.010886 -0.000875
v -0.020977 0.010886 -0.000453
v -0.021036 0.010886 -0.000000
v -0.020977 0.010886 0.000453
v -0.020802 0.010886 0.000875
v -0.020524 0.010886 0.001237
v -0.020161 0.010886 0.001516
v -0.009049 0.010886 0.007763
v -0.009411 0.010886 0.007484
v -0.009833 0.010886 0.007310
v -0.010286 0.010886 0.007250
v -0.010739 0.010886 0.007310
v -0.011161 0.010886 0.007484
v -0.011524 0.010886 0.007763
v -0.011802 0.010886 0.008125
v -0.011977 0.010886 0.008547
v -0.012036 0.010886 0.009000
v -0.011977 0.010886 0.009453
v -0.011802 0.010886 0.009875
v -0.011524 0.010886 0.010237
v -0.011161 0.010886 0.010516
v -0.010739 0.010886 0.010690
v -0.010286 0.010886 0.010750
v -0.009833 0.010886 0.010690
v -0.009411 0.010886 0.010516
v -0.009049 0.010886 0.010237
v -0.008771 0.010886 0.009875
v -0.008596 0.010886 0.009453
v -0.008536 0.010886 0.009000
v -0.008596 0.010886 0.008547
v -0.008771 0.010886 0.008125
v -0.016286 0.010886 -0.007250
v -0.015833 0.010886 -0.007310
v -0.015411 0.010886 -0.007484
v -0.015049 0.010886 -0.007763
v -0.014771 0.010886 -0.008125
v -0.014596 0.010886 -0.008547
v -0.014536 0.010886 -0.009000
v -0.014596 0.010886 -0.009453
v -0.014771 0.010886 -0.009875
v -0.015049 0.010886 -0.010237
v -0.015411 0.010886 -0.010516
v -0.015833 0.010886 -0.010690
v -0.016286 0.010886 -0.010750
v -0.016739 0.010886 -0.010690
v -0.017161 0.010886 -0.010516
v -0.017524 0.010886 -0.010237
v -0.017802 0.010886 -0.009875
v -0.017977 0.010886 -0.009453
v -0.018036 0.010886 -0.009000
v -0.017977 0.010886 -0.008547
v -0.017802 0.010886 -0.008125
v -0.017524 0.010886 -0.007763
v -0.017161 0.010886 -0.007484
v -0.016739 0.010886 -0.007310
v -0.003786 0.013386 0.004000
v -0.003786 0.013386 0.012000
v -0.003786 0.013386 -0.012000
v -0.003786 0.013386 -0.004000
v -0.003786 0.033386 -0.004000
v -0.003786 0.033386 0.004000
v -0.011786 0.013386 0.012000
v -0.019403 0.013386 0.012000
v -0.022786 0.013386 0.012000
v -0.022786 0.013386 -0.012000
v -0.022786 0.013386 -0.010602
v -0.022786 0.014259 -0.010504
v -0.022786 0.014475 -0.010565
v -0.022786 0.013831 -0.010272
v -0.022786 0.013914 -0.010331
v -0.022786 0.014126 -0.010450
v -0.022786 0.013400 -0.009684
v -0.022786 0.013414 -0.009728
v -0.022786 0.013467 -0.009849
v -0.022786 0.014542 -0.010577
v -0.022786 0.014660 -0.010592
v -0.022786 0.014849 -0.010600
v -0.022786 0.013386 -0.009593
v -0.022786 0.013387 -0.009604
v -0.022786 0.013388 -0.009623
v -0.022786 0.013390 -0.009638
v -0.022786 0.013392 -0.009645
v -0.022786 0.013393 -0.009652
v -0.022786 0.013486 -0.009884
v -0.022786 0.013597 -0.010045
v -0.022786 0.013644 -0.010101
v -0.022786 0.013654 -0.010112
v -0.022786 0.013705 -0.010164
v -0.022786 0.013386 0.009580
v -0.022786 0.013386 0.009583
v -0.022786 0.013386 0.008223
v -0.022786 0.013386 0.007979
v -0.022786 0.013386 0.009494
v -0.022786 0.013386 0.009421
v -0.022786 0.013386 0.006930
v -0.022786 0.013386 -0.006937
v -0.022786 0.013386 -0.007983
v -0.022786 0.013386 0.008870
v -0.022786 0.013386 0.008672
v -0.022786 0.013386 0.008455
v -0.022786 0.013386 0.009573
v -0.022786 0.013386 0.009544
v -0.022786 0.013386 0.009322
v -0.022786 0.013386 0.009197
v -0.022786 0.013386 -0.008460
v -0.022786 0.013386 -0.008874
v -0.022786 0.013386 -0.009050
v -0.022786 0.013386 -0.009202
v -0.022786 0.013386 -0.009269
v -0.022786 0.013386 -0.009329
v -0.022786 0.013386 -0.009382
v -0.022786 0.013386 -0.009428
v -0.022786 0.013386 -0.009467
v -0.022786 0.013386 -0.009501
v -0.022786 0.013386 -0.009590
v -0.022786 0.013386 -0.009590
v -0.019408 0.013386 -0.012000
v -0.011786 0.013386 -0.012000
v -0.003899 0.013386 0.005340
v -0.004466 0.013386 0.007227
v -0.005476 0.013386 0.008917
v -0.006869 0.013386 0.010310
v -0.008560 0.013386 0.011320
v -0.010446 0.013386 0.011887
v -0.010446 0.013386 -0.011887
v -0.008560 0.013386 -0.011320
v -0.006869 0.013386 -0.010310
v -0.005476 0.013386 -0.008917
v -0.004466 0.013386 -0.007227
v -0.003899 0.013386 -0.005340
v -0.021448 0.013386 -0.011492
v -0.022480 0.013386 -0.010864
v -0.020617 0.013386 -0.011783
v -0.019763 0.013386 -0.011968
v -0.022754 0.013386 0.009940
v -0.022762 0.013386 0.009852
v -0.022786 0.013386 0.009585
v -0.022786 0.013386 0.009587
v -0.022137 0.013386 0.011058
v -0.022344 0.013386 0.010837
v -0.022458 0.013386 0.010680
v -0.022607 0.013386 0.010410
v -0.022774 0.013386 0.009717
v -0.022780 0.013386 0.009650
v -0.022783 0.013386 0.009616
v -0.022785 0.013386 0.009599
v -0.022786 0.013386 0.009591
v -0.019769 0.013386 0.011966
v -0.020680 0.013386 0.011760
v -0.021499 0.013386 0.011461
v -0.022623 0.013386 0.010374
v -0.022713 0.013386 0.010118
v -0.021721 0.013386 0.011351
v -0.021951 0.013386 0.011208
v -0.011786 0.033386 0.012000
v -0.019403 0.033386 0.012000
v -0.003899 0.033386 0.005340
v -0.011003 0.033386 0.011961
v -0.003940 0.033386 0.005560
v -0.004466 0.033386 0.007227
v -0.005134 0.033386 0.008443
v -0.005476 0.033386 0.008917
v -0.006129 0.033386 0.009657
v -0.006869 0.033386 0.010310
v -0.007341 0.033386 0.010651
v -0.008560 0.033386 0.011320
v -0.008725 0.033386 0.011391
v -0.009464 0.033386 0.011656
v -0.010226 0.033386 0.011846
v -0.010446 0.033386 0.011887
v -0.011786 0.033386 -0.012000
v -0.010446 0.033386 -0.011887
v -0.003825 0.033386 -0.004784
v -0.010226 0.033386 -0.011846
v -0.008560 0.033386 -0.011320
v -0.007343 0.033386 -0.010653
v -0.006869 0.033386 -0.010310
v -0.006130 0.033386 -0.009657
v -0.005476 0.033386 -0.008917
v -0.005135 0.033386 -0.008445
v -0.004466 0.033386 -0.007227
v -0.004395 0.033386 -0.007061
v -0.004131 0.033386 -0.006322
v -0.003940 0.033386 -0.005561
v -0.003899 0.033386 -0.005340
v -0.019408 0.033386 -0.012000
v -0.013786 0.043386 0.002000
v -0.013786 0.043386 -0.002000
v -0.022385 0.043386 0.002000
v -0.022385 0.043386 -0.002000
v -0.012518 0.041115 -0.008343
v -0.012297 0.040061 -0.009446
v -0.022235 0.040177 -0.009340
v -0.022051 0.039525 -0.009893
v -0.012240 0.039730 -0.009730
v -0.012209 0.039534 -0.009887
v -0.021719 0.038606 -0.010528
v -0.012123 0.038942 -0.010315
v -0.021203 0.037407 -0.011155
v -0.011845 0.035783 -0.011708
v -0.020124 0.035347 -0.011806
v -0.011873 0.036289 -0.011569
v -0.020776 0.036516 -0.011497
v -0.011939 0.037213 -0.011239
v -0.020966 0.036903 -0.011360
v -0.011956 0.037420 -0.011150
v -0.012018 0.038054 -0.010843
v -0.011796 0.034366 -0.011952
v -0.019436 0.033733 -0.011994
v -0.019599 0.034334 -0.011955
v -0.012557 0.041273 -0.008146
v -0.022385 0.041254 -0.008172
v -0.012621 0.041512 -0.007826
v -0.012675 0.041700 -0.007555
v -0.022385 0.042371 -0.006390
v -0.012980 0.042537 -0.006033
v -0.022385 0.042536 -0.006033
v -0.013021 0.042624 -0.005827
v -0.013059 0.042701 -0.005636
v -0.022385 0.043165 -0.004091
v -0.013396 0.043193 -0.003951
v -0.013543 0.043311 -0.003218
v -0.006056 0.039730 0.003546
v -0.005899 0.039534 0.003577
v -0.005899 0.039533 -0.003578
v -0.003835 0.034366 0.003990
v -0.003988 0.035384 -0.003960
v -0.005471 0.038942 -0.003663
v -0.005471 0.038942 0.003663
v -0.004768 0.037707 -0.003804
v -0.004943 0.038054 0.003769
v -0.004636 0.037419 -0.003830
v -0.004636 0.037420 0.003830
v -0.004548 0.037213 -0.003848
v -0.004217 0.036289 0.003914
v -0.004077 0.035780 0.003942
v -0.006093 0.039774 -0.003539
v -0.006716 0.040456 -0.003414
v -0.006339 0.040059 0.003490
v -0.006937 0.040671 -0.003370
v -0.007443 0.041115 -0.003269
v -0.007641 0.041273 0.003229
v -0.007641 0.041274 -0.003229
v -0.007967 0.041517 0.003164
v -0.008231 0.041700 0.003111
v -0.008961 0.042145 -0.002965
v -0.009754 0.042537 0.002807
v -0.009754 0.042537 -0.002806
v -0.009959 0.042624 0.002765
v -0.009959 0.042624 -0.002765
v -0.010157 0.042704 0.002726
v -0.011311 0.043073 -0.002495
v -0.011835 0.043193 0.002390
v -0.011835 0.043193 -0.002390
v -0.012112 0.043244 0.002335
v -0.012575 0.043312 0.002242
v -0.019933 0.035067 0.011858
v -0.011827 0.035385 0.011798
v -0.020162 0.035449 0.011785
v -0.011939 0.037212 0.011239
v -0.021164 0.037338 0.011184
v -0.011956 0.037419 0.011150
v -0.011983 0.037710 0.011016
v -0.021353 0.037752 0.010995
v -0.012123 0.038942 0.010315
v -0.021677 0.038511 0.010585
v -0.012209 0.039533 0.009888
v -0.012248 0.039775 0.009693
v -0.022051 0.039529 0.009888
v -0.021988 0.039341 0.010031
v -0.012372 0.040456 0.009071
v -0.012416 0.040670 0.008850
v -0.022325 0.040605 0.008918
v -0.012518 0.041115 0.008344
v -0.022385 0.041261 0.008163
v -0.013452 0.043244 0.003674
v -0.022385 0.043166 0.004087
v -0.013396 0.043193 0.003951
v -0.022385 0.042536 0.006033
v -0.013291 0.043073 0.004476
v -0.012557 0.041274 0.008145
v -0.012821 0.042145 0.006825
v -0.022385 0.042374 0.006383
v -0.012980 0.042537 0.006032
v -0.013021 0.042624 0.005827
v -0.019466 0.033925 0.011985
v -0.019739 0.034694 0.011914
v -0.011575 0.039181 0.010124
v -0.006626 0.039081 0.007264
v -0.006134 0.038130 0.007649
v -0.005393 0.037941 0.006450
v -0.007190 0.040835 0.004266
v -0.005892 0.039391 0.004756
v -0.013002 0.043251 0.003567
v -0.012220 0.042838 0.005111
v -0.011433 0.042910 0.004354
v -0.012220 0.043251 0.002784
v -0.010311 0.042749 0.003167
v -0.007915 0.041435 0.004003
v -0.008682 0.041953 0.003731
v -0.012609 0.043270 0.003177
v -0.010675 0.042838 0.003567
v -0.009173 0.042136 0.004345
v -0.011442 0.042135 0.006613
v -0.010682 0.041111 0.008032
v -0.010840 0.042246 0.006086
v -0.009873 0.041278 0.007390
v -0.012619 0.042749 0.005475
v -0.012055 0.041953 0.007104
v -0.011783 0.041435 0.007870
v -0.007398 0.034663 0.010581
v -0.006195 0.034684 0.009592
v -0.008769 0.034601 0.011319
v -0.008207 0.035852 0.010784
v -0.008432 0.036998 0.010465
v -0.009084 0.036905 0.010808
v -0.008891 0.035783 0.011123
v -0.008470 0.039972 0.008204
v -0.007580 0.038178 0.009212
v -0.007510 0.039149 0.008276
v -0.007058 0.038194 0.008728
v -0.008137 0.038130 0.009652
v -0.008949 0.039921 0.008607
v -0.008724 0.038050 0.010046
v -0.009448 0.039837 0.008979
v -0.009336 0.037940 0.010391
v -0.009963 0.039720 0.009319
v -0.009969 0.037800 0.010685
v -0.010330 0.035593 0.011605
v -0.011074 0.035473 0.011742
v -0.009500 0.034556 0.011586
v -0.009600 0.035697 0.011397
v -0.011945 0.040659 0.008845
v -0.011520 0.040835 0.008595
v -0.011275 0.037435 0.011111
v -0.011098 0.040986 0.008324
v -0.010492 0.039571 0.009624
v -0.011030 0.039391 0.009893
v -0.010617 0.037631 0.010926
v -0.004002 0.034501 0.005533
v -0.004464 0.034601 0.007017
v -0.005204 0.034663 0.008387
v -0.004469 0.036643 0.005332
v -0.004180 0.035593 0.005456
v -0.004975 0.036905 0.006702
v -0.004660 0.035784 0.006895
v -0.005719 0.037066 0.007976
v -0.005403 0.035901 0.008228
v -0.006675 0.037121 0.009112
v -0.006380 0.035941 0.009406
v -0.007221 0.037107 0.009614
v -0.006946 0.035931 0.009923
v -0.007809 0.037066 0.010066
v -0.007557 0.035901 0.010383
v -0.005337 0.038549 0.004976
v -0.006466 0.039720 0.005823
v -0.007090 0.040464 0.005470
v -0.006514 0.040154 0.004518
v -0.007754 0.041111 0.005104
v -0.004859 0.037631 0.005170
v -0.005895 0.038879 0.006153
v -0.007179 0.039921 0.006837
v -0.008396 0.041278 0.005913
v -0.008013 0.039989 0.007773
v -0.009107 0.041334 0.006680
v -0.010258 0.042283 0.005528
v -0.009700 0.042246 0.004946
v -0.005663 0.039182 -0.004211
v -0.012220 0.043251 -0.002784
v -0.008523 0.039085 -0.009159
v -0.008138 0.038131 -0.009652
v -0.009337 0.037941 -0.010393
v -0.011030 0.039392 -0.009894
v -0.010617 0.037632 -0.010927
v -0.010675 0.042839 -0.003567
v -0.011433 0.042911 -0.004353
v -0.012620 0.042750 -0.005476
v -0.011783 0.041434 -0.007871
v -0.011520 0.040835 -0.008596
v -0.012055 0.041953 -0.007105
v -0.012609 0.043271 -0.003177
v -0.013002 0.043251 -0.003567
v -0.012220 0.042839 -0.005112
v -0.011442 0.042136 -0.006613
v -0.009174 0.042135 -0.004345
v -0.007755 0.041109 -0.005105
v -0.009701 0.042246 -0.004946
v -0.008396 0.041277 -0.005914
v -0.010311 0.042749 -0.003167
v -0.008682 0.041953 -0.003731
v -0.007916 0.041434 -0.004003
v -0.005206 0.034664 -0.008388
v -0.006195 0.034685 -0.009591
v -0.004468 0.034602 -0.007017
v -0.005003 0.035853 -0.007579
v -0.005321 0.036998 -0.007355
v -0.004979 0.036904 -0.006702
v -0.004664 0.035785 -0.006895
v -0.007583 0.039975 -0.007316
v -0.006575 0.038179 -0.008206
v -0.007511 0.039154 -0.008275
v -0.007058 0.038195 -0.008728
v -0.006135 0.038131 -0.007650
v -0.007180 0.039924 -0.006837
v -0.005741 0.038051 -0.007063
v -0.006808 0.039839 -0.006338
v -0.005396 0.037941 -0.006450
v -0.006468 0.039722 -0.005823
v -0.005101 0.037800 -0.005818
v -0.004182 0.035594 -0.005456
v -0.004044 0.035473 -0.004712
v -0.004201 0.034556 -0.006286
v -0.004390 0.035698 -0.006186
v -0.006942 0.040658 -0.003841
v -0.007191 0.040835 -0.004267
v -0.004675 0.037435 -0.004511
v -0.007463 0.040985 -0.004688
v -0.006163 0.039573 -0.005295
v -0.005894 0.039392 -0.004756
v -0.004860 0.037632 -0.005170
v -0.010254 0.034501 -0.011784
v -0.008770 0.034602 -0.011322
v -0.007400 0.034664 -0.010582
v -0.010454 0.036643 -0.011317
v -0.010331 0.035594 -0.011606
v -0.009085 0.036904 -0.010811
v -0.008892 0.035785 -0.011126
v -0.007810 0.037065 -0.010067
v -0.007559 0.035902 -0.010383
v -0.006675 0.037120 -0.009112
v -0.006381 0.035942 -0.009406
v -0.006172 0.037106 -0.008565
v -0.005865 0.035933 -0.008840
v -0.005720 0.037065 -0.007977
v -0.005404 0.035903 -0.008229
v -0.010811 0.038551 -0.010449
v -0.009964 0.039722 -0.009320
v -0.010316 0.040464 -0.008697
v -0.011268 0.040154 -0.009273
v -0.010682 0.041110 -0.008033
v -0.009634 0.038882 -0.009891
v -0.008950 0.039924 -0.008607
v -0.009873 0.041277 -0.007391
v -0.008014 0.039992 -0.007773
v -0.009106 0.041333 -0.006680
v -0.010258 0.042283 -0.005529
v -0.010841 0.042246 -0.006086
v -0.019797 0.033665 -0.011962
v -0.019763 0.033386 -0.011968
v -0.020192 0.034170 -0.011883
v -0.020617 0.034955 -0.011783
v -0.020299 0.034593 -0.011859
v -0.019935 0.034040 -0.011936
v -0.021457 0.035659 -0.011491
v -0.021944 0.036124 -0.011235
v -0.022476 0.036666 -0.010868
v -0.022628 0.036828 -0.010744
v -0.023265 0.015072 -0.010088
v -0.023096 0.037349 -0.010290
v -0.023333 0.037631 -0.010008
v -0.023458 0.015142 -0.009836
v -0.023693 0.015212 -0.009475
v -0.023802 0.015239 -0.009279
v -0.023898 0.015261 -0.009088
v -0.023413 0.037731 -0.009902
v -0.023952 0.015273 -0.008970
v -0.024236 0.015325 -0.008141
v -0.024053 0.038662 -0.008730
v -0.024070 0.015297 -0.008680
v -0.023951 0.038489 -0.008976
v -0.023654 0.038047 -0.009543
v -0.024385 0.015345 -0.006937
v -0.024385 0.039680 -0.006937
v -0.024364 0.015343 -0.007382
v -0.024349 0.039384 -0.007531
v -0.024304 0.015335 -0.007823
v -0.024306 0.039226 -0.007820
v -0.024290 0.039176 -0.007908
v -0.019769 0.033386 0.011966
v -0.019888 0.033931 0.011944
v -0.020089 0.034307 0.011902
v -0.020227 0.034211 0.011872
v -0.020680 0.035036 0.011760
v -0.019790 0.033610 0.011962
v -0.019587 0.033386 0.011992
v -0.020553 0.035141 0.011786
v -0.020424 0.035245 0.011799
v -0.020489 0.035194 0.011795
v -0.020280 0.035358 0.011798
v -0.020293 0.035348 0.011799
v -0.022495 0.039890 0.009559
v -0.023962 0.040654 0.007688
v -0.024047 0.040561 0.007615
v -0.023982 0.040256 0.008083
v -0.024172 0.040002 0.007882
v -0.024215 0.040321 0.007427
v -0.024346 0.039993 0.007171
v -0.024356 0.039950 0.007137
v -0.024385 0.039686 0.006930
v -0.024361 0.039444 0.007420
v -0.022686 0.040583 0.008894
v -0.022775 0.041231 0.008139
v -0.023191 0.041127 0.008058
v -0.022978 0.038777 0.010051
v -0.022544 0.038068 0.010574
v -0.022339 0.038196 0.010617
v -0.022512 0.036717 0.010833
v -0.022066 0.036261 0.011153
v -0.021949 0.036358 0.011219
v -0.022923 0.037162 0.010465
v -0.022665 0.036879 0.010706
v -0.022533 0.037001 0.010806
v -0.023205 0.037486 0.010160
v -0.023068 0.037637 0.010297
v -0.022910 0.037786 0.010413
v -0.022388 0.037122 0.010889
v -0.022234 0.037241 0.010955
v -0.021696 0.036549 0.011315
v -0.021562 0.036642 0.011344
v -0.021812 0.036013 0.011304
v -0.021411 0.035641 0.011504
v -0.021825 0.036454 0.011273
v -0.021220 0.035788 0.011571
v -0.021120 0.035861 0.011594
v -0.021719 0.037568 0.011037
v -0.023614 0.040928 0.007903
v -0.023799 0.040800 0.007802
v -0.023736 0.040482 0.008254
v -0.023351 0.040337 0.008789
v -0.023194 0.040414 0.008832
v -0.023328 0.041075 0.008017
v -0.023353 0.039477 0.009420
v -0.023089 0.039642 0.009506
v -0.023499 0.040251 0.008736
v -0.023638 0.040155 0.008673
v -0.023509 0.039820 0.009061
v -0.023030 0.040481 0.008863
v -0.022720 0.041239 0.008145
v -0.022801 0.039781 0.009552
v -0.022490 0.039054 0.010140
v -0.022742 0.038924 0.010112
v -0.024340 0.039587 0.007541
v -0.024295 0.039190 0.007887
v -0.024226 0.039009 0.008193
v -0.024093 0.039166 0.008552
v -0.023937 0.038871 0.008957
v -0.023881 0.039942 0.008519
v -0.024046 0.038651 0.008748
v -0.023962 0.038508 0.008951
v -0.023752 0.038570 0.009334
v -0.023673 0.038079 0.009507
v -0.023543 0.038262 0.009683
v -0.023788 0.038242 0.009305
v -0.023873 0.038368 0.009141
v -0.023449 0.037785 0.009847
v -0.023314 0.037951 0.010004
v -0.023348 0.037659 0.009982
v -0.023192 0.038615 0.009957
v -0.022735 0.037930 0.010506
v -0.022070 0.037356 0.011002
v -0.021898 0.037465 0.011029
v -0.021282 0.036819 0.011363
v -0.023382 0.038442 0.009833
v -0.023593 0.038766 0.009502
v -0.023782 0.039086 0.009141
v -0.024216 0.039452 0.008119
v -0.023944 0.039399 0.008752
v -0.023585 0.039290 0.009297
v -0.024301 0.039728 0.007659
v -0.024076 0.039705 0.008332
v -0.023748 0.039620 0.008923
v -0.022124 0.038314 0.010633
v -0.021902 0.038420 0.010622
v -0.022720 0.043138 0.004081
v -0.024356 0.040877 0.005654
v -0.024385 0.040576 0.005507
v -0.024385 0.041386 0.002000
v -0.024385 0.041210 0.003670
v -0.024356 0.041721 0.002000
v -0.024356 0.041537 0.003740
v -0.024316 0.041903 0.002000
v -0.024215 0.041998 0.003838
v -0.023962 0.042412 0.003926
v -0.024117 0.042386 0.002000
v -0.024215 0.042192 0.002000
v -0.023614 0.042752 0.003999
v -0.023799 0.042800 0.002000
v -0.023962 0.042615 0.002000
v -0.023191 0.042999 0.004052
v -0.023385 0.043118 0.002000
v -0.023614 0.042963 0.002000
v -0.022720 0.043358 0.002000
v -0.022902 0.043318 0.002000
v -0.023191 0.043216 0.002000
v -0.022720 0.042348 0.006371
v -0.023191 0.042221 0.006309
v -0.023614 0.041994 0.006198
v -0.023962 0.041681 0.006046
v -0.024215 0.041301 0.005860
v -0.022720 0.043358 -0.002000
v -0.022902 0.043318 -0.002000
v -0.023191 0.043216 -0.002000
v -0.023385 0.043118 -0.002000
v -0.023614 0.042963 -0.002000
v -0.023799 0.042800 -0.002000
v -0.023962 0.042615 -0.002000
v -0.024117 0.042386 -0.002000
v -0.024215 0.042192 -0.002000
v -0.024316 0.041903 -0.002000
v -0.024356 0.041721 -0.002000
v -0.024385 0.041386 -0.002000
v -0.024356 0.041537 -0.003743
v -0.024385 0.041209 -0.003673
v -0.024385 0.040574 -0.005512
v -0.024356 0.039944 -0.007144
v -0.024356 0.040875 -0.005659
v -0.024346 0.039987 -0.007178
v -0.024215 0.041298 -0.005866
v -0.024298 0.040137 -0.007295
v -0.023962 0.041678 -0.006052
v -0.024047 0.040555 -0.007623
v -0.024215 0.040315 -0.007435
v -0.023614 0.041991 -0.006205
v -0.023799 0.040793 -0.007810
v -0.023962 0.040648 -0.007696
v -0.023191 0.042218 -0.006316
v -0.023497 0.040988 -0.007963
v -0.023614 0.040922 -0.007911
v -0.022720 0.041232 -0.008154
v -0.022720 0.042345 -0.006378
v -0.022775 0.041224 -0.008148
v -0.023191 0.041120 -0.008067
v -0.022720 0.043137 -0.004085
v -0.023191 0.042999 -0.004055
v -0.023614 0.042752 -0.004002
v -0.023962 0.042411 -0.003930
v -0.024215 0.041998 -0.003841
v -0.023041 0.037594 -0.010332
v -0.022884 0.037741 -0.010447
v -0.022353 0.037067 -0.010923
v -0.023438 0.040659 -0.008402
v -0.024338 0.039577 -0.007555
v -0.023983 0.038737 -0.008887
v -0.023592 0.038138 -0.009633
v -0.023112 0.037520 -0.010267
v -0.024069 0.039689 -0.008353
v -0.023765 0.039059 -0.009172
v -0.024146 0.039564 -0.008250
v -0.023849 0.038954 -0.009083
v -0.024209 0.039437 -0.008141
v -0.023922 0.038846 -0.008988
v -0.024257 0.039307 -0.008026
v -0.023523 0.038229 -0.009717
v -0.023445 0.038318 -0.009795
v -0.023361 0.038407 -0.009866
v -0.023171 0.038578 -0.009988
v -0.023874 0.039925 -0.008539
v -0.023568 0.039261 -0.009326
v -0.023978 0.039809 -0.008450
v -0.023671 0.039162 -0.009253
v -0.023457 0.039357 -0.009392
v -0.023758 0.040035 -0.008621
v -0.022958 0.038738 -0.010081
v -0.023337 0.039447 -0.009448
v -0.023074 0.039612 -0.009534
v -0.023630 0.040137 -0.008693
v -0.023344 0.040318 -0.008809
v -0.023104 0.040804 -0.008494
v -0.020497 0.035054 -0.011807
v -0.020975 0.035850 -0.011634
v -0.020374 0.035153 -0.011819
v -0.021387 0.036659 -0.011389
v -0.020249 0.035251 -0.011819
v -0.021248 0.036744 -0.011392
v -0.021108 0.036825 -0.011382
v -0.022103 0.038264 -0.010663
v -0.021884 0.038369 -0.010653
v -0.022485 0.039860 -0.009586
v -0.022316 0.038147 -0.010647
v -0.022474 0.039014 -0.010170
v -0.021170 0.035711 -0.011598
v -0.022496 0.036948 -0.010842
v -0.021781 0.036387 -0.011305
v -0.021904 0.036294 -0.011252
v -0.023733 0.040471 -0.008268
v -0.022709 0.037883 -0.010538
v -0.022199 0.037183 -0.010987
v -0.021522 0.036571 -0.011373
v -0.022037 0.037296 -0.011033
v -0.022519 0.038019 -0.010606
v -0.022724 0.038884 -0.010142
v -0.022788 0.039750 -0.009580
v -0.023024 0.040462 -0.008883
v -0.022682 0.040565 -0.008914
v -0.019586 0.033386 -0.011992
v -0.021752 0.013658 0.011334
v -0.023690 0.015211 0.009472
v -0.023302 0.015087 0.010038
v -0.024069 0.015297 0.008678
v -0.023961 0.015275 0.008944
v -0.024308 0.015335 0.007798
v -0.024210 0.015321 0.008238
v -0.024385 0.015345 0.006930
v -0.024382 0.015345 0.007085
v -0.023810 0.015242 0.009256
v -0.021841 0.013918 0.011285
v -0.022508 0.014676 0.010835
v -0.022732 0.014820 0.010645
v -0.022283 0.014497 0.011005
v -0.021998 0.014184 0.011193
v -0.022773 0.014565 0.010586
v -0.022793 0.013449 0.009754
v -0.022779 0.013429 0.009810
v -0.022762 0.013453 0.009941
v -0.022816 0.013433 0.009444
v -0.022974 0.013514 0.008856
v -0.022866 0.013445 0.008971
v -0.022939 0.013513 0.009072
v -0.022831 0.013439 0.009313
v -0.022870 0.013499 0.009428
v -0.022813 0.013469 0.009673
v -0.022815 0.013516 0.009798
v -0.022901 0.013564 0.009542
v -0.022786 0.013386 0.009583
v -0.022786 0.013386 0.009585
v -0.022786 0.013386 0.009590
v -0.022786 0.013388 0.009643
v -0.022786 0.013386 0.009599
v -0.022786 0.013386 0.009616
v -0.022786 0.013388 0.009643
v -0.022787 0.013406 0.009677
v -0.022794 0.013416 0.009625
v -0.022804 0.013425 0.009547
v -0.022809 0.013568 0.009921
v -0.022736 0.013480 0.010071
v -0.022795 0.013623 0.010042
v -0.022783 0.013392 0.009695
v -0.022942 0.013711 0.009765
v -0.023166 0.013855 0.009458
v -0.022925 0.013635 0.009654
v -0.023066 0.013671 0.009269
v -0.022774 0.013681 0.010160
v -0.022660 0.013539 0.010322
v -0.022552 0.013605 0.010559
v -0.022953 0.013792 0.009872
v -0.022951 0.013966 0.010078
v -0.023236 0.014063 0.009636
v -0.022920 0.014155 0.010268
v -0.023275 0.014291 0.009799
v -0.022860 0.014356 0.010438
v -0.023281 0.014535 0.009942
v -0.023256 0.014789 0.010065
v -0.022491 0.014088 0.010782
v -0.022614 0.013943 0.010594
v -0.022709 0.013807 0.010385
v -0.022413 0.013677 0.010778
v -0.022343 0.014238 0.010945
v -0.022245 0.013752 0.010975
v -0.024065 0.014367 0.007736
v -0.024198 0.014674 0.007772
v -0.024200 0.014505 0.006930
v -0.024268 0.014674 0.006930
v -0.024279 0.015000 0.007801
v -0.024351 0.014982 0.006930
v -0.023114 0.013483 0.006930
v -0.023064 0.013500 0.008096
v -0.023135 0.013491 0.006930
v -0.023393 0.013643 0.007584
v -0.023420 0.013634 0.006930
v -0.023657 0.013845 0.007640
v -0.023572 0.013736 0.006930
v -0.023883 0.014088 0.007691
v -0.023934 0.014081 0.006930
v -0.024127 0.014363 0.006930
v -0.023008 0.013511 0.008619
v -0.023038 0.013506 0.008364
v -0.023205 0.013675 0.008779
v -0.023319 0.013660 0.008209
v -0.023374 0.013873 0.008932
v -0.023545 0.013863 0.008317
v -0.023512 0.014102 0.009073
v -0.023737 0.014101 0.008416
v -0.023615 0.014355 0.009201
v -0.023889 0.014371 0.008504
v -0.023679 0.014629 0.009312
v -0.023996 0.014666 0.008578
v -0.023704 0.014917 0.009403
v -0.024057 0.014977 0.008636
v -0.023137 0.013676 0.009036
v -0.023006 0.013588 0.009171
v -0.023235 0.013601 -0.008174
v -0.023050 0.013492 -0.008093
v -0.023084 0.013482 -0.007526
v -0.023141 0.013615 -0.008729
v -0.022996 0.013503 -0.008615
v -0.022808 0.014489 -0.010540
v -0.022794 0.013446 -0.009747
v -0.024165 0.014877 -0.008213
v -0.024256 0.014883 -0.007795
v -0.023240 0.014880 -0.010105
v -0.023886 0.014846 -0.009008
v -0.023702 0.014815 -0.009376
v -0.024041 0.014866 -0.008619
v -0.024312 0.014885 -0.007368
v -0.024331 0.014886 -0.006937
v -0.024351 0.014982 -0.006937
v -0.023097 0.013476 -0.006937
v -0.022840 0.013411 -0.008498
v -0.022824 0.013412 -0.008921
v -0.022898 0.013500 -0.009255
v -0.022866 0.013492 -0.009420
v -0.022808 0.013410 -0.009256
v -0.022805 0.013409 -0.009324
v -0.022801 0.013407 -0.009385
v -0.022798 0.013406 -0.009440
v -0.022796 0.013404 -0.009487
v -0.022793 0.013402 -0.009527
v -0.022787 0.013387 -0.009593
v -0.022787 0.013387 -0.009595
v -0.022786 0.013386 -0.009587
v -0.022786 0.013386 -0.009585
v -0.022788 0.013395 -0.009613
v -0.022787 0.013394 -0.009623
v -0.022954 0.013805 -0.009895
v -0.022939 0.013690 -0.009741
v -0.022864 0.013654 -0.009895
v -0.022800 0.013609 -0.010017
v -0.023261 0.014176 -0.009724
v -0.023280 0.014343 -0.009835
v -0.022911 0.014198 -0.010312
v -0.022866 0.014342 -0.010432
v -0.023494 0.014767 -0.009717
v -0.023270 0.014697 -0.010026
v -0.022932 0.013505 -0.009065
v -0.023026 0.013613 -0.009206
v -0.023107 0.013736 -0.009344
v -0.023022 0.013718 -0.009557
v -0.023272 0.013745 -0.008841
v -0.023174 0.013871 -0.009477
v -0.023488 0.014053 -0.009049
v -0.023570 0.014228 -0.009144
v -0.023820 0.014235 -0.008465
v -0.023702 0.014050 -0.008399
v -0.023563 0.013881 -0.008328
v -0.023283 0.014517 -0.009936
v -0.023463 0.014388 -0.009547
v -0.023634 0.014415 -0.009230
v -0.023787 0.014429 -0.008888
v -0.023495 0.013714 -0.007609
v -0.023677 0.013864 -0.007648
v -0.023718 0.013855 -0.006937
v -0.023572 0.013736 -0.006937
v -0.023527 0.013703 -0.006937
v -0.023781 0.014043 -0.008048
v -0.023840 0.014036 -0.007685
v -0.023876 0.014031 -0.007313
v -0.023934 0.014081 -0.006937
v -0.024200 0.014505 -0.006937
v -0.024146 0.014431 -0.007345
v -0.024099 0.014433 -0.007748
v -0.024022 0.014435 -0.008142
v -0.023917 0.014435 -0.008523
v -0.022955 0.013928 -0.010042
v -0.022786 0.013386 -0.009587
v -0.022787 0.013387 -0.009590
v -0.022787 0.013387 -0.009587
v -0.022787 0.013387 -0.009583
v -0.022787 0.013393 -0.009631
v -0.022787 0.013388 -0.009579
v -0.022787 0.013388 -0.009575
v -0.022787 0.013388 -0.009566
v -0.022789 0.013397 -0.009590
v -0.022791 0.013399 -0.009562
v -0.022813 0.013464 -0.009666
v -0.022837 0.013480 -0.009558
v -0.023135 0.013491 -0.006937
v -0.023296 0.013585 -0.007568
v -0.023407 0.013731 -0.008253
v -0.023388 0.013892 -0.008948
v -0.023225 0.014018 -0.009604
v -0.022940 0.014060 -0.010181
v -0.017802 0.030886 -0.008125
v -0.017977 0.030886 -0.008547
v -0.016286 0.030886 -0.009000
v -0.018036 0.030886 -0.009000
v -0.017977 0.030886 -0.009453
v -0.016739 0.030886 -0.007310
v -0.017161 0.030886 -0.007484
v -0.017524 0.030886 -0.007763
v -0.015411 0.030886 -0.007484
v -0.015833 0.030886 -0.007310
v -0.016286 0.030886 -0.007250
v -0.014596 0.030886 -0.008547
v -0.014771 0.030886 -0.008125
v -0.015049 0.030886 -0.007763
v -0.014771 0.030886 -0.009875
v -0.014596 0.030886 -0.009453
v -0.014536 0.030886 -0.009000
v -0.015833 0.030886 -0.010690
v -0.015411 0.030886 -0.010516
v -0.015049 0.030886 -0.010237
v -0.017161 0.030886 -0.010516
v -0.016739 0.030886 -0.010690
v -0.016286 0.030886 -0.010750
v -0.017802 0.030886 -0.009875
v -0.017524 0.030886 -0.010237
v -0.011802 0.030886 0.009875
v -0.011977 0.030886 0.009453
v -0.010286 0.030886 0.009000
v -0.012036 0.030886 0.009000
v -0.011977 0.030886 0.008547
v -0.010739 0.030886 0.010690
v -0.011161 0.030886 0.010516
v -0.011524 0.030886 0.010237
v -0.009411 0.030886 0.010516
v -0.009833 0.030886 0.010690
v -0.010286 0.030886 0.010750
v -0.008596 0.030886 0.009453
v -0.008771 0.030886 0.009875
v -0.009049 0.030886 0.010237
v -0.008771 0.030886 0.008125
v -0.008596 0.030886 0.008547
v -0.008536 0.030886 0.009000
v -0.009833 0.030886 0.007310
v -0.009411 0.030886 0.007484
v -0.009049 0.030886 0.007763
v -0.011161 0.030886 0.007484
v -0.010739 0.030886 0.007310
v -0.010286 0.030886 0.007250
v -0.011802 0.030886 0.008125
v -0.011524 0.030886 0.007763
v -0.020802 0.030886 0.000875
v -0.020977 0.030886 0.000453
v -0.019286 0.030886 -0.000000
v -0.021036 0.030886 -0.000000
v -0.020977 0.030886 -0.000453
v -0.019739 0.030886 0.001690
v -0.020161 0.030886 0.001516
v -0.020524 0.030886 0.001237
v -0.018411 0.030886 0.001516
v -0.018833 0.030886 0.001690
v -0.019286 0.030886 0.001750
v -0.017596 0.030886 0.000453
v -0.017771 0.030886 0.000875
v -0.018049 0.030886 0.001237
v -0.017771 0.030886 -0.000875
v -0.017596 0.030886 -0.000453
v -0.017536 0.030886 -0.000000
v -0.018833 0.030886 -0.001690
v -0.018411 0.030886 -0.001516
v -0.018049 0.030886 -0.001237
v -0.020161 0.030886 -0.001516
v -0.019739 0.030886 -0.001690
v -0.019286 0.030886 -0.001750
v -0.020802 0.030886 -0.000875
v -0.020524 0.030886 -0.001237
v -0.011802 0.030886 -0.008125
v -0.011977 0.030886 -0.008547
v -0.010286 0.030886 -0.009000
v -0.012036 0.030886 -0.009000
v -0.011977 0.030886 -0.009453
v -0.010739 0.030886 -0.007310
v -0.011161 0.030886 -0.007484
v -0.011524 0.030886 -0.007763
v -0.009411 0.030886 -0.007484
v -0.009833 0.030886 -0.007310
v -0.010286 0.030886 -0.007250
v -0.008596 0.030886 -0.008547
v -0.008771 0.030886 -0.008125
v -0.009049 0.030886 -0.007763
v -0.008771 0.030886 -0.009875
v -0.008596 0.030886 -0.009453
v -0.008536 0.030886 -0.009000
v -0.009833 0.030886 -0.010690
v -0.009411 0.030886 -0.010516
v -0.009049 0.030886 -0.010237
v -0.011161 0.030886 -0.010516
v -0.010739 0.030886 -0.010690
v -0.010286 0.030886 -0.010750
v -0.011802 0.030886 -0.009875
v -0.011524 0.030886 -0.010237
v -0.017802 0.030886 0.009875
v -0.017977 0.030886 0.009453
v -0.016286 0.030886 0.009000
v -0.018036 0.030886 0.009000
v -0.017977 0.030886 0.008547
v -0.016739 0.030886 0.010690
v -0.017161 0.030886 0.010516
v -0.017524 0.030886 0.010237
v -0.015411 0.030886 0.010516
v -0.015833 0.030886 0.010690
v -0.016286 0.030886 0.010750
v -0.014596 0.030886 0.009453
v -0.014771 0.030886 0.009875
v -0.015049 0.030886 0.010237
v -0.014771 0.030886 0.008125
v -0.014596 0.030886 0.008547
v -0.014536 0.030886 0.009000
v -0.015833 0.030886 0.007310
v -0.015411 0.030886 0.007484
v -0.015049 0.030886 0.007763
v -0.017161 0.030886 0.007484
v -0.016739 0.030886 0.007310
v -0.016286 0.030886 0.007250
v -0.017802 0.030886 0.008125
v -0.017524 0.030886 0.007763
v -0.005771 0.030886 -0.000875
v -0.005596 0.030886 -0.000453
v -0.007286 0.030886 -0.000000
v -0.005536 0.030886 -0.000000
v -0.005596 0.030886 0.000453
v -0.006833 0.030886 -0.001690
v -0.006411 0.030886 -0.001516
v -0.006049 0.030886 -0.001237
v -0.008161 0.030886 -0.001516
v -0.007739 0.030886 -0.001690
v -0.007286 0.030886 -0.001750
v -0.008977 0.030886 -0.000453
v -0.008802 0.030886 -0.000875
v -0.008524 0.030886 -0.001237
v -0.008802 0.030886 0.000875
v -0.008977 0.030886 0.000453
v -0.009036 0.030886 -0.000000
v -0.007739 0.030886 0.001690
v -0.008161 0.030886 0.001516
v -0.008524 0.030886 0.001237
v -0.006411 0.030886 0.001516
v -0.006833 0.030886 0.001690
v -0.007286 0.030886 0.001750
v -0.005771 0.030886 0.000875
v -0.006049 0.030886 0.001237
v -0.005286 0.010886 0.008000
v -0.021286 0.010886 0.008000
v -0.005286 0.010886 -0.008000
v -0.021286 0.010886 -0.008000
v -0.013286 0.010886 -0.000000
vn -0.0000 -1.0000 -0.0000
vn -0.9515 -0.0000 0.3078
vn -0.8530 -0.0000 0.5219
vn -0.7071 -0.0000 0.7071
vn -0.5219 -0.0000 0.8530
vn -0.3078 -0.0000 0.9515
vn 0.8660 -0.0000 0.5000
vn -0.3475 -0.4742 0.8089
vn -0.2767 -0.7083 0.6493
vn -0.2352 -0.7948 0.5595
vn -0.2377 -0.7911 0.5637
vn -0.3139 -0.6061 0.7308
vn -0.3244 -0.5178 0.7916
vn -0.3072 -0.6213 0.7208
vn -0.3936 -0.1297 0.9101
vn -0.3891 -0.0789 0.9178
vn -0.3881 -0.2030 0.8990
vn -0.3666 -0.3805 0.8490
vn -0.3664 -0.2548 0.8949
vn -0.3664 -0.3627 0.8568
vn -0.0476 -0.9929 0.1090
vn -0.0512 -0.9913 0.1211
vn -0.2043 -0.8549 0.4768
vn -0.1629 -0.9104 0.3802
vn -0.1492 -0.9228 0.3552
vn -0.1164 -0.9560 0.2693
vn -0.0973 -0.9695 0.2250
vn -0.8660 -0.0000 -0.5000
vn -0.8660 -0.0000 -0.5001
vn -0.8660 -0.0000 0.5000
vn -0.1305 -0.0000 -0.9914
vn -0.3827 -0.0000 -0.9239
vn -0.6088 -0.0000 -0.7933
vn -0.6088 -0.0000 -0.7934
vn -0.7934 -0.0000 -0.6088
vn -0.9239 -0.0000 -0.3827
vn -0.9914 -0.0000 -0.1305
vn -0.9914 -0.0000 0.1305
vn -0.9239 -0.0000 0.3827
vn -0.0000 -0.0000 -1.0000
vn 0.7829 -0.0000 -0.6222
vn 0.3407 -0.0000 0.9402
vn 0.0914 -0.0000 0.9958
vn -0.1639 -0.0000 0.9865
vn -0.4085 -0.0000 0.9128
vn -0.6264 -0.0000 0.7795
vn -0.8035 -0.0000 0.5953
vn -0.9281 -0.0000 0.3723
vn -0.9922 -0.0000 0.1250
vn -0.9915 -0.0000 -0.1304
vn -0.9261 -0.0000 -0.3774
vn -0.8002 -0.0000 -0.5997
vn -0.6222 -0.0000 -0.7829
vn -0.4035 -0.0000 -0.9150
vn -0.1585 -0.0000 -0.9874
vn 0.0968 -0.0000 -0.9953
vn 0.3458 -0.0000 -0.9383
vn 0.5723 -0.0000 -0.8200
vn 0.7614 -0.0000 -0.6483
vn 0.9008 -0.0000 -0.4342
vn 0.9814 -0.0000 -0.1918
vn 0.9980 -0.0000 0.0631
vn 0.9495 -0.0000 0.3139
vn 0.8389 -0.0000 0.5442
vn -0.7829 -0.0000 0.6222
vn -0.6087 -0.0000 -0.7934
vn -0.0000 -0.0000 1.0000
vn 0.8660 -0.0000 -0.5000
vn 0.1305 -0.0000 0.9914
vn 0.3827 -0.0000 0.9239
vn 0.6088 -0.0000 0.7934
vn 0.6088 -0.0000 0.7933
vn 0.7933 -0.0000 0.6088
vn 0.7934 -0.0000 0.6088
vn 0.9239 -0.0000 0.3827
vn 0.9914 -0.0000 0.1305
vn 0.9914 -0.0000 -0.1305
vn 0.9239 -0.0000 -0.3827
vn -0.1305 -0.0000 0.9914
vn -0.3827 -0.0000 0.9239
vn -0.6088 -0.0000 0.7933
vn -0.7933 -0.0000 0.6088
vn -0.7934 -0.0000 0.6088
vn -0.6088 -0.0000 0.7934
vn -0.7934 -0.0000 0.6087
vn -0.5000 -0.0000 0.8660
vn 0.8633 -0.0797 0.4984
vn 0.5000 -0.0000 -0.8660
vn -0.5000 -0.0000 -0.8660
vn -0.8633 -0.0797 0.4984
vn 0.5000 -0.0000 0.8660
vn -1.0000 -0.0000 -0.0000
vn -0.0000 -0.0797 0.9968
vn 1.0000 -0.0000 -0.0000
vn -0.0000 -0.0797 -0.9968
vn 0.1305 -0.0000 -0.9914
vn 0.3827 -0.0000 -0.9239
vn 0.6088 -0.0000 -0.7934
vn 0.6087 -0.0000 -0.7934
vn 0.7934 -0.0000 -0.6088
vn 0.7829 -0.0000 0.6222
vn -0.8389 -0.0000 0.5442
vn -0.9495 -0.0000 0.3139
vn -0.9980 -0.0000 0.0631
vn -0.9814 -0.0000 -0.1918
vn -0.9008 -0.0000 -0.4342
vn -0.7614 -0.0000 -0.6483
vn -0.5723 -0.0000 -0.8200
vn -0.3458 -0.0000 -0.9383
vn -0.0968 -0.0000 -0.9953
vn 0.1585 -0.0000 -0.9874
vn 0.4035 -0.0000 -0.9150
vn 0.6222 -0.0000 -0.7829
vn 0.8002 -0.0000 -0.5997
vn 0.9261 -0.0000 -0.3774
vn 0.9915 -0.0000 -0.1304
vn 0.9922 -0.0000 0.1250
vn 0.9281 -0.0000 0.3723
vn 0.8035 -0.0000 0.5953
vn 0.6264 -0.0000 0.7795
vn 0.4085 -0.0000 0.9128
vn 0.1639 -0.0000 0.9865
vn -0.0914 -0.0000 0.9958
vn -0.3407 -0.0000 0.9402
vn -0.7829 -0.0000 -0.6222
vn -0.9643 -0.0000 0.2648
vn -0.9239 -0.0003 0.3827
vn -0.9214 -0.0000 0.3885
vn -0.9643 -0.0054 -0.2649
vn -0.9214 -0.0000 -0.3885
vn -0.8633 -0.0797 -0.4984
vn -1.0000 0.0001 -0.0000
vn -0.0000 -0.7071 -0.7071
vn 0.7071 -0.5000 -0.5000
vn 0.7071 -0.7071 -0.0000
vn 0.7071 -0.5000 0.5000
vn -0.0000 -0.7071 0.7071
vn 0.2239 -0.0000 0.9746
vn 0.4511 -0.0000 0.8925
vn 0.9956 -0.0000 0.0933
vn 0.9899 -0.0000 -0.1418
vn 0.9294 -0.0000 -0.3690
vn 0.8176 -0.0000 -0.5758
vn 0.6605 -0.0000 -0.7508
vn 0.4670 -0.0000 -0.8843
vn 0.4707 -0.0000 -0.8823
vn 0.2881 -0.0000 -0.9576
vn -0.7071 -0.5000 -0.5000
vn -0.4511 -0.0000 0.8925
vn -0.2239 -0.0000 0.9746
vn -0.4670 -0.0000 -0.8843
vn -0.6605 -0.0000 -0.7508
vn -0.8176 -0.0000 -0.5758
vn -0.9294 -0.0000 -0.3690
vn -0.9899 -0.0000 -0.1418
vn -0.9956 -0.0000 0.0933
vn -0.2881 -0.0000 -0.9576
vn -0.4707 -0.0000 -0.8823
vn 0.4511 -0.0000 -0.8925
vn 0.2239 -0.0000 -0.9746
vn -0.9065 0.4222 -0.0000
vn -0.7826 0.6225 -0.0000
vn -0.6153 0.7883 -0.0000
vn -0.4139 0.9103 -0.0000
vn -0.1895 0.9819 -0.0000
vn 0.0454 0.9990 -0.0000
vn 0.2778 0.9606 -0.0000
vn 0.4948 0.8690 -0.0000
vn -0.9264 0.3765 -0.0000
vn -0.8666 0.4990 -0.0000
vn 0.8666 0.4990 -0.0000
vn 0.9264 0.3765 -0.0000
vn -0.8931 0.4499 -0.0000
vn -0.9762 0.2167 -0.0000
vn -0.9996 -0.0297 -0.0000
vn -0.9616 -0.2743 -0.0000
vn -0.8648 -0.5021 -0.0000
vn -0.7149 -0.6992 -0.0000
vn -0.7071 -0.7071 -0.0000
vn 0.4499 -0.8931 -0.0000
vn 0.2167 -0.9762 -0.0000
vn -0.0297 -0.9996 -0.0000
vn -0.2743 -0.9616 -0.0000
vn -0.5021 -0.8648 -0.0000
vn -0.6992 -0.7149 -0.0000
vn 0.4990 -0.8666 -0.0000
vn 0.3765 -0.9264 -0.0000
vn 0.0983 0.9952 -0.0000
vn 0.2911 0.9567 -0.0000
vn 0.4726 0.8813 -0.0000
vn 0.4499 0.8931 -0.0000
vn 0.2167 0.9762 -0.0000
vn -0.0297 0.9996 -0.0000
vn -0.2743 0.9616 -0.0000
vn -0.5021 0.8648 -0.0000
vn -0.6992 0.7149 -0.0000
vn 0.7071 0.7071 -0.0000
vn -0.7071 0.7071 -0.0000
vn -0.4499 0.8931 -0.0000
vn -0.2167 0.9762 -0.0000
vn 0.0297 0.9996 -0.0000
vn 0.2743 0.9616 -0.0000
vn 0.5021 0.8648 -0.0000
vn 0.6992 0.7149 -0.0000
vn -0.3765 -0.9264 -0.0000
vn -0.4990 -0.8666 -0.0000
vn -0.4726 0.8813 -0.0000
vn -0.2911 0.9567 -0.0000
vn -0.0983 0.9952 -0.0000
vn -0.4499 -0.8931 -0.0000
vn -0.2167 -0.9762 -0.0000
vn 0.0297 -0.9996 -0.0000
vn 0.2743 -0.9616 -0.0000
vn 0.5021 -0.8648 -0.0000
vn 0.6992 -0.7149 -0.0000
vn -0.4222 -0.9065 -0.0000
vn -0.6225 -0.7826 -0.0000
vn -0.7883 -0.6153 -0.0000
vn -0.9103 -0.4139 -0.0000
vn -0.9819 -0.1895 -0.0000
vn -0.9990 0.0454 -0.0000
vn -0.9606 0.2778 -0.0000
vn -0.8690 0.4948 -0.0000
vn -0.6522 0.7580 -0.0000
vn -0.7580 0.6522 -0.0000
vn -0.4948 0.8690 -0.0000
vn -0.2778 0.9606 -0.0000
vn -0.0454 0.9990 -0.0000
vn 0.1895 0.9819 -0.0000
vn 0.4139 0.9103 -0.0000
vn 0.6153 0.7883 -0.0000
vn 0.7826 0.6225 -0.0000
vn 0.9065 0.4222 -0.0000
vn -0.0000 1.0000 -0.0000
vn -0.9554 0.2952 -0.0000
vn -0.8624 0.5062 -0.0000
vn -0.7235 0.6903 -0.0000
vn -0.5462 0.8377 -0.0000
vn -0.3398 0.9405 -0.0000
vn -0.1153 0.9933 -0.0000
vn -0.9831 0.1831 -0.0000
vn 0.8931 -0.4499 -0.0000
vn 0.9762 -0.2167 -0.0000
vn 0.9996 0.0297 -0.0000
vn 0.9616 0.2743 -0.0000
vn 0.8648 0.5021 -0.0000
vn 0.7149 0.6992 -0.0000
vn 0.9952 -0.0983 -0.0000
vn 0.9567 -0.2911 -0.0000
vn 0.8813 -0.4726 -0.0000
vn -0.8813 -0.4726 -0.0000
vn -0.9567 -0.2911 -0.0000
vn -0.9952 -0.0983 -0.0000
vn -0.8931 -0.4499 -0.0000
vn -0.9762 -0.2167 -0.0000
vn -0.9996 0.0297 -0.0000
vn -0.9616 0.2743 -0.0000
vn -0.8648 0.5021 -0.0000
vn -0.7149 0.6992 -0.0000
vn 0.1153 0.9933 -0.0000
vn 0.3398 0.9405 -0.0000
vn 0.5462 0.8377 -0.0000
vn 0.7235 0.6903 -0.0000
vn 0.8624 0.5062 -0.0000
vn 0.9554 0.2952 -0.0000
vn 0.9831 0.1831 -0.0000
vn 0.8931 0.4499 -0.0000
vn 0.9762 0.2167 -0.0000
vn 0.9996 -0.0297 -0.0000
vn 0.9616 -0.2743 -0.0000
vn 0.8648 -0.5021 -0.0000
vn 0.7149 -0.6992 -0.0000
vn 0.1305 -0.9914 -0.0000
vn 0.3827 -0.9239 -0.0000
vn 0.6088 -0.7934 -0.0000
vn 0.7934 -0.6088 -0.0000
vn 0.9239 -0.3827 -0.0000
vn 0.9914 -0.1305 -0.0000
vn 0.9914 0.1305 -0.0000
vn 0.9239 0.3827 -0.0000
vn 0.7934 0.6088 -0.0000
vn 0.6088 0.7934 -0.0000
vn 0.3827 0.9239 -0.0000
vn 0.1305 0.9914 -0.0000
vn -0.1305 0.9914 -0.0000
vn -0.3827 0.9239 -0.0000
vn -0.6088 0.7934 -0.0000
vn -0.7934 0.6088 -0.0000
vn -0.9239 0.3827 -0.0000
vn -0.9914 0.1305 -0.0000
vn -0.9914 -0.1305 -0.0000
vn -0.9239 -0.3827 -0.0000
vn -0.7934 -0.6088 -0.0000
vn -0.6088 -0.7934 -0.0000
vn -0.3827 -0.9239 -0.0000
vn -0.1305 -0.9914 -0.0000
vn -0.7933 0.6088 -0.0053
vn -0.7232 0.6907 -0.0000
vn 0.6907 -0.7232 -0.0000
vn 0.6088 -0.7933 -0.0053
vn 0.5904 -0.8071 -0.0000
vn -0.8071 0.5904 -0.0000
vn 0.7580 0.6522 -0.0000
vn 0.6522 0.7580 -0.0000
vn 0.8690 0.4948 -0.0000
vn 0.9606 0.2778 -0.0000
vn 0.9990 0.0454 -0.0000
vn 0.9819 -0.1895 -0.0000
vn 0.9103 -0.4139 -0.0000
vn 0.7883 -0.6153 -0.0000
vn 0.6225 -0.7826 -0.0000
vn 0.4222 -0.9065 -0.0000
vn 0.6088 -0.7933 0.0053
vn -0.7933 0.6088 0.0053
vn 0.7071 0.5000 0.5000
vn -0.0000 0.7071 0.7071
vn -0.7071 0.5000 0.5000
vn -0.6087 -0.0000 0.7934
vn -0.9642 -0.0054 -0.2650
vn -0.9643 -0.0000 0.2649
vn 0.7933 -0.0000 -0.6088
vn 0.6087 -0.0000 0.7934
vn 0.8389 -0.0000 -0.5442
vn 0.9495 -0.0000 -0.3139
vn 0.9980 -0.0000 -0.0631
vn 0.9814 -0.0000 0.1918
vn 0.9008 -0.0000 0.4342
vn 0.7614 -0.0000 0.6483
vn 0.5723 -0.0000 0.8200
vn 0.3458 -0.0000 0.9383
vn 0.0968 -0.0000 0.9953
vn -0.1585 -0.0000 0.9874
vn -0.4035 -0.0000 0.9150
vn -0.6222 -0.0000 0.7829
vn -0.8002 -0.0000 0.5997
vn -0.9261 -0.0000 0.3774
vn -0.9915 -0.0000 0.1304
vn -0.9922 -0.0000 -0.1250
vn -0.9281 -0.0000 -0.3723
vn -0.8035 -0.0000 -0.5953
vn -0.6264 -0.0000 -0.7795
vn -0.4085 -0.0000 -0.9128
vn -0.1639 -0.0000 -0.9865
vn 0.0914 -0.0000 -0.9958
vn 0.3407 -0.0000 -0.9402
vn 0.0001 -0.0000 1.0000
vn -0.4984 -0.0797 0.8633
vn 0.9968 -0.0797 -0.0000
vn -0.4984 -0.0797 -0.8633
vn -0.4707 -0.0000 0.8823
vn -0.2881 -0.0000 0.9576
vn -0.9956 -0.0000 -0.0933
vn -0.9899 -0.0000 0.1418
vn -0.9294 -0.0000 0.3690
vn -0.8176 -0.0000 0.5758
vn -0.6605 -0.0000 0.7508
vn -0.4670 -0.0000 0.8843
vn -0.2239 -0.0000 -0.9746
vn -0.4511 -0.0000 -0.8925
vn 0.2881 -0.0000 0.9576
vn 0.4707 -0.0000 0.8823
vn 0.4670 -0.0000 0.8843
vn 0.6605 -0.0000 0.7508
vn 0.8176 -0.0000 0.5758
vn 0.9294 -0.0000 0.3690
vn 0.9899 -0.0000 0.1418
vn 0.9956 -0.0000 -0.0933
vn -0.8661 -0.0001 0.4999
vn -0.3946 -0.1092 -0.9123
vn -0.3913 -0.1296 -0.9111
vn -0.3855 -0.2331 -0.8928
vn -0.3807 -0.2789 -0.8817
vn -0.3632 -0.3803 -0.8505
vn -0.3621 -0.3982 -0.8428
vn -0.3420 -0.4992 -0.7961
vn -0.3118 -0.6060 -0.7318
vn -0.3196 -0.5538 -0.7688
vn -0.1894 -0.8768 -0.4420
vn -0.2291 -0.8135 -0.5346
vn -0.2373 -0.7910 -0.5639
vn -0.2768 -0.7083 -0.6494
vn -0.3007 -0.6418 -0.7055
vn -0.1664 -0.9055 -0.3904
vn -0.1485 -0.9228 -0.3556
vn -0.1256 -0.9486 -0.2905
vn -0.0800 -0.9795 -0.1849
vn -0.0487 -0.9913 -0.1226
vn -0.0297 -0.9972 -0.0681
vn -0.3078 -0.0000 -0.9515
vn -0.5219 -0.0000 -0.8530
vn -0.7071 -0.0000 -0.7071
vn -0.8530 -0.0000 -0.5219
vn -0.9515 -0.0000 -0.3078
vn -0.8090 -0.4742 -0.3475
vn -0.6493 -0.7084 -0.2768
vn -0.5595 -0.7948 -0.2352
vn -0.5637 -0.7911 -0.2377
vn -0.7308 -0.6061 -0.3139
vn -0.7916 -0.5178 -0.3244
vn -0.7208 -0.6213 -0.3072
vn -0.9101 -0.1296 -0.3936
vn -0.9178 -0.0789 -0.3891
vn -0.8990 -0.2030 -0.3881
vn -0.8490 -0.3805 -0.3666
vn -0.8949 -0.2550 -0.3663
vn -0.8568 -0.3627 -0.3665
vn -0.1090 -0.9929 -0.0476
vn -0.1211 -0.9913 -0.0512
vn -0.4768 -0.8550 -0.2043
vn -0.3802 -0.9104 -0.1629
vn -0.3552 -0.9228 -0.1492
vn -0.2693 -0.9560 -0.1165
vn -0.2250 -0.9695 -0.0973
vn -0.0001 -0.0000 -1.0000
vn 0.4984 -0.0797 -0.8633
vn -0.9968 -0.0797 -0.0000
vn 0.4984 -0.0797 0.8633
vn -0.9123 -0.1091 0.3946
vn -0.9111 -0.1296 0.3913
vn -0.8928 -0.2330 0.3855
vn -0.8817 -0.2789 0.3807
vn -0.8506 -0.3803 0.3632
vn -0.8428 -0.3982 0.3621
vn -0.7961 -0.4993 0.3420
vn -0.7318 -0.6060 0.3118
vn -0.7688 -0.5539 0.3196
vn -0.4420 -0.8768 0.1893
vn -0.5346 -0.8135 0.2291
vn -0.5639 -0.7910 0.2373
vn -0.6493 -0.7084 0.2768
vn -0.7055 -0.6418 0.3007
vn -0.3904 -0.9055 0.1664
vn -0.3556 -0.9228 0.1485
vn -0.2905 -0.9486 0.1256
vn -0.1849 -0.9795 0.0800
vn -0.1226 -0.9913 0.0487
vn -0.0682 -0.9972 0.0297
vn 0.3475 -0.4741 -0.8090
vn 0.2767 -0.7084 -0.6493
vn 0.2352 -0.7948 -0.5595
vn 0.2377 -0.7911 -0.5637
vn 0.3139 -0.6061 -0.7308
vn 0.3244 -0.5178 -0.7916
vn 0.3072 -0.6213 -0.7208
vn 0.3936 -0.1297 -0.9101
vn 0.3891 -0.0789 -0.9178
vn 0.3881 -0.2030 -0.8990
vn 0.3666 -0.3805 -0.8490
vn 0.3664 -0.2548 -0.8949
vn 0.3664 -0.3627 -0.8568
vn 0.0476 -0.9929 -0.1090
vn 0.0512 -0.9913 -0.1211
vn 0.2043 -0.8550 -0.4768
vn 0.1629 -0.9104 -0.3802
vn 0.1492 -0.9228 -0.3552
vn 0.1164 -0.9560 -0.2693
vn 0.0973 -0.9695 -0.2250
vn 0.9515 -0.0000 -0.3078
vn 0.8530 -0.0000 -0.5219
vn 0.7071 -0.0000 -0.7071
vn 0.5219 -0.0000 -0.8530
vn 0.3078 -0.0000 -0.9515
vn 0.9123 -0.1092 -0.3946
vn 0.9111 -0.1296 -0.3913
vn 0.8928 -0.2330 -0.3855
vn 0.8816 -0.2790 -0.3807
vn 0.8506 -0.3803 -0.3632
vn 0.8428 -0.3982 -0.3621
vn 0.7962 -0.4991 -0.3420
vn 0.7318 -0.6059 -0.3118
vn 0.7688 -0.5539 -0.3196
vn 0.4419 -0.8769 -0.1893
vn 0.5346 -0.8135 -0.2291
vn 0.5639 -0.7910 -0.2373
vn 0.6493 -0.7083 -0.2768
vn 0.7055 -0.6418 -0.3007
vn 0.3904 -0.9055 -0.1664
vn 0.3556 -0.9228 -0.1485
vn 0.2905 -0.9486 -0.1256
vn 0.1849 -0.9795 -0.0800
vn 0.1226 -0.9913 -0.0487
vn 0.0682 -0.9972 -0.0297
vn -0.5000 -0.0001 -0.8660
vn 0.8090 -0.4741 0.3475
vn 0.6493 -0.7083 0.2768
vn 0.5595 -0.7948 0.2352
vn 0.5637 -0.7911 0.2377
vn 0.7308 -0.6061 0.3139
vn 0.7916 -0.5178 0.3244
vn 0.7208 -0.6213 0.3072
vn 0.9101 -0.1297 0.3936
vn 0.9178 -0.0789 0.3891
vn 0.8990 -0.2030 0.3881
vn 0.8490 -0.3805 0.3666
vn 0.8948 -0.2554 0.3662
vn 0.8568 -0.3628 0.3665
vn 0.1090 -0.9929 0.0476
vn 0.1211 -0.9913 0.0512
vn 0.4768 -0.8549 0.2043
vn 0.3802 -0.9104 0.1629
vn 0.3552 -0.9228 0.1492
vn 0.2693 -0.9560 0.1165
vn 0.2251 -0.9695 0.0973
vn 0.3078 -0.0000 0.9515
vn 0.5219 -0.0000 0.8530
vn 0.7071 -0.0000 0.7071
vn 0.8530 -0.0000 0.5219
vn 0.9515 -0.0000 0.3078
vn 0.3946 -0.1092 0.9123
vn 0.3913 -0.1296 0.9111
vn 0.3855 -0.2330 0.8928
vn 0.3807 -0.2789 0.8816
vn 0.3632 -0.3803 0.8506
vn 0.3621 -0.3982 0.8428
vn 0.3420 -0.4993 0.7961
vn 0.3118 -0.6060 0.7318
vn 0.3196 -0.5538 0.7688
vn 0.1894 -0.8768 0.4419
vn 0.2291 -0.8135 0.5346
vn 0.2373 -0.7910 0.5639
vn 0.2768 -0.7083 0.6494
vn 0.3007 -0.6418 0.7055
vn 0.1664 -0.9055 0.3904
vn 0.1485 -0.9228 0.3556
vn 0.1256 -0.9486 0.2905
vn 0.0800 -0.9795 0.1849
vn 0.0487 -0.9913 0.1226
vn 0.0297 -0.9972 0.0681
vn 0.8633 -0.0797 -0.4984
vn 1.0000 0.0001 -0.0000
vn -0.3407 -0.0000 -0.9402
vn -0.0914 -0.0000 -0.9958
vn 0.1639 -0.0000 -0.9865
vn 0.4085 -0.0000 -0.9128
vn 0.6264 -0.0000 -0.7795
vn 0.8035 -0.0000 -0.5953
vn 0.9281 -0.0000 -0.3723
vn 0.9922 -0.0000 -0.1250
vn 0.9915 -0.0000 0.1304
vn 0.9261 -0.0000 0.3774
vn 0.8002 -0.0000 0.5997
vn 0.6222 -0.0000 0.7829
vn 0.4035 -0.0000 0.9150
vn 0.1585 -0.0000 0.9874
vn -0.0968 -0.0000 0.9953
vn -0.3458 -0.0000 0.9383
vn -0.5723 -0.0000 0.8200
vn -0.7205 -0.0000 0.6935
vn -0.7614 0.0079 0.6483
vn -0.8389 -0.0000 -0.5442
vn -0.9495 -0.0000 -0.3139
vn -0.9980 -0.0000 -0.0631
vn -0.9814 -0.0000 0.1918
vn -0.9008 -0.0000 0.4342
vn -0.8031 -0.0000 0.5958
vn 0.6088 -0.0000 -0.7933
vn -0.7933 -0.0000 -0.6088
vn -0.7934 -0.0000 -0.6087
vn -0.0000 -1.0000 0.0001
vn -0.0000 -1.0000 -0.0005
vn -0.0000 -1.0000 -0.0001
vn 0.3970 -0.0000 0.9178
vn 0.9178 -0.0000 -0.3970
vn 0.9238 -0.0119 -0.3827
vn 0.9618 -0.0000 -0.2738
vn 0.9570 -0.0997 0.2724
vn 0.9178 -0.0000 0.3970
vn -0.3970 -0.0000 -0.9178
vn -0.3827 -0.0119 -0.9238
vn -0.2738 -0.0000 -0.9618
vn 0.2724 -0.0997 -0.9570
vn 0.3970 -0.0000 -0.9178
vn -0.9178 -0.0000 0.3970
vn -0.9238 -0.0119 0.3827
vn -0.9618 -0.0000 0.2738
vn -0.9570 -0.0997 -0.2724
vn -0.9178 -0.0000 -0.3970
vn 0.3827 -0.0119 0.9238
vn 0.2738 -0.0000 0.9618
vn -0.2724 -0.0997 0.9570
vn -0.3970 -0.0000 0.9178
vn 0.7071 0.5000 -0.5000
vn -0.0000 0.7071 -0.7071
vn -0.7071 0.5000 -0.5000
vn -0.9958 -0.0919 -0.0000
vn -0.7056 -0.0652 -0.7056
vn -0.7056 -0.0651 -0.7056
vn -0.6951 -0.1295 -0.7071
vn -0.6952 -0.1295 -0.7071
vn -0.9831 -0.1831 -0.0000
vn -0.1153 -0.9933 -0.0000
vn -0.3398 -0.9405 -0.0000
vn -0.5462 -0.8377 -0.0000
vn -0.7235 -0.6903 -0.0000
vn -0.8624 -0.5062 -0.0000
vn -0.9554 -0.2952 -0.0000
vn -0.0818 -0.7047 -0.7047
vn -0.2411 -0.6673 -0.7047
vn -0.3875 -0.5943 -0.7047
vn -0.5133 -0.4897 -0.7047
vn -0.5133 -0.4898 -0.7047
vn -0.6118 -0.3592 -0.7047
vn -0.6118 -0.3591 -0.7047
vn -0.6778 -0.2094 -0.7047
vn -0.6778 -0.2095 -0.7047
vn -0.1126 -0.9936 -0.0000
vn -0.1126 0.9936 0.0069
vn -0.3410 0.9400 -0.0055
vn -0.3579 0.9338 -0.0000
vn -0.7427 0.6696 -0.0000
vn -0.7658 0.6429 -0.0125
vn -0.6817 0.7316 -0.0000
vn -0.5585 0.8295 -0.0000
vn -0.5804 0.8143 -0.0095
vn -0.4767 0.8790 -0.0000
vn -0.9702 0.2421 -0.0000
vn -0.9814 0.1908 -0.0187
vn -0.9510 0.3092 -0.0000
vn -0.8827 0.4699 -0.0000
vn -0.9024 0.4306 -0.0156
vn -0.8432 0.5376 -0.0000
vn -0.9702 -0.2421 -0.0107
vn -0.9816 -0.1909 -0.0000
vn -0.9979 -0.0611 -0.0217
vn -0.9981 0.0611 -0.0000
vn -0.8827 -0.4698 -0.0100
vn -0.9025 -0.4307 -0.0000
vn -0.9510 -0.3092 -0.0000
vn -0.7427 -0.6696 -0.0089
vn -0.7659 -0.6430 -0.0000
vn -0.8432 -0.5376 -0.0000
vn -0.1305 -0.9914 0.0059
vn -0.3579 -0.9337 -0.0064
vn -0.3410 -0.9401 -0.0000
vn -0.4767 -0.8790 -0.0000
vn -0.5585 -0.8295 -0.0074
vn -0.5804 -0.8143 -0.0000
vn -0.6817 -0.7316 -0.0000
vn -0.0927 0.7041 -0.7041
vn -0.2718 0.6561 -0.7041
vn -0.2599 0.6780 -0.6876
vn -0.3372 0.6217 -0.7070
vn -0.4323 0.5634 -0.7041
vn -0.4245 0.5956 -0.6820
vn -0.4822 0.5175 -0.7069
vn -0.5634 0.4323 -0.7041
vn -0.5642 0.4737 -0.6762
vn -0.5965 0.3803 -0.7068
vn -0.6561 0.2718 -0.7041
vn -0.6697 0.3196 -0.6703
vn -0.6729 0.2188 -0.7066
vn -0.7041 0.0927 -0.7041
vn -0.7338 0.1427 -0.6642
vn -0.7064 0.0432 -0.7064
vn -0.7064 -0.0432 -0.7065
vn -0.7218 -0.0950 -0.6856
vn -0.6949 -0.1351 -0.7063
vn -0.6729 -0.2188 -0.7066
vn -0.6720 -0.2783 -0.6863
vn -0.6392 -0.3050 -0.7060
vn -0.5965 -0.3803 -0.7068
vn -0.5761 -0.4420 -0.6876
vn -0.5426 -0.4555 -0.7058
vn -0.4822 -0.5175 -0.7069
vn -0.4409 -0.5746 -0.6896
vn -0.0927 -0.7041 -0.7041
vn -0.2538 -0.6621 -0.7052
vn -0.2762 -0.6668 -0.6922
vn -0.3372 -0.6217 -0.7070
vn -0.4113 -0.5771 -0.7055
vn -0.1231 0.9924 -0.0000
vn -0.3618 0.9322 -0.0000
vn -0.5786 0.8156 -0.0000
vn -0.7604 0.6495 -0.0000
vn -0.8960 0.4441 -0.0000
vn -0.9773 0.2117 -0.0000
vn -0.9994 -0.0335 -0.0000
vn -0.9610 -0.2767 -0.0000
vn -0.6821 -0.1964 -0.7044
vn -0.7094 -0.0238 -0.7044
vn -0.6937 0.1503 -0.7044
vn -0.6937 0.1502 -0.7044
vn -0.6360 0.3152 -0.7044
vn -0.5397 0.4610 -0.7044
vn -0.4107 0.5789 -0.7044
vn -0.2568 0.6617 -0.7044
vn -0.0874 0.7044 -0.7044
vn -0.3506 -0.6167 -0.7048
vn -0.4872 -0.5164 -0.7043
vn -0.4872 -0.5163 -0.7043
vn -0.6006 -0.3785 -0.7043
vn -0.6457 -0.2883 -0.7071
vn 0.9924 -0.1231 -0.0000
vn 0.9322 -0.3618 -0.0000
vn 0.8156 -0.5786 -0.0000
vn 0.6495 -0.7604 -0.0000
vn 0.4441 -0.8960 -0.0000
vn 0.2117 -0.9773 -0.0000
vn -0.0335 -0.9994 -0.0000
vn -0.2767 -0.9610 -0.0000
vn 0.7044 -0.0874 -0.7044
vn 0.6617 -0.2568 -0.7044
vn 0.5789 -0.4107 -0.7044
vn 0.4610 -0.5397 -0.7044
vn 0.3152 -0.6360 -0.7044
vn 0.1503 -0.6937 -0.7044
vn -0.0238 -0.7094 -0.7044
vn -0.1964 -0.6821 -0.7044
vn 0.9936 -0.1126 -0.0000
vn -0.9936 -0.1126 0.0075
vn -0.9400 -0.3410 -0.0060
vn -0.9338 -0.3579 -0.0000
vn -0.8295 -0.5585 -0.0000
vn -0.8143 -0.5804 -0.0103
vn -0.8790 -0.4767 -0.0000
vn -0.4698 -0.8827 -0.0000
vn -0.4306 -0.9024 -0.0170
vn -0.5375 -0.8432 -0.0000
vn -0.6696 -0.7427 -0.0000
vn -0.6429 -0.7658 -0.0137
vn -0.7316 -0.6817 -0.0000
vn -0.0000 -0.9999 -0.0119
vn -0.0611 -0.9981 -0.0000
vn -0.2421 -0.9702 -0.0000
vn -0.1908 -0.9814 -0.0204
vn -0.3092 -0.9510 -0.0000
vn 0.2421 -0.9702 -0.0116
vn 0.1909 -0.9816 -0.0000
vn 0.0611 -0.9981 -0.0000
vn 0.4698 -0.8827 -0.0109
vn 0.4307 -0.9025 -0.0000
vn 0.3092 -0.9510 -0.0000
vn 0.6696 -0.7427 -0.0098
vn 0.6430 -0.7659 -0.0000
vn 0.5375 -0.8432 -0.0000
vn 0.9914 -0.1305 0.0065
vn 0.9337 -0.3579 -0.0070
vn 0.9401 -0.3410 -0.0000
vn 0.8791 -0.4767 -0.0000
vn 0.8295 -0.5585 -0.0081
vn 0.8143 -0.5804 -0.0000
vn 0.7316 -0.6817 -0.0000
vn -0.7041 -0.0927 -0.7041
vn -0.6561 -0.2718 -0.7041
vn -0.6780 -0.2599 -0.6876
vn -0.6217 -0.3372 -0.7070
vn -0.5634 -0.4323 -0.7041
vn -0.5956 -0.4245 -0.6820
vn -0.5175 -0.4822 -0.7069
vn -0.4323 -0.5634 -0.7041
vn -0.4737 -0.5642 -0.6762
vn -0.3803 -0.5966 -0.7068
vn -0.2718 -0.6561 -0.7041
vn -0.3196 -0.6697 -0.6703
vn -0.2188 -0.6729 -0.7066
vn -0.1427 -0.7338 -0.6642
vn -0.0433 -0.7064 -0.7064
vn 0.0433 -0.7064 -0.7065
vn 0.0950 -0.7218 -0.6856
vn 0.1351 -0.6949 -0.7063
vn 0.2188 -0.6729 -0.7066
vn 0.2784 -0.6720 -0.6863
vn 0.3050 -0.6392 -0.7060
vn 0.3803 -0.5966 -0.7068
vn 0.4420 -0.5761 -0.6876
vn 0.4555 -0.5426 -0.7058
vn 0.5175 -0.4822 -0.7069
vn 0.5746 -0.4409 -0.6896
vn 0.7041 -0.0927 -0.7041
vn 0.6621 -0.2538 -0.7052
vn 0.6668 -0.2762 -0.6922
vn 0.6217 -0.3372 -0.7070
vn 0.5771 -0.4113 -0.7055
vn 0.9958 -0.0919 -0.0000
vn 0.7056 -0.0651 -0.7056
vn 0.6952 -0.1295 -0.7071
vn 0.9831 -0.1831 -0.0000
vn 0.1153 -0.9933 -0.0000
vn 0.3398 -0.9405 -0.0000
vn 0.5462 -0.8377 -0.0000
vn 0.7235 -0.6903 -0.0000
vn 0.8624 -0.5062 -0.0000
vn 0.9554 -0.2952 -0.0000
vn 0.6778 -0.2095 -0.7047
vn 0.6118 -0.3591 -0.7047
vn 0.6118 -0.3592 -0.7047
vn 0.5133 -0.4898 -0.7047
vn 0.5133 -0.4897 -0.7047
vn 0.3875 -0.5943 -0.7047
vn 0.2411 -0.6673 -0.7047
vn 0.2410 -0.6673 -0.7047
vn 0.0818 -0.7047 -0.7047
vn 0.1126 0.9936 -0.0000
vn 0.1126 -0.9936 0.0069
vn 0.3410 -0.9400 -0.0055
vn 0.3579 -0.9338 -0.0000
vn 0.5585 -0.8295 -0.0000
vn 0.5804 -0.8143 -0.0095
vn 0.4767 -0.8790 -0.0000
vn 0.8827 -0.4699 -0.0000
vn 0.9024 -0.4306 -0.0156
vn 0.8432 -0.5375 -0.0000
vn 0.7427 -0.6696 -0.0000
vn 0.7658 -0.6429 -0.0125
vn 0.6817 -0.7316 -0.0000
vn 0.9999 -0.0000 -0.0109
vn 0.9981 -0.0611 -0.0000
vn 0.9702 -0.2421 -0.0000
vn 0.9814 -0.1908 -0.0187
vn 0.9510 -0.3092 -0.0000
vn 0.9702 0.2421 -0.0107
vn 0.9816 0.1909 -0.0000
vn 0.9981 0.0611 -0.0000
vn 0.8827 0.4698 -0.0100
vn 0.9025 0.4307 -0.0000
vn 0.9510 0.3092 -0.0000
vn 0.7427 0.6696 -0.0089
vn 0.7659 0.6430 -0.0000
vn 0.8432 0.5375 -0.0000
vn 0.1305 0.9914 0.0059
vn 0.3579 0.9337 -0.0064
vn 0.3410 0.9401 -0.0000
vn 0.4767 0.8790 -0.0000
vn 0.5585 0.8295 -0.0074
vn 0.5804 0.8143 -0.0000
vn 0.6817 0.7316 -0.0000
vn 0.0927 -0.7041 -0.7041
vn 0.2718 -0.6561 -0.7041
vn 0.2599 -0.6780 -0.6876
vn 0.3372 -0.6217 -0.7070
vn 0.4323 -0.5634 -0.7041
vn 0.4245 -0.5956 -0.6820
vn 0.4822 -0.5175 -0.7069
vn 0.5634 -0.4323 -0.7041
vn 0.5642 -0.4737 -0.6762
vn 0.5965 -0.3803 -0.7068
vn 0.6561 -0.2718 -0.7041
vn 0.6697 -0.3196 -0.6703
vn 0.6729 -0.2188 -0.7066
vn 0.7338 -0.1427 -0.6642
vn 0.7064 -0.0432 -0.7065
vn 0.7064 0.0432 -0.7064
vn 0.7218 0.0950 -0.6856
vn 0.6949 0.1351 -0.7063
vn 0.6729 0.2188 -0.7066
vn 0.6720 0.2783 -0.6863
vn 0.6392 0.3050 -0.7060
vn 0.5965 0.3803 -0.7068
vn 0.5761 0.4420 -0.6876
vn 0.5426 0.4555 -0.7058
vn 0.4822 0.5175 -0.7069
vn 0.4409 0.5746 -0.6896
vn 0.0927 0.7041 -0.7041
vn 0.2538 0.6621 -0.7052
vn 0.2762 0.6668 -0.6922
vn 0.3372 0.6217 -0.7070
vn 0.4113 0.5771 -0.7055
vn 0.1231 0.9924 -0.0000
vn 0.3618 0.9322 -0.0000
vn 0.5786 0.8156 -0.0000
vn 0.7604 0.6495 -0.0000
vn 0.8960 0.4441 -0.0000
vn 0.9773 0.2117 -0.0000
vn 0.9994 -0.0335 -0.0000
vn 0.9610 -0.2767 -0.0000
vn 0.0874 0.7044 -0.7044
vn 0.2568 0.6617 -0.7044
vn 0.4107 0.5789 -0.7044
vn 0.5397 0.4610 -0.7044
vn 0.6360 0.3152 -0.7044
vn 0.6937 0.1503 -0.7044
vn 0.7094 -0.0238 -0.7044
vn 0.6821 -0.1964 -0.7044
vn 0.6457 -0.2883 -0.7071
vn 0.6006 -0.3785 -0.7043
vn 0.4872 -0.5164 -0.7043
vn 0.3506 -0.6167 -0.7048
vn 0.1964 -0.6821 -0.7044
vn 0.0238 -0.7094 -0.7044
vn -0.1503 -0.6937 -0.7044
vn -0.3152 -0.6360 -0.7044
vn -0.4610 -0.5397 -0.7044
vn -0.5789 -0.4107 -0.7044
vn -0.6617 -0.2568 -0.7044
vn -0.7044 -0.0874 -0.7044
vn -0.9924 -0.1231 -0.0000
vn -0.9322 -0.3618 -0.0000
vn -0.8156 -0.5786 -0.0000
vn -0.6495 -0.7604 -0.0000
vn -0.4441 -0.8960 -0.0000
vn -0.2117 -0.9773 -0.0000
vn 0.0335 -0.9994 -0.0000
vn 0.2767 -0.9610 -0.0000
vn -0.9131 -0.4078 -0.0000
vn 0.4943 -0.8693 -0.0000
vn 0.3761 -0.9126 0.1603
vn -0.2495 -0.9684 -0.0000
vn 0.2495 -0.9684 -0.0000
vn 0.4831 -0.8755 -0.0000
vn -0.4831 -0.8754 0.0165
vn -0.3811 -0.9245 -0.0000
vn -0.9523 -0.3052 -0.0000
vn -0.9568 -0.2896 0.0251
vn 0.9131 -0.4078 -0.0000
vn 0.6863 -0.7273 -0.0000
vn 0.8460 -0.5331 -0.0000
vn 0.9405 -0.3394 0.0147
vn 0.9566 -0.2896 -0.0327
vn 0.9758 -0.2185 -0.0000
vn -0.8460 -0.5331 -0.0000
vn -0.6863 -0.7273 -0.0000
vn -0.4943 -0.8693 -0.0000
vn -0.0001 -0.0000 1.0000
vn 0.0001 -0.0000 -1.0000
vn 0.0005 -0.0000 -1.0000
vn -0.0006 -0.0000 -1.0000
vn 0.6952 -0.1295 0.7071
vn 0.6951 -0.1295 0.7071
vn 0.7056 -0.0651 0.7056
vn 0.0818 -0.7047 0.7047
vn 0.2411 -0.6673 0.7047
vn 0.3875 -0.5943 0.7047
vn 0.5133 -0.4897 0.7047
vn 0.6118 -0.3592 0.7047
vn 0.6118 -0.3591 0.7047
vn 0.6778 -0.2094 0.7047
vn 0.6778 -0.2095 0.7047
vn 0.1126 -0.9936 -0.0000
vn 0.3410 -0.9401 -0.0000
vn 0.8827 -0.4698 -0.0000
vn 0.9702 0.2421 -0.0000
vn 0.8827 0.4699 -0.0000
vn 0.8827 0.4698 -0.0000
vn 0.7427 0.6696 -0.0000
vn 0.5585 0.8295 -0.0000
vn 0.0799 -0.7048 0.7048
vn 0.2420 -0.6672 0.7045
vn 0.3964 -0.5888 0.7045
vn 0.3964 -0.5887 0.7045
vn 0.5271 -0.4753 0.7045
vn 0.6265 -0.3335 0.7045
vn 0.6886 -0.1719 0.7045
vn 0.7097 -0.0000 0.7045
vn 0.7098 -0.0000 0.7045
vn 0.6886 0.1719 0.7045
vn 0.6265 0.3335 0.7045
vn 0.5271 0.4753 0.7045
vn 0.5271 0.4753 0.7044
vn 0.3964 0.5887 0.7045
vn 0.2420 0.6672 0.7045
vn 0.0799 0.7048 0.7048
vn 0.6821 -0.1964 0.7044
vn 0.7094 -0.0238 0.7044
vn 0.6937 0.1503 0.7044
vn 0.6360 0.3152 0.7044
vn 0.5397 0.4610 0.7044
vn 0.4107 0.5789 0.7044
vn 0.2568 0.6617 0.7044
vn 0.0874 0.7044 0.7044
vn 0.3506 -0.6167 0.7048
vn 0.4872 -0.5164 0.7043
vn 0.4872 -0.5163 0.7043
vn 0.6006 -0.3785 0.7043
vn 0.6457 -0.2883 0.7071
vn -0.7044 -0.0874 0.7044
vn -0.6617 -0.2568 0.7044
vn -0.5789 -0.4107 0.7044
vn -0.4610 -0.5397 0.7044
vn -0.3152 -0.6360 0.7044
vn -0.1503 -0.6937 0.7044
vn 0.0238 -0.7094 0.7044
vn 0.1964 -0.6821 0.7044
vn -0.9936 -0.1126 -0.0000
vn -0.9401 -0.3410 -0.0000
vn -0.4699 -0.8827 -0.0000
vn 0.2421 -0.9702 -0.0000
vn 0.4699 -0.8827 -0.0000
vn 0.6696 -0.7427 -0.0000
vn 0.8295 -0.5585 -0.0000
vn -0.7048 -0.0799 0.7048
vn -0.6672 -0.2420 0.7045
vn -0.5887 -0.3964 0.7045
vn -0.5888 -0.3964 0.7045
vn -0.4753 -0.5271 0.7045
vn -0.3335 -0.6265 0.7045
vn -0.3335 -0.6265 0.7044
vn -0.1719 -0.6886 0.7045
vn -0.0000 -0.7098 0.7045
vn 0.1718 -0.6886 0.7045
vn 0.1719 -0.6886 0.7045
vn 0.3335 -0.6265 0.7045
vn 0.4752 -0.5271 0.7045
vn 0.4753 -0.5271 0.7045
vn 0.5887 -0.3964 0.7045
vn 0.5888 -0.3964 0.7045
vn 0.6672 -0.2420 0.7045
vn 0.7048 -0.0799 0.7048
vn -0.7056 -0.0651 0.7056
vn -0.6952 -0.1295 0.7071
vn -0.6778 -0.2094 0.7047
vn -0.6778 -0.2095 0.7047
vn -0.6118 -0.3592 0.7047
vn -0.6119 -0.3591 0.7047
vn -0.5133 -0.4897 0.7047
vn -0.5133 -0.4898 0.7047
vn -0.3875 -0.5943 0.7047
vn -0.2411 -0.6673 0.7047
vn -0.2410 -0.6673 0.7047
vn -0.0818 -0.7047 0.7047
vn -0.1126 0.9936 -0.0000
vn -0.3410 0.9401 -0.0000
vn -0.9702 -0.2421 -0.0000
vn -0.8827 -0.4699 -0.0000
vn -0.7427 -0.6696 -0.0000
vn -0.5585 -0.8295 -0.0000
vn -0.0799 0.7048 0.7048
vn -0.2420 0.6672 0.7045
vn -0.3964 0.5888 0.7045
vn -0.5271 0.4753 0.7045
vn -0.6265 0.3335 0.7045
vn -0.6265 0.3335 0.7044
vn -0.6886 0.1719 0.7044
vn -0.6886 0.1718 0.7045
vn -0.7097 -0.0000 0.7045
vn -0.7098 -0.0000 0.7044
vn -0.6886 -0.1719 0.7045
vn -0.6886 -0.1718 0.7045
vn -0.6265 -0.3335 0.7045
vn -0.5271 -0.4753 0.7045
vn -0.3964 -0.5888 0.7045
vn -0.2420 -0.6672 0.7045
vn -0.0799 -0.7048 0.7048
vn -0.0874 0.7044 0.7044
vn -0.2568 0.6617 0.7044
vn -0.4107 0.5789 0.7044
vn -0.5397 0.4610 0.7044
vn -0.6360 0.3152 0.7044
vn -0.6937 0.1502 0.7044
vn -0.6937 0.1503 0.7044
vn -0.7094 -0.0238 0.7044
vn -0.6821 -0.1964 0.7044
vn -0.6457 -0.2883 0.7071
vn -0.6457 -0.2884 0.7071
vn -0.6006 -0.3785 0.7043
vn -0.4872 -0.5164 0.7043
vn -0.4872 -0.5163 0.7043
vn -0.3506 -0.6167 0.7048
vn -0.1964 -0.6821 0.7044
vn -0.0238 -0.7094 0.7044
vn 0.1503 -0.6937 0.7044
vn 0.3152 -0.6360 0.7044
vn 0.4610 -0.5397 0.7044
vn 0.5789 -0.4107 0.7044
vn 0.6617 -0.2568 0.7044
vn 0.7044 -0.0874 0.7044
vn -0.3762 -0.9126 -0.1603
vn -0.4831 -0.8755 -0.0000
vn 0.3811 -0.9245 -0.0000
vn 0.4831 -0.8754 -0.0165
vn 0.9566 -0.2896 0.0327
vn 0.9405 -0.3394 -0.0147
vn -0.9571 -0.2897 -0.0000
vn -0.9520 -0.3052 -0.0219
vn -0.0006 -0.0000 1.0000
vn 0.0005 -0.0000 1.0000
vn -0.7071 -0.5000 0.5000
vn -0.0000 0.8742 0.4856
vn -1.0000 0.0003 -0.0000
vn -0.9986 0.0004 -0.0535
vn -1.0000 0.0005 -0.0000
vn -1.0000 -0.0002 -0.0000
vn -1.0000 -0.0004 -0.0000
vn -1.0000 0.0002 -0.0000
vn -1.0000 -0.0001 -0.0000
vn -1.0000 0.0004 -0.0000
vn -1.0000 -0.0010 -0.0000
vn -1.0000 0.0014 -0.0000
vn -0.9997 0.0245 -0.0000
vn -0.0000 0.8742 -0.4856
vn -0.0001 1.0000 -0.0000
vn 0.0001 1.0000 -0.0000
vn 0.9965 -0.0000 0.0841
vn 0.0491 -0.0000 0.9988
vn 0.0841 -0.0014 0.9965
vn 0.9834 -0.0000 0.1813
vn 0.9578 -0.0012 0.2876
vn 0.9536 -0.0000 0.3010
vn 0.8766 -0.0000 0.4812
vn 0.8584 -0.0025 0.5129
vn 0.8107 -0.0000 0.5854
vn 0.7494 -0.0000 0.6621
vn 0.7071 -0.0030 0.7071
vn 0.6622 -0.0000 0.7494
vn 0.5855 -0.0000 0.8106
vn 0.5129 -0.0025 0.8584
vn 0.4813 -0.0000 0.8766
vn 0.3930 -0.0000 0.9195
vn 0.3369 -0.0005 0.9415
vn 0.2430 -0.0053 0.9700
vn 0.2876 -0.0012 0.9578
vn 0.1813 -0.0000 0.9834
vn 0.1328 -0.0000 0.9911
vn 0.0841 -0.0000 -0.9965
vn 0.9988 -0.0000 -0.0491
vn 0.9965 -0.0014 -0.0841
vn 0.1813 -0.0000 -0.9834
vn 0.2876 -0.0012 -0.9578
vn 0.3010 -0.0000 -0.9536
vn 0.4812 -0.0000 -0.8766
vn 0.5129 -0.0025 -0.8584
vn 0.5854 -0.0000 -0.8107
vn 0.6621 -0.0000 -0.7494
vn 0.7071 -0.0030 -0.7071
vn 0.7494 -0.0000 -0.6622
vn 0.8106 -0.0000 -0.5855
vn 0.8584 -0.0025 -0.5129
vn 0.8766 -0.0000 -0.4813
vn 0.9195 -0.0000 -0.3930
vn 0.9415 -0.0005 -0.3369
vn 0.9700 -0.0053 -0.2430
vn 0.9578 -0.0012 -0.2876
vn 0.9834 -0.0000 -0.1813
vn 0.9911 -0.0000 -0.1328
vn 0.0011 0.7229 -0.6909
vn -0.0006 0.6467 -0.7627
vn -0.0011 0.6516 -0.7586
vn -0.0001 0.6249 -0.7807
vn -0.0001 0.5688 -0.8224
vn -0.0024 0.5853 -0.8108
vn 0.0034 0.4645 -0.8856
vn -0.0026 0.2651 -0.9642
vn -0.0014 0.2551 -0.9669
vn 0.0009 0.3370 -0.9415
vn 0.0013 0.3327 -0.9430
vn -0.0011 0.3929 -0.9196
vn -0.0000 0.3766 -0.9264
vn -0.0001 0.4352 -0.9003
vn -0.0068 0.5110 -0.8595
vn -0.0000 0.0491 -0.9988
vn 0.0040 0.0182 -0.9998
vn -0.0086 0.1689 -0.9856
vn 0.0187 0.0697 -0.9974
vn 0.0039 0.1475 -0.9891
vn -0.0111 0.7798 -0.6259
vn 0.0004 0.7352 -0.6779
vn -0.0000 0.8007 -0.5990
vn -0.0016 0.8217 -0.5699
vn -0.0052 0.8473 -0.5310
vn 0.0028 0.8766 -0.4812
vn -0.0000 0.9069 -0.4213
vn -0.0000 0.9198 -0.3925
vn -0.0005 0.9280 -0.3726
vn -0.0037 0.9514 -0.3078
vn 0.0014 0.9601 -0.2797
vn -0.0006 0.9873 -0.1592
vn -0.0060 0.9944 -0.1051
vn -0.0000 0.9981 -0.0616
vn 0.7808 0.6248 -0.0000
vn 0.9988 0.0492 -0.0000
vn 0.9949 0.1005 -0.0063
vn 0.8107 0.5855 -0.0000
vn 0.8108 0.5853 -0.0000
vn 0.8690 0.4949 -0.0000
vn 0.8595 0.5112 -0.0036
vn 0.9087 0.4175 0.0018
vn 0.9003 0.4353 -0.0000
vn 0.9196 0.3929 -0.0000
vn 0.9376 0.3477 0.0014
vn 0.9561 0.2930 -0.0058
vn 0.9643 0.2648 -0.0024
vn 0.9856 0.1692 0.0027
vn 0.7788 0.6272 -0.0001
vn 0.7385 0.6743 0.0004
vn 0.7590 0.6511 -0.0040
vn 0.6959 0.7181 0.0033
vn 0.6608 0.7505 0.0093
vn 0.6817 0.7317 0.0029
vn 0.6245 0.7810 -0.0000
vn 0.5986 0.8010 -0.0000
vn 0.5696 0.8219 -0.0023
vn 0.5501 0.8351 -0.0050
vn 0.4806 0.8769 0.0064
vn 0.4434 0.8963 -0.0000
vn 0.3925 0.9198 -0.0000
vn 0.3722 0.9282 -0.0000
vn 0.3149 0.9491 -0.0024
vn 0.2784 0.9604 0.0065
vn 0.2214 0.9752 -0.0000
vn 0.1816 0.9834 -0.0000
vn 0.1453 0.9894 -0.0022
vn 0.0965 0.9953 -0.0101
vn 0.0612 0.9981 -0.0000
vn -0.0001 0.1877 0.9822
vn 0.0007 0.2927 0.9562
vn -0.0016 0.3024 0.9532
vn -0.0001 0.3932 0.9195
vn -0.0004 0.4180 0.9085
vn -0.0003 0.4154 0.9096
vn 0.0002 0.4950 0.8689
vn 0.0034 0.4761 0.8794
vn -0.0034 0.5850 0.8110
vn -0.0003 0.6271 0.7789
vn -0.0003 0.6056 0.7958
vn 0.0012 0.5558 0.8313
vn -0.0023 0.6741 0.7387
vn -0.0100 0.7174 0.6966
vn 0.0007 0.6695 0.7428
vn -0.0004 0.7514 0.6598
vn -0.0008 0.7548 0.6559
vn -0.0000 0.9964 0.0846
vn -0.0038 0.9945 0.1049
vn -0.0002 0.9834 0.1816
vn 0.0018 0.9515 0.3076
vn -0.0190 0.9742 0.2250
vn 0.0001 0.7810 0.6245
vn -0.0001 0.8347 0.5507
vn -0.0042 0.8478 0.5302
vn 0.0010 0.8964 0.4432
vn -0.0000 0.9071 0.4209
vn -0.0000 0.9198 0.3924
vn -0.0020 0.9489 0.3157
vn -0.0000 0.0274 0.9996
vn 0.0052 0.1006 0.9949
vn 0.0064 0.0943 0.9955
vn 0.0014 0.1499 0.9887
vn 0.0255 0.5876 0.8088
vn 0.7506 0.5417 0.3784
vn 0.7372 0.6588 0.1499
vn 0.8477 0.5181 0.1134
vn 0.1087 0.9728 0.2048
vn 0.0445 0.9956 0.0827
vn 0.3835 0.9222 0.0500
vn 0.6472 0.7607 -0.0506
vn 0.5586 0.8266 0.0688
vn 0.5477 0.8353 0.0483
vn 0.5926 0.8044 0.0425
vn 0.6705 0.7371 0.0842
vn 0.0738 0.9970 0.0244
vn 0.1889 0.9720 0.1396
vn 0.2517 0.9677 0.0132
vn 0.3655 0.9221 0.1270
vn 0.3663 0.9299 0.0326
vn 0.2797 0.9601 -0.0006
vn 0.2366 0.9676 0.0884
vn 0.1763 0.9840 0.0272
vn 0.1412 0.9898 0.0187
vn 0.2577 0.8435 0.4713
vn 0.2047 0.8526 0.4809
vn 0.1530 0.9078 0.3906
vn 0.0207 0.8364 0.5477
vn 0.0039 0.8290 0.5593
vn 0.0683 0.8996 0.4314
vn 0.0989 0.9072 0.4090
vn 0.5841 0.0702 0.8086
vn 0.6311 0.0980 0.7694
vn 0.3921 0.0687 0.9174
vn 0.4049 0.3175 0.8575
vn 0.3973 0.3110 0.8634
vn 0.4210 0.1903 0.8869
vn 0.4614 0.1656 0.8716
vn 0.4693 0.0819 0.8792
vn 0.4801 0.0693 0.8745
vn 0.4633 0.5974 0.6546
vn 0.5560 0.5556 0.6182
vn 0.6484 0.5540 0.5222
vn 0.3931 0.5898 0.7054
vn 0.4191 0.5846 0.6947
vn 0.3193 0.5778 0.7511
vn 0.3572 0.5711 0.7391
vn 0.2433 0.5620 0.7906
vn 0.1801 0.1155 0.9768
vn 0.2413 0.1169 0.9634
vn 0.0488 0.1059 0.9932
vn 0.0997 0.0620 0.9931
vn 0.2452 0.1791 0.9528
vn 0.2105 0.3465 0.9141
vn 0.0558 0.7852 0.6167
vn 0.0679 0.7749 0.6284
vn 0.0446 0.7778 0.6269
vn 0.1498 0.6683 0.7286
vn 0.0420 0.4208 0.9062
vn 0.0432 0.3959 0.9173
vn 0.0832 0.2963 0.9515
vn 0.2490 0.7110 0.6577
vn 0.1189 0.6989 0.7053
vn 0.2293 0.5323 0.8149
vn 0.0847 0.5192 0.8504
vn 0.1682 0.3173 0.9333
vn 0.0342 0.3091 0.9504
vn 0.0615 0.1016 0.9929
vn 0.1321 0.1080 0.9853
vn 0.1625 0.1168 0.9798
vn 0.1202 0.3288 0.9367
vn 0.2497 0.3373 0.9077
vn 0.1652 0.5424 0.8237
vn 0.2939 0.5537 0.7791
vn 0.1856 0.7174 0.6715
vn 0.2567 0.7246 0.6395
vn 0.3140 0.7436 0.5903
vn 0.3144 0.7435 0.5902
vn 0.3791 0.7475 0.5455
vn 0.4796 0.5941 0.6457
vn 0.4649 0.5975 0.6534
vn 0.9952 0.0498 0.0839
vn 0.9921 0.0737 0.1012
vn 0.9817 0.0590 0.1810
vn 0.9542 0.0602 0.2929
vn 0.9524 0.0502 0.3006
vn 0.8784 0.0797 0.4712
vn 0.6605 0.0706 0.7475
vn 0.7475 0.0706 0.6605
vn 0.7696 0.0982 0.6309
vn 0.8087 0.0704 0.5840
vn 0.8745 0.0694 0.4800
vn 0.9563 0.2751 0.0989
vn 0.9154 0.2856 0.2836
vn 0.9153 0.3030 0.2652
vn 0.8370 0.3127 0.4491
vn 0.8386 0.3226 0.4389
vn 0.7306 0.3279 0.5989
vn 0.7317 0.3312 0.5958
vn 0.6337 0.3324 0.6985
vn 0.6328 0.3316 0.6997
vn 0.5611 0.3304 0.7589
vn 0.5582 0.3277 0.7622
vn 0.4845 0.3253 0.8121
vn 0.4793 0.3208 0.8170
vn 0.5032 0.1994 0.8409
vn 0.5831 0.2010 0.7871
vn 0.6238 0.1735 0.7621
vn 0.6580 0.2040 0.7248
vn 0.7581 0.2033 0.6197
vn 0.7573 0.2011 0.6214
vn 0.8660 0.1978 0.4592
vn 0.8645 0.1914 0.4648
vn 0.9418 0.1853 0.2806
vn 0.9408 0.1740 0.2908
vn 0.9817 0.1666 0.0919
vn 0.9813 0.1714 0.0878
vn 0.8906 0.4413 0.1098
vn 0.8291 0.5576 0.0420
vn 0.7801 0.5772 0.2414
vn 0.7124 0.6801 0.1732
vn 0.7709 0.6309 0.0875
vn 0.7050 0.7088 0.0225
vn 0.6563 0.7269 0.2023
vn 0.5990 0.7877 0.1438
vn 0.5147 0.8400 0.1716
vn 0.5133 0.8432 0.1600
vn 0.4194 0.9054 0.0663
vn 0.4492 0.8927 -0.0378
vn 0.4471 0.8772 0.1748
vn 0.9306 0.3523 0.0989
vn 0.8783 0.4728 0.0712
vn 0.8334 0.4889 0.2578
vn 0.7733 0.6024 0.1975
vn 0.6962 0.6168 0.3673
vn 0.6468 0.6935 0.3174
vn 0.5776 0.7451 0.3335
vn 0.6476 0.5491 0.5283
vn 0.5972 0.6442 0.4779
vn 0.5115 0.6460 0.5665
vn 0.4364 0.7538 0.4912
vn 0.4125 0.7581 0.5051
vn 0.3089 0.8622 0.4015
vn 0.3248 0.8587 0.3963
vn 0.3362 0.0661 0.9395
vn 0.3388 0.0681 0.9384
vn 0.3276 0.1821 0.9271
vn 0.3343 0.1875 0.9236
vn 0.2998 0.3527 0.8864
vn 0.1657 0.2930 0.9417
vn 0.3051 0.4189 0.8553
vn 0.3729 0.4234 0.8256
vn 0.3826 0.4320 0.8167
vn 0.4511 0.4358 0.7788
vn 0.4576 0.4418 0.7716
vn 0.5266 0.4446 0.7245
vn 0.5303 0.4480 0.7198
vn 0.5983 0.4496 0.6632
vn 0.5994 0.4506 0.6616
vn 0.6943 0.4491 0.5624
vn 0.6933 0.4448 0.5670
vn 0.7993 0.4382 0.4112
vn 0.7983 0.4256 0.4262
vn 0.8770 0.4133 0.2450
vn 0.0048 0.9965 0.0836
vn 0.0272 0.9840 0.1762
vn 0.0738 0.9722 0.2223
vn 0.0942 0.9748 0.2025
vn 0.0432 0.9583 0.2823
vn -0.0148 0.9480 0.3180
vn 0.0505 0.9222 0.3834
vn 0.8044 0.5904 0.0670
vn 0.7621 0.6433 0.0736
vn 0.7208 0.6563 0.2230
vn 0.6470 0.7478 0.1486
vn 0.5758 0.7605 0.3000
vn 0.4925 0.8429 0.2168
vn 0.4558 0.8564 0.2424
vn 0.3572 0.9229 0.1437
vn 0.2917 0.9363 0.1958
vn 0.1973 0.9751 0.1013
vn 0.1249 0.9768 0.1743
vn 0.0244 0.9970 0.0739
vn 0.0265 0.7538 0.6565
vn 0.0261 0.7208 0.6927
vn 0.0801 0.6638 0.7436
vn 0.1423 0.6815 0.7179
vn 0.0638 0.6321 0.7723
vn 0.9577 0.2688 0.1032
vn 0.9240 0.3758 0.0705
vn 0.8791 0.3913 0.2722
vn 0.8289 0.5136 0.2218
vn 0.7505 0.5274 0.3983
vn 0.6953 0.6316 0.3430
vn 0.5966 0.6391 0.4854
vn 0.5217 0.7477 0.4108
vn 0.5095 0.7528 0.4169
vn 0.4055 0.8589 0.3127
vn 0.3913 0.8629 0.3197
vn 0.2850 0.9345 0.2134
vn 0.2134 0.9345 0.2850
vn 0.1956 0.9363 0.2917
vn 0.1434 0.9228 0.3575
vn 0.0498 0.9143 0.4020
vn 0.1650 0.8394 0.5180
vn 0.1737 0.8433 0.5086
vn 0.1553 0.8095 0.5661
vn 0.1111 0.7853 0.6090
vn 0.1995 0.6915 0.6943
vn 0.0504 0.6769 0.7343
vn 0.1634 0.5069 0.8464
vn 0.0815 0.5013 0.8614
vn 0.0787 0.5002 0.8623
vn 0.8087 0.5877 -0.0250
vn 0.1070 0.9933 0.0433
vn 0.3788 0.5409 -0.7510
vn 0.1130 0.5183 -0.8477
vn 0.1113 0.3419 -0.9331
vn 0.2048 0.9728 -0.1081
vn 0.0488 0.9221 -0.3838
vn 0.1165 0.7294 -0.6740
vn -0.0498 0.7608 -0.6471
vn 0.1498 0.6590 -0.7371
vn 0.0691 0.8263 -0.5590
vn 0.0484 0.8351 -0.5480
vn 0.0431 0.8041 -0.5929
vn 0.0555 0.7851 -0.6168
vn 0.0237 0.9970 -0.0738
vn 0.1391 0.9721 -0.1888
vn 0.0122 0.9677 -0.2519
vn 0.1267 0.9218 -0.3663
vn 0.0317 0.9297 -0.3669
vn -0.0031 0.9598 -0.2805
vn 0.0871 0.9676 -0.2369
vn 0.0069 0.9875 -0.1577
vn 0.0801 0.9957 -0.0454
vn 0.4716 0.8433 -0.2579
vn 0.4811 0.8523 -0.2051
vn 0.3911 0.9076 -0.1524
vn 0.2226 0.9722 -0.0726
vn 0.2027 0.9748 -0.0930
vn 0.2825 0.9584 -0.0421
vn 0.5477 0.8364 -0.0211
vn 0.5596 0.8287 -0.0039
vn 0.4314 0.8996 -0.0683
vn 0.4095 0.9070 -0.0983
vn 0.3836 0.9222 -0.0493
vn 0.3182 0.9479 0.0161
vn 0.8086 0.0706 -0.5841
vn 0.7694 0.0984 -0.6311
vn 0.9173 0.0690 -0.3921
vn 0.8574 0.3175 -0.4050
vn 0.8634 0.3110 -0.3974
vn 0.8868 0.1905 -0.4210
vn 0.8716 0.1659 -0.4614
vn 0.8792 0.0822 -0.4693
vn 0.8744 0.0696 -0.4801
vn 0.6556 0.5970 -0.4623
vn 0.6186 0.5548 -0.5564
vn 0.5226 0.5531 -0.6488
vn 0.7056 0.5895 -0.3933
vn 0.6949 0.5843 -0.4192
vn 0.7513 0.5776 -0.3194
vn 0.7393 0.5709 -0.3572
vn 0.7907 0.5618 -0.2434
vn 0.9768 0.1156 -0.1801
vn 0.9634 0.1170 -0.2413
vn 0.9932 0.1060 -0.0488
vn 0.9931 0.0622 -0.0999
vn 0.9527 0.1793 -0.2454
vn 0.9141 0.3464 -0.2106
vn 0.6167 0.7852 -0.0562
vn 0.6284 0.7749 -0.0683
vn 0.6269 0.7778 -0.0450
vn 0.7284 0.6686 -0.1498
vn 0.9063 0.4205 -0.0420
vn 0.9174 0.3957 -0.0432
vn 0.9515 0.2963 -0.0831
vn 0.6572 0.7115 -0.2487
vn 0.7050 0.6993 -0.1181
vn 0.8150 0.5322 -0.2291
vn 0.8505 0.5191 -0.0847
vn 0.9333 0.3173 -0.1682
vn 0.9504 0.3091 -0.0342
vn 0.9929 0.1014 -0.0620
vn 0.9853 0.1080 -0.1321
vn 0.9797 0.1168 -0.1627
vn 0.9367 0.3288 -0.1204
vn 0.9077 0.3373 -0.2498
vn 0.8238 0.5422 -0.1652
vn 0.7793 0.5535 -0.2938
vn 0.6711 0.7179 -0.1849
vn 0.6392 0.7252 -0.2561
vn 0.5898 0.7442 -0.3136
vn 0.5897 0.7442 -0.3137
vn 0.5450 0.7482 -0.3785
vn 0.6459 0.5939 -0.4797
vn 0.6535 0.5972 -0.4650
vn 0.0839 0.0497 -0.9952
vn 0.1013 0.0738 -0.9921
vn 0.1810 0.0591 -0.9817
vn 0.2930 0.0603 -0.9542
vn 0.3006 0.0505 -0.9524
vn 0.4712 0.0800 -0.8784
vn 0.7475 0.0710 -0.6605
vn 0.6605 0.0710 -0.7475
vn 0.6309 0.0985 -0.7696
vn 0.5840 0.0707 -0.8087
vn 0.4800 0.0698 -0.8745
vn 0.0991 0.2752 -0.9563
vn 0.2837 0.2857 -0.9154
vn 0.2653 0.3031 -0.9153
vn 0.4491 0.3127 -0.8370
vn 0.4390 0.3226 -0.8386
vn 0.5989 0.3279 -0.7306
vn 0.5958 0.3312 -0.7317
vn 0.6985 0.3324 -0.6337
vn 0.6997 0.3316 -0.6328
vn 0.7589 0.3303 -0.5612
vn 0.7622 0.3277 -0.5582
vn 0.8120 0.3253 -0.4845
vn 0.8169 0.3208 -0.4793
vn 0.8408 0.1996 -0.5032
vn 0.7870 0.2013 -0.5831
vn 0.7620 0.1738 -0.6238
vn 0.7248 0.2043 -0.6580
vn 0.6196 0.2036 -0.7580
vn 0.6214 0.2014 -0.7572
vn 0.4592 0.1980 -0.8660
vn 0.4649 0.1916 -0.8644
vn 0.2807 0.1854 -0.9417
vn 0.2910 0.1740 -0.9408
vn 0.0920 0.1666 -0.9817
vn 0.0878 0.1715 -0.9813
vn 0.1096 0.4412 -0.8907
vn 0.0414 0.5577 -0.8290
vn 0.2410 0.5774 -0.7801
vn 0.1724 0.6808 -0.7119
vn 0.0874 0.6311 -0.7708
vn 0.0223 0.7091 -0.7048
vn 0.2023 0.7271 -0.6560
vn 0.1441 0.7877 -0.5990
vn 0.1718 0.8398 -0.5149
vn 0.1603 0.8429 -0.5136
vn 0.0665 0.9053 -0.4196
vn -0.0375 0.8925 -0.4494
vn 0.1737 0.8773 -0.4474
vn 0.0889 0.3978 -0.9132
vn 0.0713 0.4723 -0.8785
vn 0.2578 0.4884 -0.8336
vn 0.1970 0.6027 -0.7732
vn 0.3670 0.6171 -0.6961
vn 0.3167 0.6942 -0.6463
vn 0.3326 0.7458 -0.5772
vn 0.5287 0.5483 -0.6480
vn 0.4776 0.6446 -0.5970
vn 0.5663 0.6464 -0.5113
vn 0.4907 0.7545 -0.4358
vn 0.5045 0.7588 -0.4119
vn 0.4018 0.8619 -0.3092
vn 0.3967 0.8585 -0.3251
vn 0.0664 0.5905 -0.8043
vn 0.0731 0.6438 -0.7617
vn 0.2226 0.6568 -0.7204
vn 0.1483 0.7482 -0.6467
vn 0.2998 0.7609 -0.5755
vn 0.2172 0.8427 -0.4927
vn 0.2427 0.8562 -0.4561
vn 0.1441 0.9227 -0.3576
vn 0.1960 0.9360 -0.2923
vn 0.1008 0.9752 -0.1972
vn 0.1742 0.9768 -0.1243
vn 0.0738 0.9970 -0.0237
vn 0.9395 0.0663 -0.3361
vn 0.9383 0.0683 -0.3389
vn 0.9270 0.1823 -0.3277
vn 0.9235 0.1877 -0.3344
vn 0.8864 0.3526 -0.2999
vn 0.9415 0.2931 -0.1662
vn 0.8554 0.4185 -0.3053
vn 0.8257 0.4231 -0.3731
vn 0.8169 0.4316 -0.3827
vn 0.7789 0.4355 -0.4513
vn 0.7718 0.4414 -0.4578
vn 0.7246 0.4443 -0.5268
vn 0.7199 0.4476 -0.5304
vn 0.6634 0.4492 -0.5985
vn 0.6617 0.4502 -0.5995
vn 0.5626 0.4487 -0.6944
vn 0.5672 0.4444 -0.6934
vn 0.4114 0.4378 -0.7994
vn 0.4264 0.4253 -0.7984
vn 0.2452 0.4130 -0.8771
vn 0.6565 0.7539 -0.0270
vn 0.6926 0.7208 -0.0265
vn 0.7433 0.6641 -0.0802
vn 0.7180 0.6815 -0.1414
vn 0.7723 0.6321 -0.0632
vn 0.1032 0.2691 -0.9576
vn 0.0707 0.3756 -0.9241
vn 0.2723 0.3911 -0.8792
vn 0.2221 0.5129 -0.8292
vn 0.3985 0.5267 -0.7508
vn 0.3426 0.6320 -0.6951
vn 0.4851 0.6395 -0.5964
vn 0.4102 0.7484 -0.5212
vn 0.4163 0.7535 -0.5089
vn 0.3131 0.8587 -0.4058
vn 0.3200 0.8627 -0.3916
vn 0.2139 0.9342 -0.2855
vn 0.2855 0.9342 -0.2139
vn 0.2924 0.9360 -0.1959
vn 0.3579 0.9226 -0.1438
vn 0.4024 0.9141 -0.0502
vn 0.5182 0.8391 -0.1652
vn 0.5089 0.8431 -0.1739
vn 0.5662 0.8095 -0.1556
vn 0.6090 0.7853 -0.1114
vn 0.6939 0.6919 -0.1994
vn 0.7341 0.6772 -0.0497
vn 0.8465 0.5068 -0.1632
vn 0.8615 0.5012 -0.0812
vn 0.8624 0.5001 -0.0783
vn -0.2000 -0.0030 -0.9798
vn -0.2393 -0.0057 -0.9709
vn -0.1997 0.0048 -0.9798
vn -0.2058 -0.0078 -0.9786
vn -0.1947 -0.0000 -0.9809
vn -0.2121 -0.0004 -0.9773
vn -0.2293 -0.0000 -0.9733
vn -0.6503 0.0008 -0.7597
vn -0.3285 -0.0000 -0.9445
vn -0.3309 -0.0001 -0.9437
vn -0.4645 -0.0002 -0.8856
vn -0.5197 -0.0017 -0.8544
vn -0.5679 -0.0001 -0.8231
vn -0.6527 -0.0000 -0.7576
vn -0.6338 -0.0005 -0.7735
vn -0.7305 0.0008 -0.6829
vn -0.6971 -0.0012 -0.7170
vn -0.7661 -0.0000 -0.6427
vn -0.7931 -0.0002 -0.6090
vn -0.8384 0.0005 -0.5450
vn -0.8733 0.0025 -0.4872
vn -0.8939 0.0042 -0.4483
vn -0.7995 -0.0045 -0.6007
vn -0.9088 0.0045 -0.4173
vn -0.9556 0.0001 -0.2945
vn -0.9242 -0.0001 -0.3819
vn -0.9265 -0.0001 -0.3763
vn -0.8855 -0.0001 -0.4645
vn -0.8316 -0.0031 -0.5554
vn -0.9990 -0.0000 -0.0456
vn -0.9982 0.0003 -0.0594
vn -0.9909 -0.0002 -0.1348
vn -0.9891 -0.0001 -0.1475
vn -0.9777 -0.0001 -0.2099
vn -0.9827 -0.0004 -0.1850
vn -0.9609 0.0005 -0.2770
vn -0.2212 -0.0000 0.9752
vn -0.2118 -0.0057 0.9773
vn -0.2224 0.0103 0.9749
vn -0.2402 -0.0000 0.9707
vn -0.2037 -0.0008 0.9790
vn -0.2064 -0.0024 0.9785
vn -0.2134 -0.0077 0.9769
vn -0.1377 -0.0000 0.9905
vn -0.0919 -0.0004 0.9958
vn -0.0460 -0.0000 0.9989
vn -0.1377 0.0042 0.9905
vn -0.2180 0.0141 0.9758
vn -0.0026 0.1079 0.9942
vn -0.1255 0.0635 0.9901
vn -0.1640 0.0455 0.9854
vn -0.0226 0.1747 0.9844
vn -0.0793 0.1084 0.9909
vn -0.0460 0.0220 0.9987
vn -0.1376 0.0425 0.9896
vn -0.0451 0.1361 0.9897
vn -0.0800 0.1067 0.9911
vn -0.1310 0.0433 0.9904
vn 0.1490 0.1677 0.9745
vn -0.1184 0.0220 0.9927
vn -0.1343 0.5714 0.8096
vn -0.8098 0.4328 0.3962
vn -0.9521 0.2013 0.2304
vn -0.9961 0.0504 0.0720
vn -0.3004 0.7062 0.6411
vn -0.4058 0.3692 0.8360
vn -0.5324 0.0704 0.8436
vn -0.6405 0.0654 0.7652
vn -0.7220 0.0254 0.6915
vn -0.6369 0.0780 0.7670
vn -0.6374 0.0773 0.7666
vn -0.5743 0.1286 0.8085
vn -0.5080 0.2015 0.8374
vn -0.4548 0.1063 0.8842
vn -0.3436 0.2090 0.9156
vn -0.5005 0.0166 0.8656
vn -0.3876 0.0746 0.9188
vn -0.4261 0.0397 0.9038
vn -0.3779 0.0698 0.9232
vn -0.3133 0.1360 0.9399
vn -0.1759 0.1277 0.9761
vn -0.2556 0.0492 0.9655
vn -0.2113 0.1058 0.9717
vn -0.3210 -0.0153 0.9470
vn -0.2695 0.0801 0.9597
vn -0.0848 0.3817 0.9204
vn -0.6617 0.5669 0.4907
vn -0.4767 0.6426 0.5998
vn -0.5349 0.5004 0.6808
vn -0.5667 0.5996 0.5652
vn -0.6273 0.5365 0.5645
vn -0.6165 0.4828 0.6219
vn -0.4368 0.6621 0.6090
vn -0.3958 0.6758 0.6218
vn -0.2722 0.7230 0.6350
vn -0.1811 0.7359 0.6525
vn -0.0884 0.7474 0.6585
vn -0.0839 0.7489 0.6573
vn -0.2170 0.5563 0.8022
vn -0.3622 0.4878 0.7943
vn -0.3464 0.5020 0.7925
vn -0.5018 0.4036 0.7651
vn -0.4730 0.4361 0.7656
vn -0.4577 0.5488 0.6995
vn -0.3917 0.5745 0.7187
vn -0.3770 0.5839 0.7190
vn -0.2447 0.6381 0.7300
vn -0.2538 0.6323 0.7320
vn 0.0367 0.6970 0.7162
vn -0.0891 0.6541 0.7511
vn -0.9826 0.1169 0.1445
vn -0.9469 0.1342 0.2922
vn -0.9360 -0.0119 0.3519
vn -0.8749 0.3402 0.3448
vn -0.8614 0.3742 0.3434
vn -0.8538 0.3089 0.4191
vn -0.7483 0.4890 0.4482
vn -0.7534 0.4814 0.4479
vn -0.7469 0.4287 0.5083
vn -0.7274 0.4664 0.5034
vn -0.7132 0.3956 0.5786
vn -0.9230 0.1092 0.3689
vn -0.9073 0.0560 0.4167
vn -0.8792 0.0531 0.4734
vn -0.8381 0.0762 0.5401
vn -0.8389 0.0449 0.5424
vn -0.8699 0.0529 0.4905
vn -0.8794 0.0788 0.4694
vn -0.7971 0.0839 0.5980
vn -0.7804 0.0463 0.6236
vn -0.5933 0.2240 0.7732
vn -0.5492 0.1374 0.8243
vn -0.4262 0.2552 0.8679
vn -0.3774 0.1679 0.9107
vn -0.2966 0.2328 0.9262
vn -0.2305 0.2637 0.9367
vn -0.2070 0.2856 0.9357
vn -0.8090 0.0102 0.5877
vn -0.7472 0.1233 0.6531
vn -0.7690 0.1749 0.6149
vn -0.7838 0.1144 0.6104
vn -0.8132 0.1895 0.5502
vn -0.8272 0.1279 0.5472
vn -0.8535 0.2059 0.4786
vn -0.9930 0.0651 0.0983
vn -0.9882 0.0190 0.1518
vn -0.9693 0.0889 0.2294
vn -0.9562 0.0299 0.2912
vn -0.8888 0.2236 0.4001
vn -0.8669 0.1438 0.4773
vn -0.7662 0.3055 0.5654
vn -0.7481 0.2505 0.6145
vn -0.6736 0.2771 0.6851
vn -0.6811 0.2578 0.6853
vn -0.6493 0.1854 0.7376
vn -0.6706 0.1587 0.7246
vn -0.6737 0.1491 0.7238
vn -0.7451 0.0391 0.6658
vn -0.7429 0.0677 0.6659
vn -0.9395 0.2569 0.2266
vn -0.9312 0.1789 0.3174
vn -0.8358 0.3588 0.4155
vn -0.8207 0.2827 0.4965
vn -0.6950 0.4324 0.5745
vn -0.6758 0.3633 0.6413
vn -0.4357 0.5482 0.7138
vn -0.5346 0.5005 0.6810
vn -0.5560 0.6060 0.5689
vn -0.5439 0.6147 0.5712
vn -0.1034 0.3448 0.9330
vn 0.0477 0.3154 0.9478
vn -0.0892 0.2587 0.9618
vn -0.6211 0.0296 0.7832
vn -0.5469 0.0399 0.8363
vn -0.5339 0.0564 0.8437
vn -0.4680 0.1087 0.8770
vn -0.4119 0.1667 0.8958
vn -0.3579 0.0779 0.9305
vn -0.2980 0.1340 0.9451
vn -0.0248 0.2919 0.9561
vn -0.1756 0.1734 0.9691
vn -0.1457 0.1902 0.9709
vn -0.1077 0.2157 0.9705
vn -0.4314 0.3405 0.8354
vn -0.2971 0.4276 0.8538
vn -0.3092 0.4164 0.8550
vn -0.1863 0.4790 0.8578
vn -0.0574 0.5696 0.8199
vn -0.0918 0.5588 0.8242
vn -0.2931 0.4527 0.8421
vn -0.9773 0.1345 0.1636
vn -0.9706 0.0793 0.2274
vn -0.9178 0.2418 0.3151
vn -0.9020 0.1612 0.4006
vn -0.8036 0.3319 0.4941
vn -0.7829 0.2570 0.5666
vn -0.6587 0.3990 0.6379
vn -0.6318 0.3213 0.7054
vn -0.5837 0.3479 0.7336
vn -0.5490 0.2684 0.7916
vn -0.5022 0.2935 0.8134
vn -0.4602 0.2110 0.8624
vn -0.3650 0.2882 0.8853
vn -0.3349 0.3012 0.8928
vn -0.2587 0.3513 0.8998
vn -0.2460 0.3555 0.9017
vn -0.1501 0.4072 0.9009
vn -0.1049 0.4177 0.9025
vn -0.0418 0.4607 0.8866
vn -0.0836 0.9482 0.3066
vn -0.0836 0.9910 0.1046
vn -0.9964 0.0717 0.0448
vn -0.9964 0.0840 0.0089
vn -0.9964 0.0841 0.0089
vn -0.9767 0.2133 0.0225
vn -0.9575 0.2859 0.0382
vn -0.8575 0.5107 0.0619
vn -0.8908 0.4518 0.0477
vn -0.9427 0.3318 0.0350
vn -0.7055 0.7039 0.0820
vn -0.7476 0.6605 0.0697
vn -0.8279 0.5577 0.0589
vn -0.5111 0.8540 0.0975
vn -0.5566 0.8262 0.0872
vn -0.6601 0.7470 0.0788
vn -0.2123 0.9718 0.1026
vn -0.2863 0.9521 0.1073
vn -0.3304 0.9386 0.0991
vn -0.4503 0.8879 0.0937
vn -0.0836 0.8449 0.5284
vn -0.1805 0.8339 0.5215
vn -0.2862 0.8139 0.5056
vn -0.5111 0.7321 0.4504
vn -0.4360 0.7630 0.4772
vn -0.2996 0.8089 0.5059
vn -0.7055 0.6049 0.3692
vn -0.6601 0.6369 0.3983
vn -0.5432 0.7119 0.4452
vn -0.8575 0.4397 0.2672
vn -0.8091 0.4983 0.3116
vn -0.7475 0.5632 0.3522
vn -0.9833 0.1545 0.0967
vn -0.9574 0.2466 0.1502
vn -0.9532 0.2565 0.1604
vn -0.8754 0.4099 0.2563
vn -0.0840 0.9039 0.4194
vn -0.1976 0.9268 0.3195
vn -0.2856 0.9060 0.3124
vn -0.5101 0.8131 0.2804
vn -0.7045 0.6710 0.2313
vn -0.8568 0.4876 0.1681
vn -0.8568 0.4875 0.1681
vn -0.9572 0.2738 0.0944
vn -0.9572 0.2737 0.0944
vn -0.9964 0.0801 0.0276
vn -0.9964 0.0800 0.0276
vn -0.0841 0.9965 -0.0000
vn -0.2134 0.9770 -0.0000
vn -0.3320 0.9433 -0.0000
vn -0.4523 0.8919 -0.0000
vn -0.5587 0.8294 -0.0000
vn -0.6622 0.7494 -0.0000
vn -0.7494 0.6622 -0.0000
vn -0.7494 0.6621 -0.0000
vn -0.8294 0.5587 -0.0000
vn -0.8918 0.4523 -0.0000
vn -0.8919 0.4523 -0.0000
vn -0.9433 0.3321 -0.0000
vn -0.9433 0.3320 -0.0000
vn -0.9770 0.2134 -0.0000
vn -0.9965 0.0841 -0.0000
vn -0.9965 0.0840 -0.0000
vn -0.9964 0.0840 -0.0089
vn -0.9964 0.0716 -0.0449
vn -0.9833 0.1544 -0.0968
vn -0.9574 0.2465 -0.1504
vn -0.9693 0.2156 -0.1183
vn -0.8575 0.4394 -0.2676
vn -0.8754 0.4096 -0.2567
vn -0.9371 0.2958 -0.1854
vn -0.7055 0.6045 -0.3698
vn -0.7475 0.5628 -0.3527
vn -0.8090 0.4980 -0.3121
vn -0.5111 0.7316 -0.4512
vn -0.5836 0.6881 -0.4312
vn -0.6601 0.6365 -0.3989
vn -0.0836 0.8444 -0.5292
vn -0.1805 0.8334 -0.5223
vn -0.2862 0.8135 -0.5063
vn -0.2996 0.8084 -0.5066
vn -0.4794 0.7436 -0.4660
vn -0.2208 0.9280 -0.3002
vn -0.0840 0.9037 -0.4198
vn -0.2123 0.9718 -0.1027
vn -0.2863 0.9521 -0.1075
vn -0.5111 0.8539 -0.0976
vn -0.4503 0.8879 -0.0938
vn -0.3304 0.9386 -0.0992
vn -0.7055 0.7039 -0.0821
vn -0.6601 0.7470 -0.0790
vn -0.5565 0.8262 -0.0873
vn -0.8575 0.5107 -0.0619
vn -0.8279 0.5577 -0.0589
vn -0.7475 0.6605 -0.0698
vn -0.9767 0.2133 -0.0226
vn -0.9575 0.2858 -0.0383
vn -0.9427 0.3318 -0.0351
vn -0.8908 0.4518 -0.0478
vn -0.9964 0.0800 -0.0276
vn -0.9964 0.0801 -0.0276
vn -0.9572 0.2737 -0.0945
vn -0.8568 0.4875 -0.1684
vn -0.7045 0.6708 -0.2317
vn -0.5101 0.8130 -0.2808
vn -0.2856 0.9058 -0.3129
vn -0.0834 0.9419 -0.3253
vn -0.0836 0.9910 -0.1047
vn -0.0836 0.9910 -0.1048
vn -0.0837 0.7272 -0.6813
vn -0.6232 0.0603 -0.7797
vn -0.4812 0.6691 -0.5664
vn -0.5851 0.6092 -0.5353
vn -0.9825 0.1156 -0.1462
vn -0.9182 0.0225 -0.3954
vn -0.7301 0.1226 -0.6723
vn -0.8600 0.0697 -0.5055
vn -0.7337 0.1167 -0.6693
vn -0.9958 0.0434 -0.0808
vn -0.9953 0.0461 -0.0847
vn -0.9854 0.0354 -0.1663
vn -0.8752 0.1679 -0.4537
vn -0.8360 0.2556 -0.4856
vn -0.9094 0.1060 -0.4022
vn -0.8745 0.2050 -0.4396
vn -0.9369 0.0418 -0.3471
vn -0.9081 0.1526 -0.3901
vn -0.9572 -0.0248 -0.2883
vn -0.9282 0.1299 -0.3485
vn -0.7788 0.0167 -0.6271
vn -0.7480 0.0719 -0.6598
vn -0.6736 0.1594 -0.7217
vn -0.7043 0.1071 -0.7018
vn -0.6451 0.1842 -0.7416
vn -0.7876 0.2853 -0.5461
vn -0.7444 0.3518 -0.5675
vn -0.6825 0.2705 -0.6789
vn -0.7054 0.2371 -0.6679
vn -0.6559 0.2928 -0.6957
vn -0.6913 0.3975 -0.6034
vn -0.7343 0.3412 -0.5868
vn -0.9330 0.2103 -0.2919
vn -0.9004 0.2942 -0.3204
vn -0.9649 0.1266 -0.2301
vn -0.9348 0.2343 -0.2670
vn -0.9399 0.2210 -0.2601
vn -0.9594 0.1400 -0.2450
vn -0.9765 0.0657 -0.2054
vn -0.9761 0.0492 -0.2118
vn -0.5038 0.4098 -0.7605
vn -0.5370 0.5080 -0.6734
vn -0.5708 0.4710 -0.6726
vn -0.5882 0.5486 -0.5942
vn -0.4480 0.6323 -0.6320
vn -0.4524 0.6699 -0.5888
vn -0.1794 0.1052 -0.9781
vn 0.1002 0.3351 -0.9368
vn -0.1408 0.1834 -0.9729
vn -0.0687 0.2192 -0.9733
vn -0.1207 0.1975 -0.9729
vn -0.0869 0.2620 -0.9611
vn -0.1462 0.3596 -0.9216
vn -0.1322 0.3686 -0.9202
vn -0.2053 0.5130 -0.8335
vn -0.1360 0.1872 -0.9729
vn -0.2181 0.3226 -0.9211
vn -0.2369 0.3084 -0.9213
vn -0.2935 0.4197 -0.8589
vn 0.0549 0.5672 -0.8217
vn -0.2429 0.0590 -0.9683
vn -0.3466 -0.0243 -0.9377
vn -0.3671 0.1220 -0.9221
vn -0.6429 0.0858 -0.7611
vn -0.4686 0.1247 -0.8746
vn -0.6143 0.5830 -0.5317
vn -0.6099 0.5457 -0.5747
vn -0.6929 0.4768 -0.5409
vn -0.6743 0.3953 -0.6237
vn -0.6331 0.4416 -0.6357
vn -0.5962 0.3335 -0.7303
vn -0.5820 0.3494 -0.7343
vn -0.5456 0.2659 -0.7948
vn -0.5890 0.2228 -0.7768
vn -0.5441 0.1348 -0.8281
vn -0.5018 0.1997 -0.8416
vn -0.4543 0.1142 -0.8835
vn -0.5192 0.0428 -0.8536
vn -0.5771 0.1470 -0.8033
vn -0.6689 0.0220 -0.7430
vn -0.6920 0.0310 -0.7213
vn -0.7582 0.0157 -0.6519
vn -0.7255 0.1340 -0.6751
vn -0.2295 0.0734 -0.9705
vn -0.2722 0.1379 -0.9523
vn -0.2248 0.1761 -0.9584
vn -0.2677 0.2468 -0.9313
vn -0.1396 0.3703 -0.9184
vn -0.3616 0.2837 -0.8881
vn -0.3991 0.3577 -0.8443
vn -0.3093 0.4151 -0.8556
vn -0.3437 0.4937 -0.7988
vn -0.2182 0.5520 -0.8048
vn -0.2466 0.6346 -0.7325
vn -0.2545 0.6295 -0.7342
vn -0.2717 0.7130 -0.6464
vn -0.1811 0.7346 -0.6539
vn -0.8281 0.0055 -0.5606
vn -0.8570 0.0752 -0.5098
vn -0.8293 0.1341 -0.5425
vn -0.8665 0.0283 -0.4984
vn -0.7926 0.1767 -0.5836
vn -0.8335 0.0827 -0.5463
vn -0.7524 0.2183 -0.6214
vn -0.7956 0.1356 -0.5905
vn -0.7564 0.1957 -0.6242
vn -0.7926 0.3045 -0.5282
vn -0.8346 0.2276 -0.5017
vn -0.8593 0.3484 -0.3744
vn -0.8137 0.4216 -0.4002
vn -0.8716 0.3110 -0.3790
vn -0.7587 0.4607 -0.4606
vn -0.8063 0.3950 -0.4402
vn -0.7983 0.4055 -0.4454
vn -0.7483 0.4870 -0.4505
vn -0.6616 0.5649 -0.4931
vn 0.0251 0.7519 -0.6588
vn -0.2233 0.5929 -0.7737
vn 0.0284 0.6942 -0.7192
vn -0.1997 0.5076 -0.8381
vn -0.1459 0.5357 -0.8317
vn -0.0002 0.4632 -0.8862
vn -0.2245 0.3219 -0.9198
vn -0.0501 0.3558 -0.9332
vn -0.0282 0.3196 -0.9471
vn -0.3010 0.7358 -0.6066
vn -0.2071 0.7137 -0.6691
vn -0.4324 0.6319 -0.6432
vn -0.4171 0.5609 -0.7151
vn -0.3951 0.5795 -0.7129
vn -0.3640 0.4885 -0.7930
vn -0.4673 0.4242 -0.7757
vn -0.4323 0.3441 -0.8335
vn -0.4985 0.2912 -0.8165
vn -0.4559 0.2074 -0.8655
vn -0.4211 0.2520 -0.8713
vn -0.3721 0.1644 -0.9135
vn -0.3642 0.1740 -0.9149
vn -0.3267 0.1120 -0.9385
vn -0.4091 0.0261 -0.9121
vn -0.4207 0.0086 -0.9072
vn -0.5371 0.0425 -0.8425
vn -0.5388 0.0409 -0.8415
vn -0.6135 0.0306 -0.7891
vn -0.1333 0.0053 -0.9911
vn -0.0954 0.0342 -0.9949
vn -0.1381 0.0526 -0.9890
vn -0.2121 0.0195 -0.9771
vn -0.0445 0.0143 -0.9989
vn -0.0987 0.0377 -0.9944
vn -0.0076 0.1417 -0.9899
vn -0.1550 0.0367 -0.9872
vn -0.0543 0.0733 -0.9958
vn 0.1383 0.1573 -0.9778
vn -0.1271 0.0541 -0.9904
vn -0.0446 -0.0000 -0.9990
vn -0.0890 -0.0004 -0.9960
vn -0.1333 -0.0000 -0.9911
vn -0.4452 0.0029 0.8954
vn -0.8244 -0.0003 0.5660
vn -0.9264 -0.0001 0.3765
vn -0.9246 -0.0051 0.3809
vn -0.9761 0.0038 0.2173
vn -0.9522 0.0008 0.3056
vn -0.9989 -0.0000 0.0472
vn -0.9999 0.0006 0.0159
vn -0.9900 -0.0011 0.1410
vn -0.9947 0.0002 0.1031
vn -0.9756 -0.0003 0.2193
vn -0.9519 -0.0018 0.3064
vn -0.8736 0.0023 0.4867
vn -0.8687 -0.0012 0.4953
vn -0.8884 -0.0005 0.4590
vn -0.9058 -0.0002 0.4237
vn -0.9005 0.0045 0.4349
vn -0.8047 -0.0055 0.5936
vn -0.8362 -0.0030 0.5485
vn -0.6430 -0.0047 0.7659
vn -0.6827 -0.0024 0.7307
vn -0.7360 -0.0005 0.6770
vn -0.7780 -0.0000 0.6282
vn -0.4258 0.0252 0.9045
vn -0.4488 -0.0050 0.8936
vn -0.7286 0.0014 0.6849
vn -0.6470 -0.0001 0.7625
vn -0.5824 -0.0001 0.8129
vn -0.5141 -0.0021 0.8577
vn -0.6000 0.0059 0.7999
vn -0.5492 0.0029 0.8357
vn -0.5047 0.0013 0.8633
vn -0.4570 0.0001 0.8895
vn -0.3422 -0.0004 0.9396
vn -0.3303 -0.0000 0.9439
vn -0.6690 -0.0632 0.7406
vn -0.7366 -0.0371 0.6754
vn -0.9616 -0.2191 0.1654
vn -0.8439 -0.5365 -0.0000
vn -0.6012 -0.7933 0.0958
vn -0.6394 -0.7672 0.0504
vn -0.7225 -0.6820 0.1134
vn -0.8379 -0.5135 0.1848
vn -0.9008 0.4342 -0.0005
vn -0.9380 0.3466 0.0046
vn -0.9858 0.1675 0.0118
vn -0.8787 0.4773 -0.0023
vn -0.9934 -0.1134 0.0158
vn -0.9995 -0.0326 -0.0000
vn -0.9267 -0.3722 0.0521
vn -0.9698 -0.2440 -0.0000
vn -0.8821 -0.4677 0.0567
vn -0.9143 -0.4051 -0.0000
vn -0.9124 -0.3864 0.1352
vn -0.9029 -0.3992 0.1595
vn -0.9193 -0.3449 0.1894
vn -0.9106 -0.3309 0.2477
vn -0.9116 -0.3251 0.2516
vn -0.8696 -0.4832 0.1015
vn -0.9489 -0.3040 0.0846
vn -0.9245 -0.3677 0.1008
vn -0.9777 -0.1886 0.0928
vn -0.9856 -0.1455 0.0860
vn -0.9812 -0.1853 0.0542
vn -0.9989 -0.0180 0.0427
vn -0.9964 -0.0834 0.0168
vn -0.7736 0.6337 -0.0052
vn -0.7625 -0.5824 0.2818
vn -0.7491 -0.6263 0.2160
vn -0.7597 -0.6115 0.2212
vn -0.8985 -0.3069 0.3139
vn -0.8847 -0.3167 0.3420
vn -0.8739 -0.1848 0.4496
vn -0.9999 0.0163 -0.0000
vn -0.6828 -0.7279 0.0637
vn -0.3210 -0.9470 0.0104
vn -0.2865 -0.9577 0.0257
vn -0.2077 -0.9782 0.0068
vn -0.1513 -0.9884 0.0134
vn -0.1398 -0.9902 0.0046
vn -0.0956 -0.9954 0.0087
vn -0.0937 -0.9956 0.0051
vn -0.0729 -0.9973 0.0067
vn -0.0826 -0.9947 0.0619
vn -0.3705 -0.9282 0.0340
vn -0.4335 -0.8965 0.0917
vn -0.6433 -0.7634 0.0589
vn -0.8242 -0.5290 0.2023
vn -0.9516 -0.2946 0.0872
vn -0.9611 -0.2208 0.1656
vn -0.9883 -0.1223 0.0906
vn -0.9687 -0.1226 0.2160
vn -0.7845 -0.5294 0.3229
vn -0.8307 -0.4219 0.3632
vn -0.7474 -0.5592 0.3588
vn -0.8254 -0.3269 0.4603
vn -0.7697 -0.4522 0.4507
vn -0.8077 -0.2219 0.5462
vn -0.7741 -0.3369 0.5360
vn -0.7812 -0.2057 0.5894
vn -0.7439 -0.0544 0.6660
vn -0.7553 -0.1376 0.6408
vn -0.7327 -0.1615 0.6611
vn -0.7549 -0.2781 0.5939
vn -0.7683 -0.1538 0.6214
vn -0.7851 -0.3700 0.4967
vn -0.8187 -0.2336 0.5246
vn -0.7981 -0.4571 0.3927
vn -0.8169 -0.5510 0.1707
vn -0.8403 -0.4842 0.2439
vn -0.8241 -0.5185 0.2282
vn -0.8392 -0.4526 0.3015
vn -0.8272 -0.4843 0.2851
vn -0.8348 -0.4186 0.3577
vn -0.8573 -0.3030 0.4162
vn -0.8562 -0.3050 0.4170
vn -0.8337 -0.2050 0.5127
vn -0.7947 -0.2039 0.5717
vn -0.7695 -0.1514 0.6204
vn -0.6891 -0.0951 0.7184
vn -0.7246 -0.1433 0.6741
vn -0.6922 -0.0959 0.7153
vn -0.6848 -0.1089 0.7205
vn -0.6516 -0.0238 0.7582
vn -0.6547 -0.1125 0.7475
vn -0.9110 -0.4040 0.0827
vn -0.9230 -0.3771 0.0773
vn -0.9659 -0.2458 0.0809
vn -0.9622 -0.2585 0.0856
vn -0.9891 -0.1201 0.0851
vn -0.9957 -0.0911 0.0157
vn -0.9368 -0.1957 0.2899
vn -0.9733 -0.0841 0.2137
vn -0.9911 -0.0865 0.1016
vn -0.2838 -0.9589 -0.0000
vn -0.3688 -0.9291 0.0293
vn -0.3698 -0.9286 0.0293
vn -0.4430 -0.8959 0.0335
vn -0.4478 -0.8936 0.0311
vn -0.6032 -0.7968 0.0362
vn -0.5553 -0.8293 0.0618
vn -0.7296 -0.6836 0.0185
vn -0.6887 -0.7230 0.0535
vn -0.8308 -0.5532 0.0614
vn -0.8242 -0.5625 0.0658
vn -0.8878 -0.4548 0.0701
vn -0.3997 -0.9143 0.0656
vn -0.5628 -0.8266 -0.0000
vn -0.5645 -0.8243 0.0428
vn -0.6005 -0.7997 -0.0000
vn -0.6989 -0.7129 0.0573
vn -0.7104 -0.7022 0.0479
vn -0.7835 -0.6185 0.0603
vn -0.5307 -0.8379 0.1277
vn -0.6883 -0.7085 0.1560
vn -0.6056 -0.7747 0.1818
vn -0.7666 -0.6019 0.2237
vn -0.7049 -0.6669 0.2415
vn -0.8310 -0.4779 0.2846
vn -0.7881 -0.5388 0.2976
vn -0.8773 -0.3416 0.3372
vn -0.8500 -0.3959 0.3475
vn -0.9030 -0.2002 0.3801
vn -0.8878 -0.2463 0.3888
vn -0.5942 -0.7997 0.0866
vn -0.5569 -0.8169 0.1503
vn -0.6745 -0.7158 0.1808
vn -0.6730 -0.7326 0.1018
vn -0.6436 -0.7530 0.1370
vn -0.6426 -0.7593 0.1027
vn -0.6447 -0.7579 0.0996
vn -0.4493 -0.8904 0.0735
vn -0.4924 -0.8704 -0.0000
vn -0.9645 -0.0710 0.2543
vn -0.9368 -0.2526 0.2421
vn -0.9448 -0.2284 0.2349
vn -0.8859 -0.4094 0.2184
vn -0.9011 -0.3798 0.2091
vn -0.8078 -0.5584 0.1887
vn -0.8328 -0.5247 0.1767
vn -0.7065 -0.6906 0.1544
vn -0.7430 -0.6548 0.1388
vn -0.5885 -0.8000 0.1171
vn -0.6372 -0.7646 0.0965
vn -0.5044 -0.8595 0.0833
vn -0.5094 -0.8577 0.0694
vn -0.3585 -0.9318 0.0564
vn -0.4309 -0.9024 -0.0000
vn -0.5265 -0.0091 0.8501
vn -0.5194 -0.0164 0.8544
vn -0.5626 -0.0034 0.8267
vn -0.5895 -0.0691 0.8048
vn -0.5882 -0.0497 0.8072
vn -0.9657 -0.1328 0.2229
vn -0.9408 -0.0720 0.3313
vn -0.9408 -0.1269 0.3142
vn -0.9113 -0.0904 0.4016
vn -0.9002 -0.0702 0.4298
vn -0.8715 -0.1101 0.4779
vn -0.8343 -0.0554 0.5485
vn -0.8067 -0.0726 0.5865
vn -0.7510 -0.0449 0.6588
vn -0.7274 -0.0606 0.6836
vn -0.6299 -0.0105 0.7766
vn -0.8301 -0.0902 0.5502
vn -0.8757 -0.0708 0.4776
vn -0.9062 -0.1123 0.4078
vn -0.8974 -0.1431 0.4174
vn -0.9254 -0.0845 0.3694
vn -0.8324 -0.0786 0.5486
vn -0.8252 -0.2356 0.5133
vn -0.8457 -0.1604 0.5089
vn -0.8092 -0.3728 0.4541
vn -0.8455 -0.2879 0.4498
vn -0.7726 -0.5048 0.3851
vn -0.8289 -0.4113 0.3791
vn -0.7167 -0.6250 0.3094
vn -0.7976 -0.5243 0.2982
vn -0.6813 -0.6893 0.2465
vn -0.7500 -0.6256 0.2148
vn -0.6722 -0.7159 0.1889
vn -0.7019 -0.6956 0.1535
vn -0.7427 -0.6482 0.1681
vn -0.8052 -0.5822 0.1130
vn -0.7858 -0.6094 0.1052
vn -0.9035 -0.4215 0.0777
vn -0.7827 -0.6205 0.0477
vn -0.9143 -0.4050 -0.0000
vn -0.4885 -0.8713 -0.0461
vn -0.5720 -0.8167 -0.0757
vn -0.7708 -0.1160 -0.6264
vn -0.9727 -0.2030 -0.1125
vn -0.9706 -0.1195 -0.2088
vn -0.7986 -0.0486 -0.5999
vn -0.8937 -0.1096 -0.4351
vn -0.8926 -0.1111 -0.4370
vn -0.9078 -0.1044 -0.4062
vn -0.9248 -0.1109 -0.3640
vn -0.9237 -0.1129 -0.3660
vn -0.9777 -0.2054 -0.0440
vn -0.9718 -0.1165 -0.2050
vn -0.9853 -0.1132 -0.1281
vn -0.9843 -0.1171 -0.1319
vn -0.9911 -0.1159 -0.0653
vn -0.9948 -0.0910 -0.0450
vn -0.2794 -0.9602 -0.0000
vn -0.4302 -0.9027 -0.0000
vn -0.4195 -0.9076 -0.0182
vn -0.5766 -0.8170 -0.0000
vn -0.5765 -0.8171 -0.0000
vn -0.7065 -0.7005 -0.1010
vn -0.7802 -0.6255 -0.0000
vn -0.7489 -0.6622 -0.0255
vn -0.8196 -0.5730 -0.0000
vn -0.7863 -0.6173 -0.0257
vn -0.8567 -0.5158 -0.0000
vn -0.8904 -0.4552 -0.0000
vn -0.8769 -0.4798 -0.0284
vn -0.9207 -0.3902 -0.0000
vn -0.9669 -0.2551 -0.0019
vn -0.9979 -0.0652 0.0001
vn -0.9842 -0.1722 -0.0403
vn -0.9974 -0.0689 -0.0211
vn -0.8396 -0.3879 -0.3803
vn -0.8228 -0.4912 -0.2858
vn -0.8205 -0.4897 -0.2950
vn -0.8659 -0.3917 -0.3111
vn -0.9150 -0.2975 -0.2725
vn -0.7775 -0.4081 -0.4785
vn -0.8024 -0.2174 -0.5558
vn -0.7813 -0.2407 -0.5759
vn -0.7763 -0.2383 -0.5836
vn -0.7375 -0.0338 -0.6745
vn -0.7375 -0.0266 -0.6749
vn -0.7482 -0.0861 -0.6579
vn -0.8750 -0.0985 -0.4739
vn -0.8430 -0.1123 -0.5261
vn -0.8565 -0.0795 -0.5099
vn -0.8187 -0.1008 -0.5653
vn -0.8160 -0.1124 -0.5670
vn -0.7635 -0.1474 -0.6287
vn -0.7096 -0.7046 -0.0068
vn -0.6735 -0.7378 -0.0450
vn -0.5851 -0.8067 -0.0827
vn -0.6328 -0.7739 -0.0258
vn -0.5420 -0.8307 -0.1272
vn -0.7222 -0.6702 -0.1713
vn -0.6851 -0.6958 -0.2158
vn -0.4677 -0.8779 -0.1024
vn -0.6411 -0.7566 -0.1287
vn -0.6084 -0.7718 -0.1850
vn -0.7588 -0.6065 -0.2374
vn -0.7498 -0.6132 -0.2488
vn -0.7576 -0.5479 -0.3548
vn -0.7627 -0.5854 -0.2749
vn -0.8079 -0.5247 -0.2683
vn -0.7011 -0.6736 -0.2339
vn -0.7628 -0.1248 -0.6345
vn -0.7685 -0.2409 -0.5927
vn -0.8129 -0.2122 -0.5423
vn -0.8309 -0.2831 -0.4790
vn -0.8373 -0.2796 -0.4699
vn -0.8500 -0.3021 -0.4316
vn -0.8642 -0.2956 -0.4072
vn -0.8712 -0.3158 -0.3759
vn -0.8883 -0.3093 -0.3394
vn -0.6178 -0.7768 -0.1222
vn -0.6303 -0.7749 -0.0475
vn -0.6315 -0.7739 -0.0472
vn -0.5820 -0.8122 -0.0402
vn -0.7947 -0.5762 -0.1907
vn -0.7233 -0.6677 -0.1763
vn -0.6909 -0.7120 -0.1255
vn -0.7039 -0.6975 -0.1346
vn -0.7140 -0.6956 -0.0804
vn -0.6873 -0.7246 -0.0502
vn -0.7230 -0.6906 -0.0192
vn -0.9433 -0.3258 -0.0639
vn -0.9383 -0.3432 -0.0422
vn -0.9320 -0.3446 -0.1124
vn -0.9332 -0.3386 -0.1202
vn -0.9222 -0.3412 -0.1819
vn -0.9231 -0.3312 -0.1955
vn -0.9087 -0.3352 -0.2487
vn -0.8464 -0.5292 -0.0599
vn -0.8287 -0.5597 -0.0061
vn -0.8223 -0.5620 -0.0890
vn -0.8261 -0.5543 -0.1013
vn -0.8187 -0.5561 -0.1431
vn -0.8231 -0.5439 -0.1636
vn -0.8204 -0.5447 -0.1738
vn -0.8470 -0.4786 -0.2315
vn -0.8218 -0.4859 -0.2976
vn -0.8162 -0.3762 -0.4386
vn -0.8290 -0.4296 -0.3582
vn -0.8236 -0.4357 -0.3633
vn -0.7792 -0.5366 -0.3240
vn -0.7495 -0.6156 -0.2435
vn -0.9520 -0.1039 -0.2879
vn -0.9520 -0.1038 -0.2878
vn -0.9082 -0.3213 -0.2681
vn -0.8914 -0.3266 -0.3141
vn -0.8106 -0.5130 -0.2823
vn -0.8256 -0.4423 -0.3504
vn -0.8033 -0.4521 -0.3878
vn -0.8062 -0.4393 -0.3963
vn -0.8029 -0.3917 -0.4494
vn -0.8270 -0.2924 -0.4802
vn -0.7775 -0.3253 -0.5382
vn -0.7818 -0.1392 -0.6078
vn -0.7532 -0.1706 -0.6353
vn -0.7793 -0.1681 -0.6037
vn -1.0000 -0.0059 -0.0007
vn -0.9998 -0.0173 -0.0012
vn -0.9991 -0.0424 -0.0021
vn -0.9702 -0.2421 -0.0022
vn -0.9960 -0.0884 -0.0106
vn -0.9954 -0.0952 -0.0105
vn -0.9998 -0.0178 -0.0039
vn -0.6152 -0.7853 -0.0699
vn -0.9993 -0.0367 -0.0034
vn -0.9459 -0.3244 -0.0003
vn -0.9871 -0.1600 -0.0002
vn -0.9992 -0.0399 -0.0000
vn -0.9996 0.0293 -0.0000
vn -0.6908 -0.7230 -0.0000
vn -0.9940 -0.1084 -0.0106
vn -0.9689 -0.2462 -0.0257
vn -0.9559 -0.2931 -0.0183
vn -0.9933 -0.1126 -0.0255
vn -0.9953 -0.0949 -0.0174
vn -0.9902 -0.1391 -0.0142
vn -0.9937 -0.1118 -0.0105
vn -0.9557 -0.2944 -0.0026
vn -0.9547 -0.2974 -0.0028
vn -0.9494 -0.3140 -0.0032
vn -0.9886 -0.1500 -0.0097
vn -0.9890 -0.1475 -0.0098
vn -0.9608 -0.2759 -0.0264
vn -0.9815 -0.1915 -0.0092
vn -0.9952 -0.0979 0.0048
vn -0.9373 -0.3484 -0.0039
vn -0.9456 -0.3253 -0.0034
vn -0.9734 -0.2251 -0.0422
vn -0.8803 -0.4632 -0.1029
vn -0.9342 -0.3252 -0.1469
vn -0.9693 -0.2031 -0.1385
vn -0.9478 -0.2914 -0.1293
vn -0.9665 -0.2512 -0.0529
vn -0.9757 -0.2154 -0.0391
vn -0.9238 -0.3824 -0.0195
vn -0.9103 -0.4133 -0.0238
vn -0.9026 -0.4296 -0.0280
vn -0.9294 -0.3676 -0.0336
vn -0.9270 -0.3732 -0.0367
vn -0.8270 -0.5521 -0.1062
vn -0.8218 -0.5692 -0.0253
vn -0.8645 -0.5017 -0.0305
vn -0.8622 -0.5055 -0.0335
vn -0.7682 -0.6314 -0.1060
vn -0.7880 -0.6150 -0.0288
vn -0.7869 -0.6163 -0.0307
vn -0.7104 -0.7034 -0.0250
vn -0.7393 -0.6734 -0.0000
vn -0.4762 -0.8793 -0.0095
vn -0.5370 -0.8427 -0.0385
vn -0.5268 -0.8448 -0.0943
vn -0.6613 -0.7420 -0.1099
vn -0.6313 -0.7516 -0.1912
vn -0.7592 -0.6108 -0.2250
vn -0.7159 -0.6308 -0.2995
vn -0.8151 -0.4560 -0.3574
vn -0.7681 -0.4884 -0.4142
vn -0.8162 -0.2942 -0.4973
vn -0.7980 -0.3141 -0.5143
vn -0.7822 -0.3052 -0.5432
vn -0.8020 -0.3475 -0.4859
vn -0.8163 -0.3756 -0.4389
vn -0.8229 -0.3683 -0.4327
vn -0.7500 -0.5627 -0.3476
vn -0.7900 -0.5351 -0.2994
vn -0.6661 -0.7052 -0.2427
vn -0.7035 -0.6880 -0.1785
vn -0.5537 -0.8196 -0.1472
vn -0.5789 -0.8116 -0.0788
vn -0.4274 -0.9017 -0.0658
vn -0.4352 -0.9000 -0.0230
vn -0.8983 -0.3339 -0.2855
vn -0.8642 -0.4530 -0.2187
vn -0.8225 -0.5144 -0.2426
vn -0.8988 -0.4146 -0.1424
vn -0.7748 -0.5847 -0.2404
vn -0.8424 -0.5227 -0.1312
vn -0.7305 -0.6426 -0.2311
vn -0.7822 -0.6113 -0.1203
vn -0.6914 -0.6900 -0.2142
vn -0.6798 -0.7263 -0.1012
vn -0.6801 -0.7261 -0.1009
vn -0.4660 -0.8820 -0.0706
vn -0.4685 -0.8810 -0.0665
vn -0.3722 -0.9281 -0.0073
vn -0.3604 -0.9320 -0.0394
vn -0.3283 -0.9444 -0.0159
vn -0.3657 -0.9306 -0.0165
vn -0.9452 -0.3265 -0.0007
vn -0.9658 -0.2594 0.0004
vn -0.9786 -0.2057 -0.0000
vn -0.9958 -0.0911 -0.0000
vn -0.2838 -0.9589 0.0001
vn -0.3658 -0.9307 -0.0000
vn -0.3700 -0.9290 -0.0000
vn -0.4762 -0.8793 -0.0000
vn -0.4481 -0.8940 -0.0010
vn -0.5824 -0.8129 0.0004
vn -0.5564 -0.8309 -0.0000
vn -0.6310 -0.7758 -0.0000
vn -0.6897 -0.7241 0.0011
vn -0.7231 -0.6907 -0.0000
vn -0.8260 -0.5637 -0.0000
vn -0.8479 -0.5302 -0.0010
vn -0.8900 -0.4559 -0.0000
vn -0.9257 -0.3782 -0.0000
vt 0.411543 0.971747
vt 0.409257 0.972360
vt 0.408074 0.963371
vt 0.406890 0.972360
vt 0.404604 0.971747
vt 0.416450 0.966841
vt 0.415266 0.968890
vt 0.413593 0.970564
vt 0.416450 0.959902
vt 0.417062 0.962188
vt 0.417062 0.964555
vt 0.411543 0.954996
vt 0.413593 0.956179
vt 0.415266 0.957852
vt 0.404604 0.954996
vt 0.406890 0.954383
vt 0.409257 0.954383
vt 0.399698 0.959902
vt 0.400881 0.957853
vt 0.402555 0.956179
vt 0.399698 0.966841
vt 0.399086 0.964555
vt 0.399086 0.962188
vt 0.402555 0.970564
vt 0.400881 0.968890
vt 0.891474 0.971978
vt 0.889188 0.971366
vt 0.892658 0.962990
vt 0.887139 0.970182
vt 0.885465 0.968509
vt 0.898176 0.970182
vt 0.896127 0.971366
vt 0.893841 0.971978
vt 0.901646 0.964173
vt 0.901033 0.966459
vt 0.899850 0.968509
vt 0.899850 0.957471
vt 0.901033 0.959520
vt 0.901646 0.961806
vt 0.893841 0.954002
vt 0.896127 0.954614
vt 0.898177 0.955797
vt 0.887139 0.955797
vt 0.889188 0.954614
vt 0.891474 0.954002
vt 0.883669 0.961806
vt 0.884282 0.959520
vt 0.885465 0.957471
vt 0.884282 0.966459
vt 0.883669 0.964173
vt 0.824785 0.969242
vt 0.823111 0.970915
vt 0.817592 0.963723
vt 0.821062 0.972099
vt 0.818776 0.972711
vt 0.826580 0.962540
vt 0.826580 0.964906
vt 0.825968 0.967192
vt 0.823111 0.956531
vt 0.824785 0.958204
vt 0.825968 0.960254
vt 0.816409 0.954735
vt 0.818775 0.954735
vt 0.821061 0.955347
vt 0.810400 0.958204
vt 0.812073 0.956531
vt 0.814123 0.955347
vt 0.808604 0.964906
vt 0.808604 0.962540
vt 0.809216 0.960254
vt 0.812073 0.970915
vt 0.810400 0.969242
vt 0.809216 0.967192
vt 0.816409 0.972711
vt 0.814123 0.972099
vt 0.453706 0.970930
vt 0.451657 0.972113
vt 0.448187 0.963737
vt 0.449371 0.972725
vt 0.447004 0.972725
vt 0.457176 0.964920
vt 0.456563 0.967206
vt 0.455380 0.969256
vt 0.455380 0.958218
vt 0.456563 0.960268
vt 0.457176 0.962554
vt 0.449371 0.954749
vt 0.451657 0.955361
vt 0.453706 0.956545
vt 0.442668 0.956545
vt 0.444718 0.955361
vt 0.447004 0.954749
vt 0.439199 0.962554
vt 0.439812 0.960268
vt 0.440995 0.958218
vt 0.440995 0.969256
vt 0.439812 0.967206
vt 0.439199 0.964920
vt 0.444718 0.972113
vt 0.442668 0.970930
vt 0.863064 0.013004
vt 0.861880 0.015053
vt 0.854688 0.009534
vt 0.860207 0.016727
vt 0.858157 0.017910
vt 0.863064 0.006065
vt 0.863676 0.008351
vt 0.863676 0.010718
vt 0.858157 0.001159
vt 0.860207 0.002342
vt 0.861880 0.004016
vt 0.851218 0.001159
vt 0.853504 0.000546
vt 0.855871 0.000546
vt 0.846312 0.006065
vt 0.847495 0.004015
vt 0.849169 0.002342
vt 0.846312 0.013004
vt 0.845699 0.010718
vt 0.845699 0.008351
vt 0.851218 0.017910
vt 0.849169 0.016727
vt 0.847495 0.015053
vt 0.855871 0.018523
vt 0.853504 0.018523
vt 0.670900 0.970761
vt 0.668614 0.970148
vt 0.672084 0.961773
vt 0.666565 0.968965
vt 0.664891 0.967291
vt 0.677603 0.968965
vt 0.675553 0.970148
vt 0.673267 0.970761
vt 0.681072 0.962956
vt 0.680459 0.965242
vt 0.679276 0.967291
vt 0.679276 0.956254
vt 0.680459 0.958303
vt 0.681072 0.960589
vt 0.673267 0.952784
vt 0.675553 0.953397
vt 0.677603 0.954580
vt 0.666565 0.954580
vt 0.668614 0.953397
vt 0.670900 0.952784
vt 0.663095 0.960589
vt 0.663708 0.958303
vt 0.664891 0.956254
vt 0.663708 0.965242
vt 0.663095 0.962956
vt 0.123487 0.965249
vt 0.122875 0.967535
vt 0.114499 0.964066
vt 0.121692 0.969585
vt 0.120018 0.971259
vt 0.121692 0.958547
vt 0.122875 0.960597
vt 0.123487 0.962883
vt 0.115682 0.955078
vt 0.117968 0.955690
vt 0.120018 0.956874
vt 0.108980 0.956874
vt 0.111030 0.955690
vt 0.113316 0.955078
vt 0.105511 0.962883
vt 0.106123 0.960597
vt 0.107307 0.958547
vt 0.107307 0.969585
vt 0.106123 0.967535
vt 0.105511 0.965249
vt 0.113316 0.973054
vt 0.111030 0.972442
vt 0.108980 0.971259
vt 0.117968 0.972442
vt 0.115682 0.973054
vt 0.880200 0.955797
vt 0.881873 0.957471
vt 0.874681 0.962990
vt 0.883057 0.959520
vt 0.883669 0.961806
vt 0.873497 0.954001
vt 0.875864 0.954001
vt 0.878150 0.954614
vt 0.867488 0.957471
vt 0.869162 0.955797
vt 0.871211 0.954614
vt 0.865693 0.964173
vt 0.865693 0.961806
vt 0.866305 0.959520
vt 0.869162 0.970182
vt 0.867488 0.968509
vt 0.866305 0.966459
vt 0.875864 0.971978
vt 0.873498 0.971978
vt 0.871212 0.971366
vt 0.881873 0.968509
vt 0.880200 0.970182
vt 0.878150 0.971366
vt 0.883669 0.964173
vt 0.883057 0.966459
vt 0.025355 0.957431
vt 0.027029 0.959104
vt 0.019836 0.964623
vt 0.028212 0.961154
vt 0.028824 0.963440
vt 0.018653 0.955635
vt 0.021019 0.955635
vt 0.023305 0.956248
vt 0.012644 0.959104
vt 0.014317 0.957431
vt 0.016367 0.956248
vt 0.010848 0.965807
vt 0.010848 0.963440
vt 0.011460 0.961154
vt 0.014317 0.971816
vt 0.012644 0.970142
vt 0.011460 0.968093
vt 0.021020 0.973612
vt 0.018653 0.973612
vt 0.016367 0.972999
vt 0.027029 0.970142
vt 0.025355 0.971816
vt 0.023306 0.972999
vt 0.028824 0.965807
vt 0.028212 0.968093
vt 0.766144 0.956145
vt 0.767817 0.957818
vt 0.760625 0.963337
vt 0.769001 0.959868
vt 0.769613 0.962154
vt 0.759442 0.954349
vt 0.761808 0.954349
vt 0.764094 0.954961
vt 0.753433 0.957818
vt 0.755106 0.956145
vt 0.757156 0.954961
vt 0.751637 0.964521
vt 0.751637 0.962154
vt 0.752249 0.959868
vt 0.755106 0.970530
vt 0.753433 0.968856
vt 0.752249 0.966807
vt 0.761808 0.972326
vt 0.759442 0.972326
vt 0.757156 0.971713
vt 0.767817 0.968856
vt 0.766144 0.970530
vt 0.764094 0.971713
vt 0.769613 0.964521
vt 0.769001 0.966807
vt 0.173867 0.958034
vt 0.175051 0.960084
vt 0.166675 0.963553
vt 0.175663 0.962370
vt 0.175663 0.964737
vt 0.167858 0.954565
vt 0.170144 0.955177
vt 0.172194 0.956361
vt 0.161156 0.956361
vt 0.163206 0.955177
vt 0.165492 0.954565
vt 0.157687 0.962370
vt 0.158299 0.960084
vt 0.159483 0.958034
vt 0.159483 0.969072
vt 0.158299 0.967023
vt 0.157687 0.964737
vt 0.165492 0.972542
vt 0.163206 0.971929
vt 0.161156 0.970746
vt 0.172194 0.970746
vt 0.170144 0.971929
vt 0.167858 0.972542
vt 0.175051 0.967023
vt 0.173867 0.969072
vt 0.844003 0.970900
vt 0.842329 0.969226
vt 0.849522 0.963707
vt 0.841146 0.967177
vt 0.840533 0.964891
vt 0.850705 0.972696
vt 0.848338 0.972696
vt 0.846052 0.972083
vt 0.856714 0.969226
vt 0.855041 0.970900
vt 0.852991 0.972083
vt 0.858510 0.962524
vt 0.858510 0.964891
vt 0.857897 0.967177
vt 0.855041 0.956515
vt 0.856714 0.958188
vt 0.857897 0.960238
vt 0.848338 0.954719
vt 0.850705 0.954719
vt 0.852991 0.955331
vt 0.842329 0.958188
vt 0.844003 0.956515
vt 0.846052 0.955331
vt 0.840533 0.962524
vt 0.841146 0.960238
vt 0.478158 0.847644
vt 0.478158 0.860908
vt 0.472701 0.860949
vt 0.472701 0.847685
vt 0.467809 0.861018
vt 0.467809 0.847755
vt 0.709488 0.990651
vt 0.709466 0.986572
vt 0.722754 0.990684
vt 0.722733 0.986605
vt 0.709455 0.981663
vt 0.722721 0.981696
vt 0.709455 0.976197
vt 0.722721 0.976230
vt 0.078979 0.989277
vt 0.078979 0.974610
vt 0.092244 0.989393
vt 0.087822 0.974687
vt 0.092244 0.978550
vt 0.092093 0.977559
vt 0.088966 0.974827
vt 0.090033 0.975219
vt 0.090949 0.975835
vt 0.091651 0.976633
vt 0.668832 0.849074
vt 0.668742 0.849074
vt 0.668716 0.841282
vt 0.627311 0.163473
vt 0.627310 0.163628
vt 0.619187 0.160010
vt 0.627035 0.164102
vt 0.618726 0.160803
vt 0.667805 0.840934
vt 0.668469 0.849076
vt 0.667832 0.849079
vt 0.669779 0.841500
vt 0.670923 0.841575
vt 0.670949 0.849071
vt 0.670226 0.849071
vt 0.669805 0.849072
vt 0.669768 0.849072
vt 0.625776 0.166279
vt 0.617619 0.162718
vt 0.626323 0.165332
vt 0.618191 0.161727
vt 0.626914 0.164312
vt 0.626545 0.164948
vt 0.626364 0.165261
vt 0.264145 0.985189
vt 0.264145 0.969273
vt 0.271073 0.985283
vt 0.271073 0.969366
vt 0.163495 0.907373
vt 0.159217 0.907316
vt 0.163495 0.891457
vt 0.158271 0.907173
vt 0.158200 0.907152
vt 0.156568 0.906128
vt 0.156568 0.891364
vt 0.157041 0.906548
vt 0.157887 0.907037
vt 0.157251 0.906697
vt 0.275939 0.985217
vt 0.275939 0.969301
vt 0.934493 0.962157
vt 0.934493 0.978077
vt 0.933805 0.978077
vt 0.933805 0.962157
vt 0.933165 0.978075
vt 0.933165 0.962155
vt 0.932613 0.978072
vt 0.932613 0.962151
vt 0.279142 0.985227
vt 0.278592 0.985217
vt 0.279142 0.969311
vt 0.278592 0.969301
vt 0.277953 0.985211
vt 0.277953 0.969295
vt 0.277266 0.985209
vt 0.277266 0.969293
vt 0.276579 0.985211
vt 0.276579 0.969295
vt 0.470069 0.629758
vt 0.470069 0.613838
vt 0.478071 0.629758
vt 0.478071 0.613838
vt 0.938900 0.978077
vt 0.938900 0.962157
vt 0.990666 0.438644
vt 0.990666 0.422724
vt 0.995073 0.438644
vt 0.995073 0.422724
vt 0.470069 0.645679
vt 0.470069 0.629759
vt 0.478071 0.645678
vt 0.478071 0.629758
vt 0.933563 0.962151
vt 0.917644 0.962151
vt 0.933586 0.960281
vt 0.917667 0.960281
vt 0.785556 0.973198
vt 0.769636 0.973198
vt 0.785567 0.969489
vt 0.769647 0.969489
vt 0.785570 0.965554
vt 0.769650 0.965554
vt 0.785565 0.961649
vt 0.769645 0.961649
vt 0.785553 0.958030
vt 0.769633 0.958030
vt 0.785533 0.954933
vt 0.769613 0.954933
vt 0.963602 0.073969
vt 0.947686 0.073969
vt 0.963548 0.070791
vt 0.947631 0.070791
vt 0.963513 0.067120
vt 0.947597 0.067120
vt 0.963502 0.063196
vt 0.947586 0.063196
vt 0.963514 0.059276
vt 0.947598 0.059276
vt 0.963549 0.055616
vt 0.947632 0.055616
vt 0.963604 0.052453
vt 0.947688 0.052453
vt 0.801520 0.967868
vt 0.785600 0.967868
vt 0.801539 0.964764
vt 0.785618 0.964764
vt 0.801551 0.961140
vt 0.785631 0.961140
vt 0.801555 0.957233
vt 0.785635 0.957233
vt 0.801552 0.953299
vt 0.785632 0.953299
vt 0.801542 0.949594
vt 0.785622 0.949594
vt 0.801524 0.946360
vt 0.785604 0.946360
vt 0.917687 0.938807
vt 0.933606 0.938807
vt 0.917648 0.941824
vt 0.933567 0.941824
vt 0.917623 0.945390
vt 0.933541 0.945390
vt 0.917611 0.949273
vt 0.933530 0.949273
vt 0.917615 0.953218
vt 0.933534 0.953218
vt 0.917634 0.956969
vt 0.933553 0.956969
vt 0.869623 0.930123
vt 0.885539 0.930047
vt 0.869709 0.933850
vt 0.885625 0.933774
vt 0.885521 0.945855
vt 0.869605 0.945931
vt 0.885588 0.938106
vt 0.869693 0.950797
vt 0.885609 0.950721
vt 0.276733 0.895673
vt 0.276733 0.911593
vt 0.276046 0.911592
vt 0.276046 0.895672
vt 0.275405 0.911590
vt 0.275405 0.895670
vt 0.274854 0.911587
vt 0.274854 0.895667
vt 0.869699 0.954000
vt 0.869706 0.953451
vt 0.885615 0.953924
vt 0.885622 0.953374
vt 0.869709 0.952811
vt 0.885625 0.952734
vt 0.869708 0.952124
vt 0.885624 0.952048
vt 0.869703 0.951437
vt 0.885619 0.951361
vt 0.470069 0.613838
vt 0.470069 0.597918
vt 0.476023 0.613838
vt 0.478071 0.597918
vt 0.478071 0.613838
vt 0.281141 0.911593
vt 0.281141 0.895673
vt 0.990955 0.419271
vt 0.990955 0.403351
vt 0.995363 0.419271
vt 0.995363 0.403351
vt 0.478071 0.645679
vt 0.478071 0.661599
vt 0.472734 0.645679
vt 0.472118 0.661599
vt 0.470069 0.645679
vt 0.470069 0.661599
vt 0.071879 0.972300
vt 0.071879 0.956379
vt 0.076287 0.972299
vt 0.076287 0.956379
vt 0.990625 0.346732
vt 0.990625 0.330812
vt 0.995033 0.346732
vt 0.995033 0.330812
vt 0.945127 0.276037
vt 0.929211 0.276130
vt 0.945225 0.263194
vt 0.929345 0.258446
vt 0.945256 0.258994
vt 0.945261 0.258353
vt 0.000000 0.323895
vt 0.000000 0.307979
vt 0.006932 0.323802
vt 0.006932 0.307886
vt 0.929345 0.283062
vt 0.945261 0.282969
vt 0.263222 0.948847
vt 0.279142 0.948847
vt 0.263222 0.950896
vt 0.279142 0.969272
vt 0.263222 0.969273
vt 0.053070 0.986520
vt 0.053070 0.970601
vt 0.059989 0.986459
vt 0.059989 0.970540
vt 0.006925 0.451848
vt 0.006925 0.467767
vt 0.000646 0.451903
vt 0.000005 0.467828
vt 0.000005 0.451909
vt 0.064861 0.986501
vt 0.064861 0.970582
vt 0.996066 0.518459
vt 0.996066 0.502539
vt 0.996752 0.502540
vt 0.996752 0.518460
vt 0.997390 0.502542
vt 0.997390 0.518462
vt 0.997937 0.502545
vt 0.997937 0.518465
vt 0.068063 0.986495
vt 0.067514 0.986501
vt 0.068063 0.970576
vt 0.067514 0.970582
vt 0.066875 0.986505
vt 0.066875 0.970586
vt 0.066189 0.986507
vt 0.066189 0.970588
vt 0.065502 0.986505
vt 0.065502 0.970586
vt 0.478158 0.876944
vt 0.478158 0.892865
vt 0.473750 0.876944
vt 0.473750 0.892864
vt 0.991658 0.502539
vt 0.991658 0.518459
vt 0.473063 0.892865
vt 0.473063 0.876945
vt 0.472421 0.892867
vt 0.472421 0.876947
vt 0.471869 0.892870
vt 0.471869 0.876950
vt 0.967830 0.463488
vt 0.968379 0.463479
vt 0.967830 0.479405
vt 0.968379 0.479395
vt 0.969020 0.463472
vt 0.969020 0.479389
vt 0.969706 0.463470
vt 0.969706 0.479387
vt 0.970393 0.463472
vt 0.970393 0.479389
vt 0.971033 0.463479
vt 0.971033 0.479395
vt 0.975896 0.479460
vt 0.975896 0.463544
vt -0.000000 0.339904
vt -0.000000 0.323988
vt 0.006932 0.339812
vt 0.006932 0.323895
vt 0.982828 0.479367
vt 0.982828 0.463451
vt 0.693535 0.959068
vt 0.693535 0.948855
vt 0.709455 0.948854
vt 0.709455 0.969280
vt 0.693535 0.969280
vt 0.709455 0.968236
vt 0.709455 0.949898
vt 0.663095 0.986740
vt 0.663095 0.970821
vt 0.670015 0.986679
vt 0.670015 0.970761
vt 0.274735 0.821181
vt 0.274735 0.805263
vt 0.281655 0.821121
vt 0.281655 0.805202
vt 0.674887 0.986722
vt 0.674887 0.970803
vt 0.995531 0.630683
vt 0.995531 0.614762
vt 0.996217 0.614763
vt 0.996217 0.630683
vt 0.996855 0.614765
vt 0.996855 0.630685
vt 0.997402 0.614769
vt 0.997402 0.630689
vt 0.678089 0.986715
vt 0.677540 0.986722
vt 0.678089 0.970796
vt 0.677540 0.970803
vt 0.676901 0.986726
vt 0.676901 0.970807
vt 0.676214 0.986727
vt 0.676214 0.970808
vt 0.675527 0.986726
vt 0.675527 0.970807
vt 0.808360 0.564628
vt 0.808360 0.580548
vt 0.803952 0.564628
vt 0.803952 0.580548
vt 0.991123 0.614762
vt 0.991123 0.630682
vt 0.803265 0.580549
vt 0.803265 0.564629
vt 0.802623 0.580551
vt 0.802623 0.564631
vt 0.802071 0.580554
vt 0.802071 0.564634
vt 0.967224 0.681925
vt 0.967774 0.681915
vt 0.967224 0.697841
vt 0.967774 0.697832
vt 0.968414 0.681909
vt 0.968414 0.697825
vt 0.969101 0.681907
vt 0.969101 0.697823
vt 0.969788 0.681909
vt 0.969788 0.697825
vt 0.970427 0.681915
vt 0.970427 0.697832
vt 0.975290 0.697897
vt 0.975290 0.681981
vt -0.000000 0.307886
vt -0.000000 0.291970
vt 0.006932 0.307793
vt 0.006932 0.291877
vt 0.982223 0.697804
vt 0.982223 0.681888
vt 0.374131 0.950391
vt 0.390051 0.950391
vt 0.374131 0.968769
vt 0.390051 0.968152
vt 0.374131 0.970817
vt 0.390051 0.970816
vt 0.069075 0.950054
vt 0.053156 0.950114
vt 0.068988 0.943135
vt 0.053070 0.943195
vt 0.000005 0.451848
vt 0.000005 0.435930
vt 0.006925 0.451788
vt 0.006925 0.435869
vt 0.069075 0.925419
vt 0.053133 0.930328
vt 0.053153 0.926121
vt 0.053156 0.925479
vt 0.545088 0.886520
vt 0.544166 0.886524
vt 0.545088 0.883867
vt 0.544166 0.870604
vt 0.435279 0.928784
vt 0.439100 0.928622
vt 0.435368 0.931435
vt 0.439189 0.931274
vt 0.439100 0.944536
vt 0.435279 0.944698
vt 0.281143 0.959350
vt 0.281143 0.943430
vt 0.282060 0.946079
vt 0.282060 0.943426
vt 0.544166 0.902444
vt 0.545087 0.902448
vt 0.544166 0.905097
vt 0.545087 0.918368
vt 0.435367 0.944698
vt 0.439198 0.944774
vt 0.435279 0.947349
vt 0.439110 0.947425
vt 0.439198 0.960720
vt 0.435367 0.960644
vt 0.125024 0.959757
vt 0.125024 0.975677
vt 0.124108 0.973020
vt 0.124108 0.975673
vt 0.001067 0.849815
vt 0.002128 0.849815
vt 0.001067 0.852468
vt 0.002128 0.865731
vt 0.004427 0.531510
vt 0.000005 0.531508
vt 0.004429 0.528857
vt 0.000006 0.528854
vt 0.000005 0.515596
vt 0.004427 0.515598
vt 0.002128 0.770223
vt 0.002128 0.754304
vt 0.003190 0.756957
vt 0.003190 0.754304
vt 0.722685 0.916065
vt 0.721762 0.916069
vt 0.722685 0.913412
vt 0.721762 0.900149
vt 0.155067 0.923491
vt 0.158888 0.923329
vt 0.155156 0.926142
vt 0.158977 0.925981
vt 0.158888 0.939243
vt 0.155067 0.939405
vt 0.124108 0.959757
vt 0.124108 0.943837
vt 0.125025 0.946486
vt 0.125025 0.943833
vt 0.281143 0.911573
vt 0.282064 0.911577
vt 0.281143 0.914227
vt 0.282064 0.927497
vt 0.959451 0.554159
vt 0.963282 0.554235
vt 0.959363 0.556810
vt 0.963194 0.556886
vt 0.963282 0.570182
vt 0.959451 0.570106
vt 0.282060 0.959350
vt 0.282060 0.975270
vt 0.281144 0.972613
vt 0.281144 0.975266
vt 0.000006 0.849816
vt 0.001067 0.849816
vt 0.000006 0.852469
vt 0.001067 0.865733
vt 0.004427 0.595165
vt 0.000005 0.595163
vt 0.004428 0.592511
vt 0.000006 0.592509
vt 0.000005 0.579251
vt 0.004427 0.579253
vt 0.001067 0.786143
vt 0.001067 0.770224
vt 0.002128 0.772877
vt 0.002128 0.770224
vt 0.545088 0.902440
vt 0.544166 0.902444
vt 0.545088 0.899787
vt 0.544166 0.886524
vt 0.399848 0.924425
vt 0.403669 0.924264
vt 0.399937 0.927077
vt 0.403758 0.926916
vt 0.403669 0.940178
vt 0.399848 0.940339
vt 0.069371 0.955601
vt 0.069370 0.939681
vt 0.070288 0.942330
vt 0.070288 0.939677
vt 0.069370 0.907834
vt 0.070291 0.907838
vt 0.069370 0.910487
vt 0.070291 0.923758
vt 0.118863 0.928952
vt 0.122693 0.929028
vt 0.118774 0.931603
vt 0.122605 0.931679
vt 0.122693 0.944975
vt 0.118863 0.944899
vt 0.070000 0.956374
vt 0.070000 0.972294
vt 0.069084 0.969636
vt 0.069084 0.972289
vt 0.003190 0.770223
vt 0.003190 0.786141
vt 0.002548 0.770223
vt 0.002128 0.772876
vt 0.002128 0.770223
vt 0.000006 0.690645
vt 0.004428 0.690644
vt 0.000006 0.693299
vt 0.004429 0.693297
vt 0.004428 0.706556
vt 0.000006 0.706557
vt 0.002128 0.881648
vt 0.002128 0.884301
vt 0.001708 0.881648
vt 0.001067 0.897564
vt 0.001067 0.881648
vt 0.996049 0.403350
vt 0.996049 0.419271
vt 0.996688 0.403348
vt 0.996688 0.419268
vt 0.997236 0.403345
vt 0.997236 0.419265
vt 0.159738 0.954565
vt 0.159743 0.954014
vt 0.175657 0.954516
vt 0.175661 0.953965
vt 0.159745 0.953374
vt 0.175663 0.953325
vt 0.159744 0.952687
vt 0.175662 0.952638
vt 0.159740 0.952000
vt 0.175659 0.951951
vt 0.159734 0.951361
vt 0.175653 0.951312
vt 0.175596 0.946455
vt 0.159677 0.946503
vt 0.175663 0.934352
vt 0.159745 0.934401
vt 0.175607 0.930634
vt 0.159688 0.930683
vt 0.961262 0.281204
vt 0.945346 0.281204
vt 0.961212 0.277886
vt 0.945296 0.277886
vt 0.961183 0.274131
vt 0.945267 0.274131
vt 0.961177 0.270184
vt 0.945261 0.270184
vt 0.961195 0.266304
vt 0.945279 0.266304
vt 0.961235 0.262743
vt 0.945319 0.262743
vt 0.961295 0.259734
vt 0.945378 0.259734
vt 0.477677 0.970245
vt 0.461757 0.970245
vt 0.477694 0.966995
vt 0.461774 0.966995
vt 0.477704 0.963280
vt 0.461784 0.963280
vt 0.477707 0.959343
vt 0.461787 0.959343
vt 0.477702 0.955441
vt 0.461782 0.955441
vt 0.477690 0.951829
vt 0.461770 0.951829
vt 0.477671 0.948742
vt 0.461751 0.948742
vt 0.722839 0.945421
vt 0.738757 0.945421
vt 0.722803 0.948592
vt 0.738722 0.948592
vt 0.722780 0.952257
vt 0.738699 0.952257
vt 0.722773 0.956179
vt 0.738692 0.956179
vt 0.722780 0.960101
vt 0.738699 0.960101
vt 0.722803 0.963767
vt 0.738722 0.963767
vt 0.722839 0.966938
vt 0.738757 0.966938
vt 0.971416 0.977461
vt 0.955496 0.977462
vt 0.971436 0.974394
vt 0.955516 0.974394
vt 0.971449 0.970795
vt 0.955529 0.970795
vt 0.971454 0.966898
vt 0.955534 0.966898
vt 0.971452 0.962959
vt 0.955532 0.962959
vt 0.971441 0.959233
vt 0.955521 0.959233
vt 0.945311 0.283070
vt 0.961227 0.283070
vt 0.001067 0.770223
vt 0.001067 0.786141
vt 0.000426 0.770223
vt 0.000006 0.772876
vt 0.000006 0.770223
vt 0.000006 0.642906
vt 0.004428 0.642905
vt 0.000006 0.645559
vt 0.004429 0.645558
vt 0.004428 0.658817
vt 0.000006 0.658818
vt 0.002128 0.833899
vt 0.002128 0.836552
vt 0.001708 0.833899
vt 0.001067 0.849815
vt 0.001067 0.833899
vt 0.003190 0.881649
vt 0.003190 0.884302
vt 0.002770 0.881649
vt 0.002128 0.897565
vt 0.002128 0.881649
vt 0.004428 0.674730
vt 0.000006 0.674731
vt 0.004429 0.661471
vt 0.000006 0.661472
vt 0.000006 0.658819
vt 0.004428 0.658818
vt 0.001067 0.802060
vt 0.001067 0.817979
vt 0.000426 0.802060
vt 0.000006 0.804713
vt 0.000006 0.802060
vt 0.071192 0.972299
vt 0.071192 0.956379
vt 0.070551 0.972297
vt 0.070551 0.956377
vt 0.070000 0.972294
vt 0.070000 0.956374
vt 0.125868 0.981484
vt 0.125878 0.980935
vt 0.141785 0.981484
vt 0.141794 0.980935
vt 0.125884 0.980295
vt 0.141801 0.980295
vt 0.125886 0.979608
vt 0.141803 0.979608
vt 0.125884 0.978922
vt 0.141801 0.978922
vt 0.141800 0.978889
vt 0.125878 0.978281
vt 0.141794 0.978281
vt 0.125813 0.973415
vt 0.141729 0.973415
vt 0.125878 0.968552
vt 0.141795 0.968552
vt 0.803952 0.538353
vt 0.803952 0.554273
vt 0.803265 0.554274
vt 0.803265 0.538354
vt 0.802623 0.554276
vt 0.802623 0.538356
vt 0.802071 0.554279
vt 0.802071 0.538359
vt 0.141785 0.965349
vt 0.141795 0.965899
vt 0.125868 0.965349
vt 0.125878 0.965899
vt 0.141801 0.966539
vt 0.125884 0.966539
vt 0.141803 0.967226
vt 0.125887 0.967226
vt 0.141801 0.967912
vt 0.125884 0.967912
vt 0.141800 0.967945
vt 0.808360 0.538353
vt 0.808360 0.554273
vt 0.995518 0.631543
vt 0.995518 0.647463
vt 0.991110 0.631543
vt 0.991110 0.647463
vt 0.003190 0.849816
vt 0.003190 0.865733
vt 0.002548 0.849816
vt 0.002128 0.852469
vt 0.002128 0.849816
vt 0.004427 0.515596
vt 0.000005 0.515594
vt 0.004428 0.512943
vt 0.000006 0.512941
vt 0.000005 0.499683
vt 0.004427 0.499685
vt 0.001067 0.786141
vt 0.001067 0.788795
vt 0.000647 0.786141
vt 0.000006 0.802060
vt 0.000006 0.786141
vt 0.996204 0.631543
vt 0.996204 0.647464
vt 0.996842 0.631546
vt 0.996842 0.647466
vt 0.997389 0.631549
vt 0.997389 0.647469
vt 0.738727 0.966938
vt 0.738734 0.967486
vt 0.722809 0.966938
vt 0.722815 0.967486
vt 0.738738 0.968126
vt 0.722819 0.968126
vt 0.738739 0.968812
vt 0.722820 0.968812
vt 0.738738 0.969499
vt 0.722819 0.969499
vt 0.738734 0.970140
vt 0.722815 0.970140
vt 0.738692 0.975012
vt 0.722773 0.975012
vt 0.738734 0.979869
vt 0.722815 0.979869
vt 0.995719 0.330811
vt 0.995719 0.346732
vt 0.996358 0.330809
vt 0.996358 0.346729
vt 0.996906 0.330806
vt 0.996906 0.346726
vt 0.722809 0.983073
vt 0.722816 0.982522
vt 0.738728 0.983073
vt 0.738734 0.982522
vt 0.722820 0.981882
vt 0.738738 0.981882
vt 0.722821 0.981195
vt 0.738740 0.981195
vt 0.722819 0.980508
vt 0.738738 0.980508
vt 0.002128 0.833898
vt 0.003190 0.833898
vt 0.002128 0.836551
vt 0.003190 0.849816
vt 0.000005 0.611079
vt 0.004428 0.611078
vt 0.000006 0.613733
vt 0.004428 0.613732
vt 0.004428 0.626990
vt 0.000005 0.626991
vt 0.000006 0.897565
vt 0.000006 0.881649
vt 0.001067 0.884302
vt 0.001067 0.881649
vt 0.995760 0.422723
vt 0.995760 0.438643
vt 0.996399 0.422721
vt 0.996399 0.438641
vt 0.996947 0.422718
vt 0.996947 0.438638
vt 0.971416 0.943291
vt 0.971967 0.943297
vt 0.971416 0.959209
vt 0.971967 0.959216
vt 0.972607 0.943301
vt 0.972607 0.959220
vt 0.973294 0.943302
vt 0.973294 0.959221
vt 0.973981 0.943301
vt 0.973981 0.959220
vt 0.974620 0.943297
vt 0.974620 0.959216
vt 0.979478 0.959173
vt 0.979478 0.943254
vt 0.001067 0.802061
vt 0.002128 0.802061
vt 0.001067 0.804715
vt 0.002128 0.817980
vt 0.000006 0.722472
vt 0.004428 0.722471
vt 0.000006 0.725125
vt 0.004429 0.725124
vt 0.004428 0.738383
vt 0.000006 0.738384
vt 0.069230 0.907811
vt 0.069230 0.891895
vt 0.070291 0.894547
vt 0.070291 0.891895
vt 0.963282 0.554163
vt 0.964199 0.554159
vt 0.963282 0.556817
vt 0.964199 0.570079
vt 0.997869 0.841892
vt 0.994041 0.841968
vt 0.997781 0.839240
vt 0.993953 0.839317
vt 0.994041 0.826021
vt 0.997869 0.825945
vt 0.545088 0.838756
vt 0.545088 0.854676
vt 0.544166 0.852026
vt 0.544166 0.854680
vt 0.156413 0.905986
vt 0.155860 0.905344
vt 0.155680 0.905070
vt 0.155627 0.904980
vt 0.155230 0.904041
vt 0.155219 0.904003
vt 0.155124 0.903582
vt 0.155062 0.902859
vt 0.155062 0.891364
vt 0.387394 0.970995
vt 0.387394 0.986004
vt 0.374131 0.970817
vt 0.374131 0.985826
vt 0.756348 0.987306
vt 0.756348 0.972326
vt 0.769613 0.987422
vt 0.769613 0.972442
vt 0.477707 0.917794
vt 0.477707 0.948742
vt 0.462705 0.948742
vt 0.462705 0.935479
vt 0.460885 0.935479
vt 0.460017 0.935479
vt 0.265909 0.917898
vt 0.280911 0.917898
vt 0.265909 0.931162
vt 0.280911 0.948847
vt 0.263222 0.931162
vt 0.390532 0.987340
vt 0.390532 0.972360
vt 0.403797 0.987456
vt 0.403797 0.972476
vt 0.557855 0.000001
vt 0.557917 0.017690
vt 0.553433 0.000001
vt 0.553494 0.017690
vt 0.131777 0.316648
vt 0.114090 0.334337
vt 0.125591 0.316637
vt 0.109735 0.332494
vt 0.553494 0.209164
vt 0.553494 0.238809
vt 0.549088 0.240640
vt 0.549088 0.015857
vt 0.553494 0.047334
vt 0.553494 0.067648
vt 0.553494 0.128249
vt 0.553494 0.188850
vt 0.125591 0.573134
vt 0.109735 0.557276
vt 0.131777 0.573146
vt 0.114090 0.555455
vt 0.557917 0.238809
vt 0.557855 0.256499
vt 0.553433 0.256499
vt 0.681152 0.987372
vt 0.681152 0.972347
vt 0.694417 0.987257
vt 0.694417 0.972232
vt 0.858510 0.972696
vt 0.858510 0.987727
vt 0.845246 0.972696
vt 0.845246 0.987727
vt 0.470543 0.999491
vt 0.470543 0.986224
vt 0.474286 0.986231
vt 0.474286 0.999498
vt 0.477707 0.986245
vt 0.477707 0.999512
vt 0.827015 0.976616
vt 0.839469 0.976724
vt 0.827015 0.989882
vt 0.839469 0.989990
vt 0.977359 0.325926
vt 0.977359 0.346671
vt 0.964092 0.325987
vt 0.964092 0.346732
vt 0.964092 0.438697
vt 0.977358 0.438644
vt 0.977389 0.444337
vt 0.964123 0.444389
vt 0.977399 0.450000
vt 0.964134 0.450053
vt 0.977389 0.455321
vt 0.964123 0.455374
vt 0.977358 0.460005
vt 0.964092 0.460058
vt 0.999187 0.310982
vt 0.994907 0.311011
vt 0.999187 0.297716
vt 0.994907 0.297745
vt 0.989860 0.311032
vt 0.989860 0.297765
vt 0.845247 0.976616
vt 0.845247 0.989883
vt 0.842478 0.989894
vt 0.842478 0.976627
vt 0.839469 0.989901
vt 0.839469 0.976635
vt 0.118774 0.912877
vt 0.118774 0.955078
vt 0.105511 0.912877
vt 0.105511 0.955078
vt 0.403797 0.987340
vt 0.403797 0.972360
vt 0.417062 0.987457
vt 0.417062 0.972476
vt 0.984128 0.523172
vt 0.984128 0.538180
vt 0.970866 0.522994
vt 0.970866 0.538003
vt 0.126796 0.912880
vt 0.141798 0.912880
vt 0.126796 0.926145
vt 0.141797 0.943833
vt 0.124976 0.926145
vt 0.124108 0.926145
vt 0.417062 0.916210
vt 0.432064 0.916209
vt 0.417062 0.947163
vt 0.432064 0.929475
vt 0.434752 0.929475
vt 0.896931 0.972156
vt 0.896931 0.987165
vt 0.883669 0.971978
vt 0.883669 0.986987
vt 0.717122 0.017690
vt 0.717060 0.000001
vt 0.721544 0.017690
vt 0.721482 0.000001
vt 0.440491 0.316657
vt 0.456345 0.332514
vt 0.434136 0.316654
vt 0.451821 0.334343
vt 0.717060 0.256499
vt 0.717122 0.238809
vt 0.721482 0.256499
vt 0.721544 0.238809
vt 0.987375 0.169839
vt 0.987375 0.184837
vt 0.974112 0.170017
vt 0.974112 0.185015
vt 0.745775 0.944107
vt 0.745775 0.930840
vt 0.749218 0.930827
vt 0.749218 0.944094
vt 0.752971 0.930820
vt 0.752971 0.944087
vt 0.738757 0.987393
vt 0.738757 0.972361
vt 0.752023 0.987393
vt 0.752023 0.972362
vt 0.902733 0.976558
vt 0.915164 0.976725
vt 0.902733 0.989821
vt 0.915164 0.989989
vt 0.997698 0.551668
vt 0.997698 0.564935
vt 0.992632 0.564914
vt 0.992632 0.551648
vt 0.988324 0.564886
vt 0.988324 0.551619
vt 0.964092 0.304540
vt 0.964140 0.299866
vt 0.977356 0.304457
vt 0.977403 0.299783
vt 0.964156 0.294551
vt 0.977419 0.294469
vt 0.964140 0.288891
vt 0.977403 0.288808
vt 0.964092 0.283196
vt 0.977356 0.283114
vt 0.667802 0.930880
vt 0.667802 0.951772
vt 0.654535 0.930820
vt 0.654535 0.951712
vt 0.788806 0.580554
vt 0.788806 0.538353
vt 0.802071 0.580554
vt 0.802071 0.538353
vt 0.902733 0.976576
vt 0.902733 0.989843
vt 0.899718 0.989836
vt 0.899718 0.976569
vt 0.896937 0.989825
vt 0.896937 0.976558
vt 0.987375 0.154663
vt 0.987375 0.169661
vt 0.974112 0.154841
vt 0.974112 0.169839
vt 0.974112 0.154663
vt 0.974112 0.139638
vt 0.987377 0.154548
vt 0.987377 0.139524
vt 0.437559 0.984674
vt 0.437559 0.997940
vt 0.434134 0.997954
vt 0.434134 0.984687
vt 0.430389 0.997961
vt 0.430389 0.984694
vt 0.826580 0.972711
vt 0.826580 0.987743
vt 0.813317 0.972712
vt 0.813317 0.987743
vt 0.977657 0.390079
vt 0.990074 0.389971
vt 0.977657 0.403345
vt 0.990074 0.403236
vt 0.692572 0.925238
vt 0.681074 0.925238
vt 0.692571 0.923370
vt 0.681073 0.923371
vt 0.692570 0.921770
vt 0.681072 0.921771
vt 0.972270 0.005430
vt 0.983746 0.005619
vt 0.972164 0.007057
vt 0.983640 0.007246
vt 0.972080 0.008943
vt 0.983555 0.009132
vt 0.972021 0.010983
vt 0.983496 0.011172
vt 0.971991 0.013065
vt 0.983466 0.013254
vt 0.971992 0.015072
vt 0.983467 0.015261
vt 0.972023 0.016894
vt 0.983499 0.017083
vt 0.692573 0.928280
vt 0.681075 0.928280
vt 0.692574 0.931114
vt 0.681076 0.931115
vt 0.978732 0.750038
vt 0.967233 0.750034
vt 0.967230 0.747135
vt 0.978728 0.747139
vt 0.967228 0.744045
vt 0.978726 0.744049
vt 0.681077 0.933047
vt 0.692575 0.933046
vt 0.681077 0.935172
vt 0.692575 0.935172
vt 0.681077 0.937362
vt 0.692575 0.937361
vt 0.681077 0.939480
vt 0.692575 0.939480
vt 0.681076 0.941399
vt 0.692574 0.941398
vt 0.681075 0.942999
vt 0.692574 0.942999
vt 0.692570 0.948767
vt 0.681072 0.948767
vt 0.750256 0.966742
vt 0.750255 0.972361
vt 0.738757 0.966742
vt 0.738757 0.972361
vt 0.978722 0.731047
vt 0.967224 0.731047
vt 0.978722 0.729095
vt 0.967224 0.729095
vt 0.978722 0.726959
vt 0.967224 0.726959
vt 0.978722 0.724771
vt 0.967224 0.724771
vt 0.978722 0.722663
vt 0.967224 0.722663
vt 0.978722 0.720766
vt 0.967224 0.720766
vt 0.978722 0.719195
vt 0.967224 0.719195
vt 0.978722 0.733915
vt 0.967224 0.733915
vt 0.978722 0.736982
vt 0.967224 0.736982
vt 0.946854 0.018222
vt 0.958331 0.018193
vt 0.958368 0.022956
vt 0.946891 0.022985
vt 0.958461 0.027545
vt 0.946985 0.027574
vt 0.958607 0.031782
vt 0.947130 0.031811
vt 0.947194 0.033776
vt 0.958670 0.033748
vt 0.947226 0.035919
vt 0.958703 0.035890
vt 0.947226 0.038106
vt 0.958703 0.038078
vt 0.947194 0.040205
vt 0.958670 0.040177
vt 0.947130 0.042087
vt 0.958607 0.042059
vt 0.947040 0.043636
vt 0.958517 0.043608
vt 0.458563 0.603641
vt 0.458549 0.597918
vt 0.470062 0.603641
vt 0.470048 0.597918
vt 0.958183 0.049187
vt 0.946706 0.049215
vt 0.015040 0.928154
vt 0.003563 0.928241
vt 0.015086 0.926209
vt 0.003610 0.926296
vt 0.015100 0.924076
vt 0.003624 0.924163
vt 0.015081 0.921888
vt 0.003605 0.921974
vt 0.015030 0.919776
vt 0.003554 0.919863
vt 0.014950 0.917872
vt 0.003473 0.917959
vt 0.014846 0.916291
vt 0.003369 0.916378
vt 0.738757 0.948948
vt 0.750256 0.948948
vt 0.750256 0.952024
vt 0.738757 0.952024
vt 0.750256 0.954904
vt 0.738758 0.954904
vt 0.014931 0.932344
vt 0.003455 0.932431
vt 0.014878 0.936904
vt 0.003401 0.936991
vt 0.014882 0.941657
vt 0.003406 0.941744
vt 0.738758 0.956862
vt 0.750256 0.956862
vt 0.738758 0.959001
vt 0.750256 0.959001
vt 0.738758 0.961190
vt 0.750256 0.961190
vt 0.738758 0.963293
vt 0.750256 0.963293
vt 0.738758 0.965182
vt 0.750256 0.965182
vt 0.750256 0.947056
vt 0.738757 0.947056
vt 0.750255 0.945422
vt 0.738757 0.945422
vt 0.863679 0.000148
vt 0.875177 0.000151
vt 0.863678 0.001820
vt 0.875176 0.001822
vt 0.863677 0.003736
vt 0.875175 0.003738
vt 0.863676 0.005790
vt 0.875175 0.005792
vt 0.863676 0.007868
vt 0.875174 0.007870
vt 0.863676 0.009855
vt 0.875174 0.009858
vt 0.863676 0.011641
vt 0.875175 0.011644
vt 0.974347 0.382835
vt 0.985822 0.382630
vt 0.974099 0.389797
vt 0.985574 0.389593
vt 0.875177 0.018523
vt 0.863679 0.018520
vt 0.985854 0.380830
vt 0.974379 0.381035
vt 0.985855 0.378835
vt 0.974380 0.379040
vt 0.985825 0.376755
vt 0.974350 0.376960
vt 0.985766 0.374707
vt 0.974291 0.374911
vt 0.985680 0.372802
vt 0.974205 0.373007
vt 0.985574 0.371148
vt 0.974099 0.371353
vt 0.967224 0.740494
vt 0.978722 0.740498
vt 0.967227 0.742143
vt 0.978725 0.742147
vt 0.003455 0.948834
vt 0.014931 0.948747
vt 0.797104 0.941248
vt 0.808602 0.941249
vt 0.797104 0.943182
vt 0.808603 0.943183
vt 0.797105 0.944916
vt 0.808603 0.944917
vt 0.797106 0.946359
vt 0.808604 0.946360
vt 0.014846 0.954378
vt 0.003369 0.954465
vt 0.014902 0.952681
vt 0.003425 0.952768
vt 0.014931 0.950770
vt 0.003454 0.950857
vt 0.797102 0.883797
vt 0.808600 0.883798
vt 0.808604 0.834213
vt 0.797106 0.834212
vt 0.470065 0.615513
vt 0.458567 0.615512
vt 0.470068 0.613573
vt 0.458570 0.613572
vt 0.470069 0.611443
vt 0.458571 0.611442
vt 0.470069 0.609253
vt 0.458571 0.609253
vt 0.470068 0.607139
vt 0.458570 0.607139
vt 0.470065 0.605229
vt 0.458567 0.605229
vt 0.470054 0.628996
vt 0.458556 0.628995
vt 0.458557 0.624245
vt 0.470055 0.624245
vt 0.458561 0.619692
vt 0.470059 0.619692
vt 0.734276 0.846012
vt 0.745774 0.846011
vt 0.745773 0.850277
vt 0.734275 0.850277
vt 0.745772 0.854882
vt 0.734274 0.854882
vt 0.745772 0.859650
vt 0.734274 0.859650
vt 0.745775 0.844034
vt 0.734277 0.844034
vt 0.745775 0.841886
vt 0.734277 0.841886
vt 0.745775 0.839700
vt 0.734277 0.839700
vt 0.745775 0.837609
vt 0.734276 0.837609
vt 0.745774 0.835741
vt 0.734276 0.835742
vt 0.745773 0.834212
vt 0.734275 0.834212
vt 0.734277 0.945421
vt 0.745775 0.945421
vt 0.958318 0.011104
vt 0.946841 0.011132
vt 0.958300 0.009075
vt 0.946823 0.009104
vt 0.958254 0.007150
vt 0.946777 0.007178
vt 0.958183 0.005430
vt 0.946706 0.005458
vt 0.263222 0.805202
vt 0.274720 0.805205
vt 0.263225 0.806699
vt 0.274723 0.806702
vt 0.263227 0.808473
vt 0.274725 0.808476
vt 0.263228 0.810431
vt 0.274726 0.810434
vt 0.274735 0.868305
vt 0.263237 0.868302
vt 0.263222 0.917895
vt 0.274720 0.917898
vt 0.967235 0.752004
vt 0.978733 0.752008
vt 0.967236 0.754148
vt 0.978734 0.754152
vt 0.967234 0.756335
vt 0.978733 0.756339
vt 0.967232 0.758431
vt 0.978730 0.758435
vt 0.967229 0.760308
vt 0.978727 0.760312
vt 0.967224 0.761850
vt 0.978722 0.761854
vt 0.982813 0.493521
vt 0.994311 0.493521
vt 0.982813 0.495866
vt 0.994311 0.495866
vt 0.982813 0.498050
vt 0.994311 0.498050
vt 0.982813 0.499922
vt 0.994311 0.499922
vt 0.979757 0.668829
vt 0.991255 0.668829
vt 0.979753 0.670685
vt 0.991251 0.670685
vt 0.979751 0.672858
vt 0.991249 0.672858
vt 0.979750 0.675199
vt 0.991248 0.675199
vt 0.979751 0.677550
vt 0.991249 0.677550
vt 0.979753 0.679750
vt 0.991251 0.679750
vt 0.979756 0.681649
vt 0.991255 0.681649
vt 0.801682 0.972711
vt 0.813159 0.972711
vt 0.801769 0.974604
vt 0.813246 0.974604
vt 0.801823 0.976800
vt 0.813299 0.976800
vt 0.801840 0.979150
vt 0.813317 0.979150
vt 0.801820 0.981493
vt 0.813296 0.981493
vt 0.801763 0.983670
vt 0.813240 0.983670
vt 0.801674 0.985532
vt 0.813151 0.985532
vt 0.982828 0.466643
vt 0.994326 0.466643
vt 0.982829 0.468486
vt 0.994327 0.468486
vt 0.982830 0.470651
vt 0.994328 0.470651
vt 0.982830 0.472990
vt 0.994328 0.472990
vt 0.982830 0.475343
vt 0.994328 0.475343
vt 0.982829 0.477550
vt 0.994327 0.477550
vt 0.982828 0.479460
vt 0.994327 0.479460
vt 0.982813 0.487101
vt 0.994311 0.487101
vt 0.982813 0.488984
vt 0.994311 0.488984
vt 0.982813 0.491174
vt 0.994311 0.491174
vt 0.978900 0.755472
vt 0.990376 0.755472
vt 0.978879 0.757815
vt 0.990356 0.757815
vt 0.978823 0.759992
vt 0.990300 0.759992
vt 0.978734 0.761854
vt 0.990211 0.761854
vt 0.983191 0.594092
vt 0.994689 0.594092
vt 0.983192 0.595935
vt 0.994690 0.595935
vt 0.983192 0.598100
vt 0.994691 0.598100
vt 0.983193 0.600439
vt 0.994691 0.600439
vt 0.983193 0.602792
vt 0.994691 0.602792
vt 0.983192 0.604999
vt 0.994690 0.604999
vt 0.983191 0.606909
vt 0.994689 0.606909
vt 0.917611 0.979474
vt 0.929110 0.979474
vt 0.917611 0.981357
vt 0.929110 0.981357
vt 0.917612 0.983547
vt 0.929110 0.983547
vt 0.917612 0.985894
vt 0.929110 0.985894
vt 0.917612 0.988239
vt 0.929110 0.988239
vt 0.917611 0.990423
vt 0.929110 0.990423
vt 0.917611 0.992295
vt 0.929110 0.992295
vt 0.980160 0.505646
vt 0.991658 0.505646
vt 0.980156 0.507501
vt 0.991655 0.507501
vt 0.980154 0.509674
vt 0.991652 0.509674
vt 0.980153 0.512015
vt 0.991651 0.512015
vt 0.980154 0.514366
vt 0.991652 0.514366
vt 0.980156 0.516566
vt 0.991654 0.516566
vt 0.980160 0.518465
vt 0.991658 0.518465
vt 0.978742 0.749033
vt 0.990219 0.749033
vt 0.978829 0.750926
vt 0.990305 0.750926
vt 0.978882 0.753122
vt 0.990359 0.753122
vt 0.901120 0.043812
vt 0.925888 0.048346
vt 0.901123 0.049208
vt 0.925888 0.049209
vt 0.820033 0.049199
vt 0.795314 0.049215
vt 0.820290 0.043749
vt 0.795571 0.043765
vt 0.820452 0.037378
vt 0.795732 0.037394
vt 0.820507 0.030520
vt 0.795787 0.030536
vt 0.820452 0.023643
vt 0.795732 0.023659
vt 0.820290 0.017216
vt 0.795571 0.017232
vt 0.820033 0.011676
vt 0.795314 0.011692
vt 0.901118 0.049214
vt 0.876352 0.049215
vt 0.901107 0.043656
vt 0.876342 0.043657
vt 0.901100 0.037217
vt 0.876335 0.037218
vt 0.901098 0.030336
vt 0.876333 0.030337
vt 0.901100 0.023483
vt 0.876335 0.023484
vt 0.901107 0.017124
vt 0.876342 0.017125
vt 0.901118 0.011693
vt 0.876352 0.011694
vt 0.130296 0.912880
vt 0.130296 0.912000
vt 0.155061 0.912880
vt 0.155062 0.907399
vt 0.130296 0.907399
vt 0.155062 0.901009
vt 0.130296 0.901009
vt 0.155062 0.894144
vt 0.130296 0.894145
vt 0.155062 0.887274
vt 0.130296 0.887274
vt 0.155062 0.880865
vt 0.130296 0.880865
vt 0.155061 0.875355
vt 0.130296 0.875355
vt 0.901123 0.011693
vt 0.925888 0.011694
vt 0.901120 0.017285
vt 0.925885 0.017286
vt 0.901118 0.023745
vt 0.925884 0.023745
vt 0.901118 0.030631
vt 0.925883 0.030632
vt 0.901118 0.037476
vt 0.925884 0.037476
vt 0.925885 0.043813
vt 0.759042 0.919984
vt 0.745775 0.919983
vt 0.759045 0.834213
vt 0.745778 0.834212
vt 0.785600 0.845225
vt 0.772333 0.845224
vt 0.785599 0.841212
vt 0.772332 0.841211
vt 0.785595 0.837456
vt 0.772328 0.837455
vt 0.785589 0.834213
vt 0.772322 0.834212
vt 0.901646 0.954669
vt 0.914888 0.954661
vt 0.901796 0.957901
vt 0.915038 0.957892
vt 0.901890 0.961650
vt 0.915132 0.961642
vt 0.901922 0.965662
vt 0.915164 0.965653
vt 0.901890 0.969662
vt 0.915132 0.969653
vt 0.901796 0.973379
vt 0.915038 0.973370
vt 0.901646 0.976558
vt 0.914888 0.976549
vt 0.759045 0.930820
vt 0.745778 0.930820
vt 0.759043 0.927673
vt 0.745776 0.927672
vt 0.759043 0.923977
vt 0.745775 0.923976
vt 0.772322 0.931009
vt 0.785589 0.931010
vt 0.079995 0.919901
vt 0.079444 0.917892
vt 0.092176 0.924468
vt 0.078751 0.908656
vt 0.079444 0.899419
vt 0.082406 0.894048
vt 0.095231 0.923178
vt 0.084131 0.892881
vt 0.086082 0.892149
vt 0.088149 0.891895
vt 0.090219 0.892130
vt 0.092176 0.892844
vt 0.095232 0.894133
vt 0.105511 0.904669
vt 0.105511 0.912643
vt 0.079995 0.897411
vt 0.081001 0.895586
vt 0.098434 0.894995
vt 0.100513 0.895681
vt 0.102360 0.896857
vt 0.103861 0.898450
vt 0.104925 0.900363
vt 0.105486 0.902479
vt 0.105486 0.914832
vt 0.104925 0.916948
vt 0.103861 0.918861
vt 0.084131 0.924431
vt 0.082406 0.923264
vt 0.081001 0.921725
vt 0.102360 0.920455
vt 0.100513 0.921630
vt 0.098434 0.922317
vt 0.090219 0.925181
vt 0.088149 0.925417
vt 0.086082 0.925162
vt 0.049393 0.894995
vt 0.052595 0.894133
vt 0.042317 0.904669
vt 0.042317 0.912643
vt 0.055650 0.924469
vt 0.052595 0.923180
vt 0.065421 0.894048
vt 0.042341 0.914833
vt 0.047314 0.921632
vt 0.066825 0.895586
vt 0.067831 0.897411
vt 0.068382 0.899420
vt 0.069075 0.908657
vt 0.068382 0.917894
vt 0.067831 0.919903
vt 0.055650 0.892844
vt 0.057608 0.892130
vt 0.059677 0.891895
vt 0.061745 0.892149
vt 0.063695 0.892881
vt 0.049393 0.922318
vt 0.043966 0.898450
vt 0.042902 0.900364
vt 0.042341 0.902480
vt 0.045468 0.896857
vt 0.047314 0.895681
vt 0.066825 0.921727
vt 0.065421 0.923265
vt 0.063695 0.924433
vt 0.061745 0.925164
vt 0.059677 0.925419
vt 0.057608 0.925183
vt 0.042902 0.916949
vt 0.045468 0.920456
vt 0.043966 0.918862
vt 0.034336 0.447984
vt 0.034123 0.443207
vt 0.055369 0.418469
vt 0.032980 0.438564
vt 0.029714 0.533650
vt 0.059862 0.420105
vt 0.064588 0.420831
vt 0.033423 0.422506
vt 0.039357 0.417180
vt 0.051284 0.415985
vt 0.049384 0.414896
vt 0.079961 0.428897
vt 0.087585 0.487107
vt 0.084912 0.536631
vt 0.071668 0.421213
vt 0.073678 0.421557
vt 0.075556 0.422353
vt 0.030951 0.434235
vt 0.030073 0.432229
vt 0.029714 0.430069
vt 0.029897 0.427888
vt 0.030610 0.425818
vt 0.031810 0.423987
vt 0.077202 0.423557
vt 0.078528 0.425106
vt 0.079465 0.426918
vt 0.041002 0.415736
vt 0.042952 0.414740
vt 0.047276 0.414307
vt 0.045087 0.414254
vt 0.417001 0.928072
vt 0.405525 0.928159
vt 0.417048 0.926127
vt 0.405571 0.926214
vt 0.417062 0.923995
vt 0.405586 0.924082
vt 0.417043 0.921806
vt 0.405566 0.921893
vt 0.416992 0.919694
vt 0.405515 0.919781
vt 0.416912 0.917790
vt 0.405435 0.917877
vt 0.416807 0.916209
vt 0.405331 0.916296
vt 0.963604 0.055979
vt 0.975102 0.055979
vt 0.975102 0.059056
vt 0.963604 0.059056
vt 0.975102 0.061935
vt 0.963604 0.061935
vt 0.416893 0.932262
vt 0.405416 0.932349
vt 0.416839 0.936822
vt 0.405363 0.936909
vt 0.416844 0.941576
vt 0.405367 0.941662
vt 0.963604 0.063894
vt 0.975102 0.063894
vt 0.963604 0.066033
vt 0.975102 0.066033
vt 0.963604 0.068221
vt 0.975102 0.068221
vt 0.963604 0.070324
vt 0.975102 0.070324
vt 0.963604 0.072214
vt 0.975102 0.072214
vt 0.963604 0.073774
vt 0.975102 0.073774
vt 0.975102 0.054088
vt 0.963604 0.054088
vt 0.975102 0.052453
vt 0.963604 0.052453
vt 0.974115 0.185015
vt 0.985613 0.185018
vt 0.974114 0.186687
vt 0.985612 0.186689
vt 0.974113 0.188603
vt 0.985611 0.188605
vt 0.974113 0.190657
vt 0.985611 0.190659
vt 0.974112 0.192735
vt 0.985610 0.192737
vt 0.974112 0.194722
vt 0.985610 0.194725
vt 0.974113 0.196508
vt 0.985611 0.196510
vt 0.974361 0.091233
vt 0.985836 0.091028
vt 0.974112 0.098195
vt 0.985587 0.097990
vt 0.985613 0.203390
vt 0.974115 0.203387
vt 0.985867 0.089228
vt 0.974392 0.089433
vt 0.985868 0.087233
vt 0.974393 0.087438
vt 0.985838 0.085153
vt 0.974363 0.085358
vt 0.985779 0.083104
vt 0.974304 0.083309
vt 0.985694 0.081200
vt 0.974219 0.081405
vt 0.985587 0.079546
vt 0.974112 0.079751
vt 0.967224 0.647469
vt 0.978722 0.647473
vt 0.967227 0.649119
vt 0.978725 0.649123
vt 0.967228 0.651020
vt 0.978726 0.651024
vt 0.405416 0.948752
vt 0.416893 0.948665
vt 0.785602 0.941248
vt 0.797100 0.941249
vt 0.785602 0.943182
vt 0.797100 0.943183
vt 0.785603 0.944916
vt 0.797101 0.944917
vt 0.785604 0.946359
vt 0.797102 0.946360
vt 0.416807 0.954296
vt 0.405331 0.954383
vt 0.416863 0.952599
vt 0.405387 0.952686
vt 0.416892 0.950688
vt 0.405416 0.950775
vt 0.785600 0.883797
vt 0.797098 0.883798
vt 0.924369 0.532845
vt 0.935868 0.532848
vt 0.924354 0.582438
vt 0.935852 0.582441
vt 0.967233 0.657009
vt 0.978732 0.657013
vt 0.967235 0.658979
vt 0.978733 0.658983
vt 0.967236 0.661123
vt 0.978734 0.661127
vt 0.967234 0.663311
vt 0.978733 0.663315
vt 0.967232 0.665407
vt 0.978730 0.665411
vt 0.967229 0.667283
vt 0.978727 0.667287
vt 0.967224 0.668825
vt 0.978722 0.668829
vt 0.935858 0.474977
vt 0.924360 0.474974
vt 0.958977 0.532836
vt 0.947501 0.532864
vt 0.958959 0.530808
vt 0.947483 0.530836
vt 0.958914 0.528882
vt 0.947437 0.528911
vt 0.958843 0.527162
vt 0.947366 0.527190
vt 0.924354 0.469745
vt 0.935852 0.469748
vt 0.924357 0.471242
vt 0.935855 0.471245
vt 0.924359 0.473016
vt 0.935857 0.473020
vt 0.958990 0.539925
vt 0.947514 0.539954
vt 0.797102 0.834213
vt 0.785604 0.834212
vt 0.003608 0.775227
vt 0.015107 0.775227
vt 0.003602 0.861011
vt 0.015100 0.861011
vt 0.015118 0.761744
vt 0.003620 0.761744
vt 0.015121 0.759804
vt 0.003623 0.759803
vt 0.015122 0.757674
vt 0.003624 0.757674
vt 0.015122 0.755485
vt 0.003624 0.755484
vt 0.015121 0.753371
vt 0.003623 0.753370
vt 0.015118 0.751461
vt 0.003620 0.751460
vt 0.015114 0.749873
vt 0.003616 0.749872
vt 0.003610 0.770476
vt 0.015108 0.770476
vt 0.003614 0.765923
vt 0.015112 0.765923
vt 0.722775 0.846012
vt 0.734273 0.846011
vt 0.734272 0.850277
vt 0.722774 0.850277
vt 0.734271 0.854882
vt 0.722773 0.854882
vt 0.734271 0.859650
vt 0.722773 0.859650
vt 0.734274 0.844034
vt 0.722776 0.844034
vt 0.734274 0.841886
vt 0.722776 0.841886
vt 0.734274 0.839700
vt 0.722776 0.839700
vt 0.734273 0.837609
vt 0.722775 0.837609
vt 0.734273 0.835741
vt 0.722774 0.835742
vt 0.734272 0.834212
vt 0.722773 0.834212
vt 0.003602 0.744149
vt 0.015100 0.744149
vt 0.959176 0.565340
vt 0.958843 0.570919
vt 0.947699 0.565368
vt 0.947366 0.570947
vt 0.947789 0.553543
vt 0.959266 0.553514
vt 0.947853 0.555509
vt 0.959330 0.555480
vt 0.947886 0.557651
vt 0.959363 0.557622
vt 0.947886 0.559838
vt 0.959363 0.559810
vt 0.947853 0.561937
vt 0.959330 0.561909
vt 0.947790 0.563819
vt 0.959266 0.563791
vt 0.967224 0.709749
vt 0.978723 0.709749
vt 0.978722 0.712616
vt 0.967224 0.712617
vt 0.978722 0.715684
vt 0.967224 0.715684
vt 0.959028 0.544688
vt 0.947551 0.544717
vt 0.959121 0.549277
vt 0.947644 0.549306
vt 0.978723 0.707797
vt 0.967224 0.707797
vt 0.978723 0.705661
vt 0.967224 0.705661
vt 0.978723 0.703472
vt 0.967224 0.703472
vt 0.978722 0.701365
vt 0.967224 0.701365
vt 0.978722 0.699468
vt 0.967224 0.699468
vt 0.978722 0.697897
vt 0.967224 0.697897
vt 0.975102 0.079393
vt 0.963604 0.079393
vt 0.970864 0.548391
vt 0.970861 0.554159
vt 0.959366 0.548391
vt 0.959363 0.554159
vt 0.959366 0.536506
vt 0.970865 0.536506
vt 0.959367 0.538438
vt 0.970865 0.538438
vt 0.959368 0.540564
vt 0.970866 0.540564
vt 0.959368 0.542753
vt 0.970866 0.542753
vt 0.959367 0.544872
vt 0.970866 0.544872
vt 0.959367 0.546791
vt 0.970865 0.546790
vt 0.967230 0.654111
vt 0.978728 0.654115
vt 0.959364 0.530630
vt 0.970862 0.530629
vt 0.970863 0.533671
vt 0.959365 0.533672
vt 0.970862 0.528762
vt 0.959364 0.528762
vt 0.970861 0.527162
vt 0.959363 0.527162
vt 0.015402 0.578119
vt 0.026877 0.578308
vt 0.015296 0.579746
vt 0.026771 0.579935
vt 0.015211 0.581632
vt 0.026686 0.581821
vt 0.015152 0.583673
vt 0.026627 0.583861
vt 0.015122 0.585754
vt 0.026597 0.585943
vt 0.015123 0.587762
vt 0.026598 0.587951
vt 0.015155 0.589584
vt 0.026630 0.589773
vt 0.985621 0.245027
vt 0.974123 0.245019
vt 0.985610 0.237915
vt 0.974112 0.237908
vt 0.026877 0.596863
vt 0.015402 0.596675
vt 0.974124 0.246845
vt 0.985622 0.246853
vt 0.974124 0.248855
vt 0.985622 0.248863
vt 0.974123 0.250937
vt 0.985621 0.250945
vt 0.974120 0.252976
vt 0.985618 0.252984
vt 0.974117 0.254860
vt 0.985615 0.254867
vt 0.974112 0.256482
vt 0.985610 0.256490
vt 0.978722 0.719195
vt 0.967224 0.719195
vt 0.978722 0.717569
vt 0.967224 0.717569
vt 0.882400 0.467024
vt 0.889480 0.466642
vt 0.874107 0.474706
vt 0.924354 0.579464
vt 0.869155 0.582440
vt 0.866483 0.532915
vt 0.921088 0.484378
vt 0.919945 0.489021
vt 0.898698 0.464281
vt 0.919732 0.493798
vt 0.894206 0.465917
vt 0.923995 0.478044
vt 0.923117 0.480049
vt 0.920645 0.468320
vt 0.914711 0.462994
vt 0.876866 0.469367
vt 0.875539 0.470916
vt 0.874603 0.472728
vt 0.878512 0.468163
vt 0.880390 0.467368
vt 0.908981 0.460067
vt 0.911116 0.460553
vt 0.913066 0.461549
vt 0.922258 0.469801
vt 0.923458 0.471632
vt 0.924171 0.473702
vt 0.924354 0.475884
vt 0.902784 0.461797
vt 0.904684 0.460709
vt 0.906792 0.460120
vt 0.985621 0.218477
vt 0.974123 0.218469
vt 0.985610 0.211365
vt 0.974112 0.211357
vt 0.983746 0.024174
vt 0.972270 0.023985
vt 0.974124 0.220295
vt 0.985622 0.220303
vt 0.974124 0.222305
vt 0.985622 0.222312
vt 0.974123 0.224387
vt 0.985621 0.224395
vt 0.974120 0.226426
vt 0.985618 0.226434
vt 0.974117 0.228309
vt 0.985615 0.228317
vt 0.974112 0.229932
vt 0.985610 0.229940
vt 0.978722 0.740493
vt 0.967224 0.740494
vt 0.978722 0.738868
vt 0.967224 0.738868
vt 0.861861 0.548711
vt 0.862074 0.553488
vt 0.840827 0.578227
vt 0.863217 0.558130
vt 0.866483 0.463044
vt 0.836334 0.576591
vt 0.831608 0.575866
vt 0.862774 0.574188
vt 0.856840 0.579515
vt 0.844913 0.580711
vt 0.846813 0.581800
vt 0.816236 0.567801
vt 0.808612 0.509592
vt 0.811284 0.460067
vt 0.824529 0.575484
vt 0.822519 0.575140
vt 0.820640 0.574345
vt 0.865246 0.562459
vt 0.866125 0.564465
vt 0.866483 0.566625
vt 0.866300 0.568806
vt 0.865587 0.570876
vt 0.864387 0.572708
vt 0.818994 0.573141
vt 0.817668 0.571591
vt 0.816732 0.569779
vt 0.855195 0.580959
vt 0.853245 0.581955
vt 0.848921 0.582388
vt 0.851110 0.582441
vt 0.071668 0.407295
vt 0.064589 0.407677
vt 0.079961 0.399612
vt 0.030951 0.394273
vt 0.032980 0.389943
vt 0.033423 0.406001
vt 0.039357 0.411328
vt 0.029714 0.294857
vt 0.084913 0.291877
vt 0.087585 0.341402
vt 0.073678 0.406951
vt 0.034123 0.385301
vt 0.055370 0.410039
vt 0.034336 0.380524
vt 0.059863 0.408403
vt 0.079465 0.401590
vt 0.078529 0.403402
vt 0.051284 0.412523
vt 0.049384 0.413612
vt 0.077203 0.404951
vt 0.075557 0.406156
vt 0.029897 0.400620
vt 0.030610 0.402690
vt 0.031810 0.404521
vt 0.029714 0.398438
vt 0.030073 0.396278
vt 0.047276 0.414201
vt 0.045087 0.414254
vt 0.042952 0.413768
vt 0.041003 0.412772
vt 0.909507 0.289723
vt 0.896682 0.260592
vt 0.899737 0.259302
vt 0.913162 0.275115
vt 0.912469 0.284351
vt 0.907782 0.290891
vt 0.905831 0.291622
vt 0.903764 0.291877
vt 0.896682 0.289638
vt 0.886403 0.279102
vt 0.886403 0.271128
vt 0.893480 0.261453
vt 0.891401 0.262140
vt 0.911918 0.286360
vt 0.910912 0.288185
vt 0.901694 0.291641
vt 0.899737 0.290928
vt 0.893480 0.288777
vt 0.891401 0.288090
vt 0.889554 0.286915
vt 0.888053 0.285321
vt 0.886989 0.283408
vt 0.886427 0.281292
vt 0.886427 0.268939
vt 0.886989 0.266823
vt 0.889554 0.263316
vt 0.888053 0.264909
vt 0.912469 0.265878
vt 0.901694 0.258589
vt 0.911918 0.263869
vt 0.903764 0.258353
vt 0.905832 0.258608
vt 0.907782 0.259339
vt 0.909507 0.260506
vt 0.910912 0.262044
vt 0.028982 0.892844
vt 0.032037 0.894133
vt 0.019212 0.923264
vt 0.042292 0.902480
vt 0.042317 0.904669
vt 0.037318 0.895681
vt 0.037318 0.921631
vt 0.035239 0.922318
vt 0.042317 0.912643
vt 0.032037 0.923179
vt 0.017807 0.921726
vt 0.016801 0.919901
vt 0.016250 0.917893
vt 0.028982 0.924469
vt 0.027025 0.925182
vt 0.024955 0.925418
vt 0.022888 0.925163
vt 0.020937 0.924431
vt 0.015557 0.908656
vt 0.016250 0.899419
vt 0.027025 0.892130
vt 0.016801 0.897410
vt 0.024955 0.891895
vt 0.035239 0.894995
vt 0.042292 0.914833
vt 0.041731 0.916949
vt 0.040667 0.918862
vt 0.039165 0.920456
vt 0.041731 0.900364
vt 0.039165 0.896857
vt 0.040667 0.898451
vt 0.017807 0.895586
vt 0.019211 0.894048
vt 0.022888 0.892149
vt 0.020937 0.892881
vt 0.667802 0.919984
vt 0.654535 0.919983
vt 0.667805 0.834213
vt 0.654538 0.834212
vt 0.772322 0.845225
vt 0.759055 0.845224
vt 0.772321 0.841212
vt 0.759054 0.841211
vt 0.772318 0.837456
vt 0.759051 0.837455
vt 0.772312 0.834213
vt 0.759045 0.834212
vt 0.827015 0.954728
vt 0.840257 0.954719
vt 0.827165 0.957959
vt 0.840407 0.957951
vt 0.827259 0.961709
vt 0.840501 0.961700
vt 0.827291 0.965720
vt 0.840533 0.965711
vt 0.827259 0.969720
vt 0.840501 0.969712
vt 0.827165 0.973437
vt 0.840407 0.973428
vt 0.827015 0.976616
vt 0.840257 0.976607
vt 0.667805 0.930820
vt 0.654538 0.930820
vt 0.667803 0.927673
vt 0.654536 0.927672
vt 0.667803 0.923976
vt 0.654535 0.923976
vt 0.759045 0.931009
vt 0.772312 0.931010
vt 0.667805 0.916290
vt 0.692570 0.920891
vt 0.667805 0.921770
vt 0.105531 0.875356
vt 0.130296 0.875355
vt 0.105520 0.880787
vt 0.130285 0.880786
vt 0.105513 0.887146
vt 0.130278 0.887145
vt 0.105511 0.893999
vt 0.130276 0.893998
vt 0.105513 0.900879
vt 0.130278 0.900878
vt 0.105520 0.907318
vt 0.130285 0.907317
vt 0.105531 0.912877
vt 0.130296 0.912876
vt 0.820507 0.011692
vt 0.845226 0.011676
vt 0.820763 0.017232
vt 0.845483 0.017216
vt 0.820925 0.023659
vt 0.845644 0.023643
vt 0.820980 0.030536
vt 0.845699 0.030520
vt 0.820925 0.037394
vt 0.845644 0.037378
vt 0.820763 0.043765
vt 0.845483 0.043749
vt 0.820507 0.049215
vt 0.845226 0.049199
vt 0.693077 0.921760
vt 0.693076 0.920898
vt 0.717842 0.921761
vt 0.717839 0.916365
vt 0.693074 0.916364
vt 0.717838 0.910029
vt 0.693072 0.910028
vt 0.717837 0.903184
vt 0.693072 0.903184
vt 0.717838 0.896297
vt 0.693072 0.896297
vt 0.717839 0.889838
vt 0.693074 0.889837
vt 0.717842 0.884246
vt 0.693077 0.884245
vt 0.667805 0.884245
vt 0.692570 0.884245
vt 0.667805 0.889755
vt 0.692570 0.889755
vt 0.667805 0.896164
vt 0.692571 0.896164
vt 0.667805 0.903035
vt 0.692571 0.903035
vt 0.667805 0.909899
vt 0.692571 0.909899
vt 0.692570 0.916290
vt 0.978899 0.729831
vt 0.990376 0.729831
vt 0.978879 0.732174
vt 0.990356 0.732174
vt 0.978823 0.734351
vt 0.990299 0.734351
vt 0.978734 0.736213
vt 0.990210 0.736213
vt 0.983280 0.774671
vt 0.994779 0.774671
vt 0.983281 0.776515
vt 0.994779 0.776515
vt 0.983282 0.778680
vt 0.994780 0.778680
vt 0.983282 0.781018
vt 0.994780 0.781018
vt 0.983282 0.783371
vt 0.994780 0.783371
vt 0.983281 0.785578
vt 0.994780 0.785578
vt 0.983280 0.787489
vt 0.994779 0.787489
vt 0.982223 0.685076
vt 0.993721 0.685076
vt 0.982223 0.686959
vt 0.993721 0.686959
vt 0.982223 0.689148
vt 0.993721 0.689148
vt 0.982223 0.691496
vt 0.993721 0.691496
vt 0.982223 0.693841
vt 0.993721 0.693841
vt 0.982223 0.696024
vt 0.993721 0.696024
vt 0.982223 0.697897
vt 0.993721 0.697897
vt 0.979115 0.106418
vt 0.990613 0.106418
vt 0.979111 0.108274
vt 0.990609 0.108274
vt 0.979109 0.110446
vt 0.990607 0.110446
vt 0.979108 0.112788
vt 0.990606 0.112788
vt 0.979109 0.115139
vt 0.990607 0.115139
vt 0.979111 0.117339
vt 0.990609 0.117339
vt 0.979114 0.119238
vt 0.990613 0.119238
vt 0.978742 0.723393
vt 0.990219 0.723393
vt 0.978828 0.725285
vt 0.990305 0.725285
vt 0.978882 0.727482
vt 0.990359 0.727482
vt 0.982692 0.045777
vt 0.994190 0.045777
vt 0.982692 0.048122
vt 0.994190 0.048122
vt 0.982692 0.050306
vt 0.994190 0.050306
vt 0.982691 0.052178
vt 0.994190 0.052178
vt 0.979612 0.634649
vt 0.991110 0.634649
vt 0.979608 0.636505
vt 0.991107 0.636505
vt 0.979606 0.638678
vt 0.991104 0.638678
vt 0.979605 0.641019
vt 0.991103 0.641019
vt 0.979606 0.643370
vt 0.991104 0.643370
vt 0.979608 0.645570
vt 0.991106 0.645570
vt 0.979612 0.647469
vt 0.991110 0.647469
vt 0.978742 0.736213
vt 0.990219 0.736213
vt 0.978829 0.738106
vt 0.990305 0.738106
vt 0.978882 0.740302
vt 0.990359 0.740302
vt 0.978900 0.742652
vt 0.990376 0.742652
vt 0.978879 0.744994
vt 0.990356 0.744994
vt 0.978823 0.747171
vt 0.990300 0.747171
vt 0.978734 0.749033
vt 0.990211 0.749033
vt 0.983280 0.787489
vt 0.994779 0.787489
vt 0.983281 0.789333
vt 0.994779 0.789333
vt 0.983282 0.791497
vt 0.994780 0.791497
vt 0.983282 0.793836
vt 0.994780 0.793836
vt 0.983282 0.796189
vt 0.994780 0.796189
vt 0.983281 0.798396
vt 0.994780 0.798396
vt 0.983281 0.800307
vt 0.994779 0.800307
vt 0.982691 0.039357
vt 0.994190 0.039357
vt 0.982692 0.041240
vt 0.994190 0.041240
vt 0.982692 0.043430
vt 0.994190 0.043430
vt 0.095799 0.294524
vt 0.090278 0.300045
vt 0.094660 0.291877
vt 0.087585 0.298953
vt 0.482783 0.299371
vt 0.481014 0.299371
vt 0.481087 0.291877
vt 0.501305 0.291885
vt 0.549787 0.291904
vt 0.650823 0.299438
vt 0.652666 0.291945
vt 0.652592 0.299439
vt 0.632449 0.291937
vt 0.583966 0.291918
vt 0.471315 0.291889
vt 0.478389 0.298965
vt 0.470278 0.294544
vt 0.475798 0.300066
vt 0.478462 0.589446
vt 0.478389 0.300305
vt 0.481087 0.590706
vt 0.511555 0.990259
vt 0.522168 0.990259
vt 0.511552 0.992603
vt 0.522165 0.992603
vt 0.511545 0.994784
vt 0.522158 0.994784
vt 0.511533 0.996653
vt 0.522147 0.996653
vt 0.610756 0.996653
vt 0.600144 0.996653
vt 0.610734 0.994779
vt 0.600122 0.994779
vt 0.610721 0.992595
vt 0.600108 0.992595
vt 0.610716 0.990249
vt 0.600103 0.990249
vt 0.610720 0.987902
vt 0.600108 0.987902
vt 0.610734 0.985713
vt 0.600121 0.985713
vt 0.610756 0.983832
vt 0.600143 0.983832
vt 0.987588 0.577756
vt 0.998201 0.577756
vt 0.987599 0.579628
vt 0.998212 0.579628
vt 0.987606 0.581811
vt 0.998219 0.581811
vt 0.987608 0.584157
vt 0.998221 0.584157
vt 0.987606 0.586504
vt 0.998219 0.586504
vt 0.987599 0.588694
vt 0.998212 0.588694
vt 0.987588 0.590577
vt 0.998201 0.590577
vt 0.983807 0.011353
vt 0.994418 0.011353
vt 0.983774 0.013229
vt 0.994385 0.013229
vt 0.983753 0.015415
vt 0.994364 0.015415
vt 0.983745 0.017762
vt 0.994356 0.017762
vt 0.983753 0.020108
vt 0.994363 0.020108
vt 0.983774 0.022295
vt 0.994384 0.022295
vt 0.983807 0.024174
vt 0.994418 0.024174
vt 0.511534 0.983832
vt 0.522147 0.983832
vt 0.511545 0.985718
vt 0.522159 0.985718
vt 0.511552 0.987910
vt 0.522166 0.987910
vt 0.545110 0.990260
vt 0.555723 0.990260
vt 0.545107 0.992604
vt 0.555720 0.992604
vt 0.545100 0.994785
vt 0.555713 0.994785
vt 0.545088 0.996654
vt 0.555702 0.996654
vt 0.738757 0.995894
vt 0.728145 0.995894
vt 0.738735 0.994020
vt 0.728123 0.994020
vt 0.738722 0.991836
vt 0.728109 0.991836
vt 0.738717 0.989490
vt 0.728104 0.989490
vt 0.738721 0.987143
vt 0.728109 0.987143
vt 0.738735 0.984954
vt 0.728122 0.984954
vt 0.738757 0.983073
vt 0.728144 0.983073
vt 0.987130 0.445941
vt 0.997743 0.445941
vt 0.987141 0.447813
vt 0.997754 0.447813
vt 0.987148 0.449996
vt 0.997761 0.449996
vt 0.987150 0.452342
vt 0.997763 0.452342
vt 0.987148 0.454689
vt 0.997761 0.454689
vt 0.987141 0.456879
vt 0.997754 0.456879
vt 0.987130 0.458762
vt 0.997743 0.458762
vt 0.983899 0.977462
vt 0.994510 0.977462
vt 0.983866 0.979338
vt 0.994476 0.979338
vt 0.983844 0.981524
vt 0.994455 0.981524
vt 0.983837 0.983870
vt 0.994448 0.983870
vt 0.983844 0.986217
vt 0.994455 0.986217
vt 0.983865 0.988404
vt 0.994476 0.988404
vt 0.983899 0.990283
vt 0.994510 0.990283
vt 0.545089 0.983833
vt 0.555702 0.983833
vt 0.545100 0.985720
vt 0.555714 0.985720
vt 0.545107 0.987912
vt 0.555721 0.987912
vt 0.500920 0.990259
vt 0.511533 0.990259
vt 0.500917 0.992603
vt 0.511531 0.992603
vt 0.500910 0.994784
vt 0.511523 0.994784
vt 0.500899 0.996653
vt 0.511512 0.996653
vt 0.996521 0.098195
vt 0.985909 0.098195
vt 0.996499 0.096321
vt 0.985887 0.096321
vt 0.996486 0.094137
vt 0.985873 0.094137
vt 0.996481 0.091791
vt 0.985868 0.091791
vt 0.996485 0.089444
vt 0.985873 0.089444
vt 0.996499 0.087255
vt 0.985887 0.087255
vt 0.996521 0.085374
vt 0.985908 0.085374
vt 0.987825 0.270249
vt 0.998439 0.270249
vt 0.987836 0.272121
vt 0.998450 0.272121
vt 0.987843 0.274304
vt 0.998457 0.274304
vt 0.987846 0.276649
vt 0.998459 0.276649
vt 0.987843 0.278997
vt 0.998457 0.278997
vt 0.987837 0.281187
vt 0.998450 0.281187
vt 0.987826 0.283070
vt 0.998439 0.283070
vt 0.983899 0.964640
vt 0.994510 0.964640
vt 0.983865 0.966517
vt 0.994476 0.966517
vt 0.983844 0.968703
vt 0.994455 0.968703
vt 0.983837 0.971049
vt 0.994448 0.971049
vt 0.983844 0.973396
vt 0.994455 0.973396
vt 0.983865 0.975583
vt 0.994476 0.975583
vt 0.983899 0.977461
vt 0.994510 0.977461
vt 0.500899 0.983832
vt 0.511513 0.983832
vt 0.500911 0.985718
vt 0.511524 0.985718
vt 0.500918 0.987910
vt 0.511531 0.987910
vt 0.478410 0.990259
vt 0.489024 0.990259
vt 0.478408 0.992603
vt 0.489021 0.992603
vt 0.478400 0.994784
vt 0.489014 0.994784
vt 0.478389 0.996653
vt 0.489002 0.996653
vt 0.642715 0.996653
vt 0.632102 0.996653
vt 0.642693 0.994779
vt 0.632080 0.994779
vt 0.642679 0.992595
vt 0.632066 0.992595
vt 0.642674 0.990249
vt 0.632062 0.990249
vt 0.642679 0.987902
vt 0.632066 0.987902
vt 0.642692 0.985713
vt 0.632080 0.985713
vt 0.642714 0.983832
vt 0.632102 0.983832
vt 0.268508 0.985283
vt 0.279121 0.985283
vt 0.268519 0.987155
vt 0.279132 0.987155
vt 0.268526 0.989338
vt 0.279139 0.989338
vt 0.268528 0.991683
vt 0.279142 0.991683
vt 0.268526 0.994031
vt 0.279139 0.994031
vt 0.268519 0.996221
vt 0.279133 0.996221
vt 0.268508 0.998103
vt 0.279122 0.998103
vt 0.983342 0.851587
vt 0.993953 0.851587
vt 0.983309 0.853464
vt 0.993919 0.853464
vt 0.983288 0.855650
vt 0.993898 0.855650
vt 0.983280 0.857996
vt 0.993891 0.857996
vt 0.983287 0.860343
vt 0.993898 0.860343
vt 0.983308 0.862530
vt 0.993919 0.862530
vt 0.983342 0.864409
vt 0.993953 0.864409
vt 0.478390 0.983832
vt 0.489003 0.983832
vt 0.478401 0.985718
vt 0.489014 0.985718
vt 0.478408 0.987910
vt 0.489021 0.987910
vt 0.315571 0.990272
vt 0.326184 0.990272
vt 0.315568 0.992617
vt 0.326181 0.992617
vt 0.315561 0.994798
vt 0.326174 0.994798
vt 0.315549 0.996667
vt 0.326163 0.996667
vt 0.996266 0.197836
vt 0.985654 0.197836
vt 0.996244 0.195962
vt 0.985632 0.195962
vt 0.996231 0.193778
vt 0.985618 0.193778
vt 0.996226 0.191433
vt 0.985613 0.191433
vt 0.996230 0.189085
vt 0.985618 0.189085
vt 0.996244 0.186897
vt 0.985632 0.186897
vt 0.996266 0.185015
vt 0.985653 0.185015
vt 0.802683 0.985532
vt 0.813296 0.985532
vt 0.802694 0.987404
vt 0.813307 0.987404
vt 0.802701 0.989587
vt 0.813314 0.989587
vt 0.802703 0.991933
vt 0.813317 0.991933
vt 0.802701 0.994280
vt 0.813314 0.994280
vt 0.802694 0.996470
vt 0.813308 0.996470
vt 0.802683 0.998353
vt 0.813297 0.998353
vt 0.984190 0.522994
vt 0.994801 0.522994
vt 0.984156 0.524870
vt 0.994767 0.524870
vt 0.984135 0.527056
vt 0.994746 0.527056
vt 0.984128 0.529402
vt 0.994739 0.529402
vt 0.984135 0.531749
vt 0.994746 0.531749
vt 0.984156 0.533936
vt 0.994767 0.533936
vt 0.984190 0.535815
vt 0.994801 0.535815
vt 0.315550 0.983846
vt 0.326163 0.983846
vt 0.315561 0.985732
vt 0.326175 0.985732
vt 0.315568 0.987924
vt 0.326182 0.987924
vt 0.489665 0.990259
vt 0.500279 0.990259
vt 0.489663 0.992603
vt 0.500276 0.992603
vt 0.489655 0.994784
vt 0.500269 0.994784
vt 0.489644 0.996653
vt 0.500257 0.996653
vt 0.996266 0.210657
vt 0.985654 0.210657
vt 0.996244 0.208783
vt 0.985632 0.208783
vt 0.996231 0.206599
vt 0.985618 0.206599
vt 0.996226 0.204254
vt 0.985613 0.204254
vt 0.996230 0.201906
vt 0.985618 0.201906
vt 0.996244 0.199718
vt 0.985632 0.199718
vt 0.996266 0.197836
vt 0.985653 0.197836
vt 0.988324 0.564935
vt 0.998938 0.564935
vt 0.988335 0.566807
vt 0.998949 0.566807
vt 0.988342 0.568990
vt 0.998956 0.568990
vt 0.988345 0.571336
vt 0.998958 0.571336
vt 0.988343 0.573683
vt 0.998956 0.573683
vt 0.988336 0.575873
vt 0.998949 0.575873
vt 0.988325 0.577756
vt 0.998938 0.577756
vt 0.219504 0.982146
vt 0.230115 0.982146
vt 0.219471 0.984023
vt 0.230082 0.984023
vt 0.219450 0.986209
vt 0.230061 0.986209
vt 0.219442 0.988555
vt 0.230053 0.988555
vt 0.219450 0.990902
vt 0.230060 0.990902
vt 0.219471 0.993089
vt 0.230081 0.993089
vt 0.219504 0.994967
vt 0.230115 0.994967
vt 0.489644 0.983832
vt 0.500258 0.983832
vt 0.489656 0.985718
vt 0.500269 0.985718
vt 0.489663 0.987910
vt 0.500276 0.987910
vt 0.293062 0.990272
vt 0.303675 0.990272
vt 0.293059 0.992617
vt 0.303672 0.992617
vt 0.293052 0.994798
vt 0.303665 0.994798
vt 0.293040 0.996667
vt 0.303654 0.996667
vt 0.621409 0.996653
vt 0.610796 0.996653
vt 0.621387 0.994779
vt 0.610775 0.994779
vt 0.621373 0.992595
vt 0.610761 0.992595
vt 0.621369 0.990249
vt 0.610756 0.990249
vt 0.621373 0.987902
vt 0.610761 0.987902
vt 0.621387 0.985713
vt 0.610774 0.985713
vt 0.621408 0.983832
vt 0.610796 0.983832
vt 0.987375 0.159373
vt 0.997988 0.159373
vt 0.987386 0.161246
vt 0.997999 0.161246
vt 0.987393 0.163429
vt 0.998006 0.163429
vt 0.987395 0.165774
vt 0.998009 0.165774
vt 0.987393 0.168122
vt 0.998006 0.168122
vt 0.987386 0.170311
vt 0.997999 0.170311
vt 0.987375 0.172194
vt 0.997988 0.172194
vt 0.983342 0.864409
vt 0.993953 0.864409
vt 0.983308 0.866285
vt 0.993919 0.866285
vt 0.983287 0.868471
vt 0.993898 0.868471
vt 0.983280 0.870817
vt 0.993891 0.870817
vt 0.983287 0.873164
vt 0.993898 0.873164
vt 0.983308 0.875351
vt 0.993919 0.875351
vt 0.983342 0.877230
vt 0.993953 0.877230
vt 0.293041 0.983846
vt 0.303654 0.983846
vt 0.293052 0.985732
vt 0.303666 0.985732
vt 0.293059 0.987924
vt 0.303673 0.987924
vt 0.555744 0.990260
vt 0.566358 0.990260
vt 0.555742 0.992604
vt 0.566355 0.992604
vt 0.555735 0.994785
vt 0.566348 0.994785
vt 0.555723 0.996654
vt 0.566336 0.996654
vt 0.996275 0.242761
vt 0.985662 0.242761
vt 0.996253 0.240887
vt 0.985641 0.240887
vt 0.996239 0.238703
vt 0.985627 0.238703
vt 0.996235 0.236357
vt 0.985622 0.236357
vt 0.996239 0.234010
vt 0.985627 0.234010
vt 0.996253 0.231821
vt 0.985640 0.231821
vt 0.996274 0.229940
vt 0.985662 0.229940
vt 0.987375 0.172194
vt 0.997988 0.172194
vt 0.987386 0.174067
vt 0.997999 0.174067
vt 0.987393 0.176250
vt 0.998006 0.176250
vt 0.987395 0.178595
vt 0.998008 0.178595
vt 0.987393 0.180943
vt 0.998006 0.180943
vt 0.987386 0.183132
vt 0.997999 0.183132
vt 0.987375 0.185015
vt 0.997988 0.185015
vt 0.983342 0.877230
vt 0.993953 0.877230
vt 0.983309 0.879106
vt 0.993919 0.879106
vt 0.983287 0.881292
vt 0.993898 0.881292
vt 0.983280 0.883639
vt 0.993891 0.883639
vt 0.983287 0.885985
vt 0.993898 0.885985
vt 0.983308 0.888172
vt 0.993919 0.888172
vt 0.983342 0.890051
vt 0.993953 0.890051
vt 0.555724 0.983833
vt 0.566337 0.983833
vt 0.555735 0.985720
vt 0.566348 0.985720
vt 0.555742 0.987912
vt 0.566355 0.987912
vt 0.578253 0.990260
vt 0.588867 0.990260
vt 0.578251 0.992604
vt 0.588864 0.992604
vt 0.578244 0.994785
vt 0.588857 0.994785
vt 0.578232 0.996654
vt 0.588845 0.996654
vt 0.632062 0.996653
vt 0.621449 0.996653
vt 0.632040 0.994779
vt 0.621427 0.994779
vt 0.632026 0.992595
vt 0.621414 0.992595
vt 0.632021 0.990249
vt 0.621409 0.990249
vt 0.632026 0.987902
vt 0.621413 0.987902
vt 0.632040 0.985713
vt 0.621427 0.985713
vt 0.632061 0.983832
vt 0.621449 0.983832
vt 0.987825 0.257428
vt 0.998439 0.257428
vt 0.987836 0.259300
vt 0.998450 0.259300
vt 0.987843 0.261483
vt 0.998457 0.261483
vt 0.987846 0.263828
vt 0.998459 0.263828
vt 0.987843 0.266176
vt 0.998457 0.266176
vt 0.987837 0.268366
vt 0.998450 0.268366
vt 0.987826 0.270249
vt 0.998439 0.270249
vt 0.983342 0.925958
vt 0.993953 0.925958
vt 0.983309 0.927834
vt 0.993919 0.927834
vt 0.983288 0.930020
vt 0.993898 0.930020
vt 0.983280 0.932367
vt 0.993891 0.932367
vt 0.983287 0.934713
vt 0.993898 0.934713
vt 0.983308 0.936900
vt 0.993919 0.936900
vt 0.983342 0.938779
vt 0.993953 0.938779
vt 0.578233 0.983833
vt 0.588846 0.983833
vt 0.578244 0.985720
vt 0.588857 0.985720
vt 0.578251 0.987912
vt 0.588865 0.987912
vt 0.304936 0.990272
vt 0.315549 0.990272
vt 0.304933 0.992617
vt 0.315547 0.992617
vt 0.304926 0.994798
vt 0.315539 0.994798
vt 0.304914 0.996667
vt 0.315528 0.996667
vt 0.996275 0.224179
vt 0.985662 0.224179
vt 0.996253 0.222305
vt 0.985641 0.222305
vt 0.996239 0.220120
vt 0.985627 0.220120
vt 0.996235 0.217775
vt 0.985622 0.217775
vt 0.996239 0.215428
vt 0.985627 0.215428
vt 0.996253 0.213239
vt 0.985640 0.213239
vt 0.996274 0.211357
vt 0.985662 0.211357
vt 0.419755 0.984674
vt 0.430369 0.984674
vt 0.419766 0.986546
vt 0.430380 0.986546
vt 0.419773 0.988729
vt 0.430387 0.988729
vt 0.419776 0.991074
vt 0.430389 0.991074
vt 0.419773 0.993422
vt 0.430387 0.993422
vt 0.419766 0.995612
vt 0.430380 0.995612
vt 0.419755 0.997495
vt 0.430369 0.997495
vt 0.983342 0.890051
vt 0.993953 0.890051
vt 0.983309 0.891927
vt 0.993919 0.891927
vt 0.983287 0.894113
vt 0.993898 0.894113
vt 0.983280 0.896460
vt 0.993891 0.896460
vt 0.983287 0.898806
vt 0.993898 0.898806
vt 0.983308 0.900993
vt 0.993919 0.900993
vt 0.983342 0.902872
vt 0.993953 0.902872
vt 0.304915 0.983846
vt 0.315528 0.983846
vt 0.304926 0.985732
vt 0.315540 0.985732
vt 0.304934 0.987924
vt 0.315547 0.987924
vt 0.241332 0.988563
vt 0.251945 0.988563
vt 0.241337 0.990909
vt 0.251949 0.990909
vt 0.241351 0.993093
vt 0.251963 0.993093
vt 0.241372 0.994967
vt 0.251985 0.994967
vt 0.532781 0.996653
vt 0.522168 0.996653
vt 0.532793 0.994784
vt 0.522180 0.994784
vt 0.532800 0.992603
vt 0.522187 0.992603
vt 0.532803 0.990259
vt 0.522189 0.990259
vt 0.532800 0.987910
vt 0.522187 0.987910
vt 0.532793 0.985718
vt 0.522180 0.985718
vt 0.532782 0.983832
vt 0.522169 0.983832
vt 0.993953 0.925958
vt 0.983342 0.925958
vt 0.993919 0.924079
vt 0.983308 0.924079
vt 0.993898 0.921892
vt 0.983287 0.921892
vt 0.993891 0.919545
vt 0.983280 0.919545
vt 0.993898 0.917199
vt 0.983287 0.917199
vt 0.993919 0.915013
vt 0.983309 0.915013
vt 0.993953 0.913137
vt 0.983342 0.913137
vt 0.997991 0.139524
vt 0.987378 0.139524
vt 0.998002 0.137641
vt 0.987389 0.137641
vt 0.998009 0.135451
vt 0.987396 0.135451
vt 0.998011 0.133103
vt 0.987398 0.133103
vt 0.998009 0.130758
vt 0.987395 0.130758
vt 0.998002 0.128575
vt 0.987388 0.128575
vt 0.997991 0.126703
vt 0.987377 0.126703
vt 0.241372 0.982146
vt 0.251984 0.982146
vt 0.241350 0.984027
vt 0.251963 0.984027
vt 0.241337 0.986216
vt 0.251949 0.986216
vt 0.985622 0.249178
vt 0.996235 0.249178
vt 0.985627 0.251524
vt 0.996239 0.251524
vt 0.985641 0.253708
vt 0.996253 0.253708
vt 0.985662 0.255582
vt 0.996275 0.255582
vt 0.543416 0.996653
vt 0.532803 0.996653
vt 0.543428 0.994784
vt 0.532814 0.994784
vt 0.543435 0.992603
vt 0.532822 0.992603
vt 0.543438 0.990259
vt 0.532824 0.990259
vt 0.543435 0.987910
vt 0.532822 0.987910
vt 0.543428 0.985718
vt 0.532815 0.985718
vt 0.543417 0.983832
vt 0.532803 0.983832
vt 0.993953 0.825945
vt 0.983342 0.825945
vt 0.993919 0.824067
vt 0.983308 0.824067
vt 0.993898 0.821880
vt 0.983287 0.821880
vt 0.993891 0.819533
vt 0.983280 0.819533
vt 0.993898 0.817187
vt 0.983288 0.817187
vt 0.993919 0.815001
vt 0.983309 0.815001
vt 0.993953 0.813124
vt 0.983342 0.813124
vt 0.705072 0.998111
vt 0.694459 0.998111
vt 0.705083 0.996228
vt 0.694470 0.996228
vt 0.705090 0.994038
vt 0.694477 0.994038
vt 0.705092 0.991691
vt 0.694479 0.991691
vt 0.705090 0.989345
vt 0.694476 0.989345
vt 0.705083 0.987162
vt 0.694469 0.987162
vt 0.705072 0.985290
vt 0.694458 0.985290
vt 0.985662 0.242761
vt 0.996274 0.242761
vt 0.985640 0.244642
vt 0.996253 0.244642
vt 0.985627 0.246831
vt 0.996239 0.246831
vt 0.208790 0.988563
vt 0.219402 0.988563
vt 0.208794 0.990909
vt 0.219407 0.990909
vt 0.208808 0.993093
vt 0.219421 0.993093
vt 0.208830 0.994967
vt 0.219442 0.994967
vt 0.576971 0.996654
vt 0.566358 0.996654
vt 0.576983 0.994785
vt 0.566369 0.994785
vt 0.576990 0.992604
vt 0.566377 0.992604
vt 0.576993 0.990260
vt 0.566379 0.990260
vt 0.576990 0.987912
vt 0.566377 0.987912
vt 0.576983 0.985720
vt 0.566370 0.985720
vt 0.576972 0.983833
vt 0.566358 0.983833
vt 0.263221 0.994967
vt 0.252611 0.994967
vt 0.263188 0.993089
vt 0.252577 0.993089
vt 0.263167 0.990902
vt 0.252556 0.990902
vt 0.263160 0.988555
vt 0.252549 0.988555
vt 0.263167 0.986209
vt 0.252556 0.986209
vt 0.263188 0.984023
vt 0.252577 0.984023
vt 0.263222 0.982146
vt 0.252611 0.982146
vt 0.358067 0.996667
vt 0.347454 0.996667
vt 0.358078 0.994784
vt 0.347465 0.994784
vt 0.358085 0.992594
vt 0.347472 0.992594
vt 0.358087 0.990247
vt 0.347474 0.990247
vt 0.358085 0.987901
vt 0.347472 0.987901
vt 0.358078 0.985718
vt 0.347465 0.985718
vt 0.358067 0.983846
vt 0.347454 0.983846
vt 0.208829 0.982146
vt 0.219442 0.982146
vt 0.208808 0.984027
vt 0.219420 0.984027
vt 0.208794 0.986216
vt 0.219407 0.986216
vt 0.985855 0.383394
vt 0.996467 0.383394
vt 0.985860 0.385739
vt 0.996472 0.385739
vt 0.985873 0.387924
vt 0.996486 0.387924
vt 0.985895 0.389797
vt 0.996508 0.389797
vt 0.293019 0.996667
vt 0.282405 0.996667
vt 0.293030 0.994798
vt 0.282417 0.994798
vt 0.293038 0.992617
vt 0.282424 0.992617
vt 0.293040 0.990272
vt 0.282427 0.990272
vt 0.293038 0.987924
vt 0.282424 0.987924
vt 0.293031 0.985732
vt 0.282417 0.985732
vt 0.293019 0.983846
vt 0.282406 0.983846
vt 0.993953 0.851587
vt 0.983342 0.851587
vt 0.993919 0.849709
vt 0.983308 0.849709
vt 0.993898 0.847522
vt 0.983287 0.847522
vt 0.993891 0.845175
vt 0.983280 0.845175
vt 0.993898 0.842829
vt 0.983287 0.842829
vt 0.993919 0.840643
vt 0.983308 0.840643
vt 0.993953 0.838766
vt 0.983342 0.838766
vt 0.870387 0.997619
vt 0.859773 0.997619
vt 0.870398 0.995737
vt 0.859784 0.995737
vt 0.870404 0.993547
vt 0.859791 0.993547
vt 0.870407 0.991199
vt 0.859793 0.991199
vt 0.870404 0.988854
vt 0.859791 0.988854
vt 0.870397 0.986671
vt 0.859784 0.986671
vt 0.870386 0.984798
vt 0.859773 0.984798
vt 0.985895 0.376976
vt 0.996507 0.376976
vt 0.985873 0.378858
vt 0.996486 0.378858
vt 0.985859 0.381047
vt 0.996472 0.381047
vt 0.987395 0.152953
vt 0.998008 0.152953
vt 0.987393 0.155301
vt 0.998006 0.155301
vt 0.987386 0.157490
vt 0.997999 0.157490
vt 0.987375 0.159373
vt 0.997988 0.159373
vt 0.983342 0.825945
vt 0.993953 0.825945
vt 0.983309 0.827822
vt 0.993919 0.827822
vt 0.983287 0.830008
vt 0.993898 0.830008
vt 0.983280 0.832354
vt 0.993891 0.832354
vt 0.983287 0.834701
vt 0.993898 0.834701
vt 0.983308 0.836888
vt 0.993919 0.836888
vt 0.983342 0.838766
vt 0.993953 0.838766
vt 0.642715 0.983832
vt 0.653329 0.983832
vt 0.642727 0.985718
vt 0.653340 0.985718
vt 0.642734 0.987910
vt 0.653347 0.987910
vt 0.642736 0.990259
vt 0.653349 0.990259
vt 0.642733 0.992603
vt 0.653347 0.992603
vt 0.642726 0.994784
vt 0.653340 0.994784
vt 0.642715 0.996653
vt 0.653328 0.996653
vt 0.996508 0.376976
vt 0.985895 0.376976
vt 0.996486 0.375102
vt 0.985873 0.375102
vt 0.996472 0.372918
vt 0.985860 0.372918
vt 0.996467 0.370573
vt 0.985855 0.370573
vt 0.996472 0.368225
vt 0.985859 0.368225
vt 0.996486 0.366037
vt 0.985873 0.366037
vt 0.996507 0.364155
vt 0.985895 0.364155
vt 0.987375 0.146552
vt 0.997988 0.146552
vt 0.987386 0.148425
vt 0.997999 0.148425
vt 0.987393 0.150608
vt 0.998006 0.150608
vt 0.208165 0.988563
vt 0.197553 0.988563
vt 0.208170 0.986216
vt 0.197557 0.986216
vt 0.208184 0.984027
vt 0.197571 0.984027
vt 0.208205 0.982146
vt 0.197593 0.982146
vt 0.786557 0.983877
vt 0.797170 0.983877
vt 0.786568 0.985750
vt 0.797181 0.985750
vt 0.786575 0.987933
vt 0.797188 0.987933
vt 0.786577 0.990278
vt 0.797191 0.990278
vt 0.786575 0.992626
vt 0.797188 0.992626
vt 0.786568 0.994815
vt 0.797182 0.994815
vt 0.786557 0.996698
vt 0.797171 0.996698
vt 0.230177 0.982146
vt 0.240788 0.982146
vt 0.230143 0.984023
vt 0.240754 0.984023
vt 0.230122 0.986209
vt 0.240733 0.986209
vt 0.230115 0.988555
vt 0.240726 0.988555
vt 0.230122 0.990902
vt 0.240733 0.990902
vt 0.230143 0.993089
vt 0.240754 0.993089
vt 0.230177 0.994967
vt 0.240788 0.994967
vt 0.326185 0.983846
vt 0.336798 0.983846
vt 0.326196 0.985732
vt 0.336809 0.985732
vt 0.326203 0.987924
vt 0.336816 0.987924
vt 0.326205 0.990272
vt 0.336819 0.990272
vt 0.326203 0.992617
vt 0.336816 0.992617
vt 0.326195 0.994798
vt 0.336809 0.994798
vt 0.326184 0.996667
vt 0.336797 0.996667
vt 0.208206 0.994967
vt 0.197593 0.994967
vt 0.208184 0.993093
vt 0.197571 0.993093
vt 0.208170 0.990909
vt 0.197558 0.990909
vt 0.589490 0.990259
vt 0.600103 0.990259
vt 0.589487 0.992603
vt 0.600101 0.992603
vt 0.589480 0.994784
vt 0.600093 0.994784
vt 0.589468 0.996653
vt 0.600082 0.996653
vt 0.996520 0.551001
vt 0.985908 0.551001
vt 0.996498 0.549127
vt 0.985886 0.549127
vt 0.996485 0.546943
vt 0.985872 0.546943
vt 0.996480 0.544598
vt 0.985867 0.544598
vt 0.996484 0.542250
vt 0.985872 0.542250
vt 0.996498 0.540062
vt 0.985885 0.540062
vt 0.996520 0.538180
vt 0.985907 0.538180
vt 0.376760 0.986004
vt 0.387373 0.986004
vt 0.376771 0.987876
vt 0.387384 0.987876
vt 0.376778 0.990059
vt 0.387391 0.990059
vt 0.376780 0.992404
vt 0.387394 0.992404
vt 0.376778 0.994752
vt 0.387392 0.994752
vt 0.376771 0.996942
vt 0.387385 0.996942
vt 0.376760 0.998825
vt 0.387374 0.998825
vt 0.175725 0.982146
vt 0.186336 0.982146
vt 0.175692 0.984023
vt 0.186302 0.984023
vt 0.175670 0.986209
vt 0.186281 0.986209
vt 0.175663 0.988555
vt 0.186274 0.988555
vt 0.175670 0.990902
vt 0.186281 0.990902
vt 0.175691 0.993089
vt 0.186302 0.993089
vt 0.175725 0.994967
vt 0.186336 0.994967
vt 0.589469 0.983832
vt 0.600083 0.983832
vt 0.589480 0.985718
vt 0.600094 0.985718
vt 0.589488 0.987910
vt 0.600101 0.987910
vt 0.119627 0.987893
vt 0.130238 0.987893
vt 0.119634 0.990240
vt 0.130245 0.990240
vt 0.119655 0.992427
vt 0.130266 0.992427
vt 0.119689 0.994305
vt 0.130300 0.994305
vt 0.336819 0.983846
vt 0.347433 0.983846
vt 0.336831 0.985732
vt 0.347444 0.985732
vt 0.336838 0.987924
vt 0.347451 0.987924
vt 0.336840 0.990272
vt 0.347453 0.990272
vt 0.336838 0.992617
vt 0.347451 0.992617
vt 0.336830 0.994798
vt 0.347444 0.994798
vt 0.336819 0.996667
vt 0.347432 0.996667
vt 0.197553 0.994967
vt 0.186940 0.994967
vt 0.197531 0.993093
vt 0.186919 0.993093
vt 0.197517 0.990909
vt 0.186905 0.990909
vt 0.197513 0.988563
vt 0.186900 0.988563
vt 0.197517 0.986216
vt 0.186905 0.986216
vt 0.197531 0.984027
vt 0.186918 0.984027
vt 0.197552 0.982146
vt 0.186940 0.982146
vt 0.986418 0.946412
vt 0.997031 0.946412
vt 0.986429 0.948285
vt 0.997042 0.948285
vt 0.986436 0.950468
vt 0.997049 0.950468
vt 0.986438 0.952813
vt 0.997052 0.952813
vt 0.986436 0.955161
vt 0.997050 0.955161
vt 0.986429 0.957350
vt 0.997043 0.957350
vt 0.986418 0.959233
vt 0.997032 0.959233
vt 0.119689 0.981484
vt 0.130300 0.981484
vt 0.119655 0.983361
vt 0.130266 0.983361
vt 0.119634 0.985547
vt 0.130245 0.985547
vt 0.473750 0.892870
vt 0.473750 0.908790
vt 0.473063 0.908791
vt 0.473063 0.892871
vt 0.472422 0.908793
vt 0.472422 0.892873
vt 0.471869 0.908796
vt 0.471869 0.892876
vt 0.982795 0.487101
vt 0.982804 0.487651
vt 0.966878 0.487101
vt 0.966888 0.487651
vt 0.982810 0.488291
vt 0.966894 0.488291
vt 0.982813 0.488978
vt 0.966896 0.488978
vt 0.982810 0.489665
vt 0.966894 0.489665
vt 0.966888 0.490304
vt 0.982810 0.489697
vt 0.982804 0.490304
vt 0.966823 0.495167
vt 0.982739 0.495167
vt 0.966888 0.500034
vt 0.982804 0.500034
vt 0.157990 0.972547
vt 0.157990 0.988468
vt 0.157303 0.988467
vt 0.157303 0.972547
vt 0.156662 0.988465
vt 0.156662 0.972545
vt 0.156111 0.988462
vt 0.156111 0.972542
vt 0.966878 0.503236
vt 0.966888 0.502687
vt 0.982794 0.503236
vt 0.982804 0.502687
vt 0.966894 0.502047
vt 0.982810 0.502047
vt 0.966896 0.501361
vt 0.982812 0.501361
vt 0.966894 0.500674
vt 0.982810 0.500674
vt 0.982810 0.500641
vt 0.282204 0.895667
vt 0.282204 0.898319
vt 0.281784 0.895667
vt 0.281143 0.911583
vt 0.281143 0.895667
vt 0.004428 0.690643
vt 0.000006 0.690644
vt 0.004429 0.677384
vt 0.000006 0.677385
vt 0.000006 0.674732
vt 0.004428 0.674731
vt 0.001067 0.833898
vt 0.000426 0.817979
vt 0.000006 0.820632
vt 0.000006 0.817979
vt 0.162398 0.988467
vt 0.162398 0.972547
vt 0.990376 0.663395
vt 0.990376 0.647475
vt 0.994784 0.663395
vt 0.994784 0.647475
vt 0.995470 0.647474
vt 0.995470 0.663395
vt 0.996109 0.647472
vt 0.996109 0.663392
vt 0.996657 0.647469
vt 0.996657 0.663389
vt 0.967261 0.606909
vt 0.967267 0.606359
vt 0.983179 0.606909
vt 0.983186 0.606359
vt 0.967271 0.605718
vt 0.983190 0.605718
vt 0.967272 0.605031
vt 0.983191 0.605031
vt 0.967271 0.604344
vt 0.983190 0.604344
vt 0.967267 0.603705
vt 0.983186 0.603705
vt 0.983143 0.598848
vt 0.967224 0.598848
vt 0.983185 0.593976
vt 0.967266 0.593976
vt 0.995663 0.681642
vt 0.995663 0.665722
vt 0.996349 0.665723
vt 0.996349 0.681643
vt 0.996987 0.665725
vt 0.996987 0.681645
vt 0.997534 0.665729
vt 0.997534 0.681649
vt 0.983179 0.590774
vt 0.983185 0.591322
vt 0.967260 0.590774
vt 0.967266 0.591322
vt 0.983189 0.591962
vt 0.967270 0.591962
vt 0.983190 0.592648
vt 0.967272 0.592648
vt 0.983189 0.593335
vt 0.967270 0.593335
vt 0.003190 0.786141
vt 0.003190 0.788794
vt 0.002770 0.786141
vt 0.002128 0.802060
vt 0.002128 0.786141
vt 0.000005 0.563337
vt 0.004427 0.563339
vt 0.000006 0.576595
vt 0.004428 0.576597
vt 0.004427 0.579251
vt 0.000005 0.579249
vt 0.282204 0.879741
vt 0.282204 0.895657
vt 0.281563 0.879741
vt 0.281143 0.882393
vt 0.281143 0.879741
vt 0.473750 0.861018
vt 0.473750 0.876938
vt 0.473063 0.876939
vt 0.473063 0.861019
vt 0.472422 0.876941
vt 0.472422 0.861021
vt 0.471869 0.876944
vt 0.471869 0.861024
vt 0.901635 0.930123
vt 0.901643 0.930673
vt 0.885719 0.930047
vt 0.885727 0.930597
vt 0.901646 0.931313
vt 0.885730 0.931237
vt 0.901645 0.932000
vt 0.885728 0.931924
vt 0.901639 0.932686
vt 0.885723 0.932610
vt 0.901630 0.933326
vt 0.885714 0.933250
vt 0.885625 0.938113
vt 0.901541 0.938189
vt 0.885730 0.950202
vt 0.901646 0.950278
vt 0.885643 0.953926
vt 0.901559 0.954001
vt 0.939556 0.940669
vt 0.955474 0.940669
vt 0.939523 0.943992
vt 0.955442 0.943992
vt 0.939505 0.947749
vt 0.955423 0.947749
vt 0.939501 0.951696
vt 0.955420 0.951696
vt 0.939513 0.955575
vt 0.955431 0.955575
vt 0.939539 0.959133
vt 0.955457 0.959133
vt 0.939578 0.962137
vt 0.955496 0.962137
vt 0.967797 0.484961
vt 0.951877 0.484961
vt 0.967815 0.481732
vt 0.951895 0.481732
vt 0.967826 0.478030
vt 0.951906 0.478030
vt 0.967830 0.474097
vt 0.951910 0.474097
vt 0.967825 0.470189
vt 0.951905 0.470189
vt 0.967812 0.466562
vt 0.951892 0.466562
vt 0.967793 0.463451
vt 0.951873 0.463451
vt 0.965151 0.527162
vt 0.949235 0.527162
vt 0.965096 0.523996
vt 0.949180 0.523996
vt 0.965061 0.520334
vt 0.949145 0.520334
vt 0.965050 0.516413
vt 0.949133 0.516413
vt 0.965061 0.512490
vt 0.949145 0.512490
vt 0.965095 0.508821
vt 0.949179 0.508821
vt 0.965150 0.505646
vt 0.949234 0.505646
vt 0.044969 0.973934
vt 0.029049 0.973934
vt 0.044988 0.970843
vt 0.029068 0.970843
vt 0.045000 0.967228
vt 0.029080 0.967228
vt 0.045005 0.963325
vt 0.029085 0.963325
vt 0.045002 0.959388
vt 0.029082 0.959388
vt 0.044992 0.955676
vt 0.029072 0.955676
vt 0.955452 0.938807
vt 0.939533 0.938807
vt 0.000006 0.849816
vt 0.000006 0.833898
vt 0.001067 0.836551
vt 0.001067 0.833898
vt 0.000005 0.531510
vt 0.004427 0.531512
vt 0.000006 0.544768
vt 0.004429 0.544770
vt 0.004427 0.547424
vt 0.000005 0.547422
vt 0.875177 0.000148
vt 0.876239 0.000148
vt 0.875177 0.002801
vt 0.876239 0.016065
vt 0.077245 0.893035
vt 0.077400 0.893177
vt 0.077245 0.907803
vt 0.077953 0.893819
vt 0.078133 0.894094
vt 0.078185 0.894184
vt 0.078583 0.895123
vt 0.078594 0.895160
vt 0.078689 0.895582
vt 0.078751 0.896305
vt 0.078751 0.907803
vt 0.002130 0.945332
vt 0.002130 0.929413
vt 0.003047 0.932059
vt 0.003047 0.929405
vt 0.693462 0.834356
vt 0.697303 0.834212
vt 0.693375 0.847626
vt 0.697215 0.847482
vt 0.697303 0.850134
vt 0.693462 0.850278
vt 0.281143 0.927497
vt 0.282062 0.927510
vt 0.281143 0.930150
vt 0.282062 0.943426
vt 0.000006 0.754304
vt 0.000006 0.738384
vt 0.001067 0.741037
vt 0.001067 0.738384
vt 0.717842 0.900149
vt 0.717843 0.886899
vt 0.720053 0.900149
vt 0.722265 0.886899
vt 0.722265 0.900148
vt 0.717842 0.884246
vt 0.722265 0.884245
vt 0.002128 0.754304
vt 0.001067 0.754304
vt 0.002128 0.751650
vt 0.001067 0.738384
vt 0.403768 0.940042
vt 0.403768 0.924126
vt 0.404688 0.926767
vt 0.404688 0.924114
vt 0.697298 0.866343
vt 0.693463 0.866199
vt 0.697210 0.853073
vt 0.693375 0.852930
vt 0.693463 0.850278
vt 0.697298 0.850422
vt 0.544167 0.918368
vt 0.545088 0.918376
vt 0.544167 0.921021
vt 0.545088 0.934295
vt 0.935868 0.527161
vt 0.935868 0.484961
vt 0.949133 0.527162
vt 0.949133 0.484961
vt 0.933606 0.952092
vt 0.933606 0.938825
vt 0.936390 0.938814
vt 0.936390 0.952080
vt 0.939407 0.938807
vt 0.939407 0.952073
vt 0.155061 0.976513
vt 0.141798 0.976431
vt 0.141846 0.970738
vt 0.155109 0.970820
vt 0.141862 0.965076
vt 0.155125 0.965158
vt 0.141846 0.959759
vt 0.155109 0.959841
vt 0.141798 0.955081
vt 0.155061 0.955163
vt 0.653349 0.983883
vt 0.657666 0.983853
vt 0.653349 0.997149
vt 0.657666 0.997120
vt 0.662739 0.983832
vt 0.662739 0.997099
vt 0.105510 0.956374
vt 0.105510 0.977236
vt 0.092244 0.956432
vt 0.092244 0.977294
vt 0.977419 0.297768
vt 0.989860 0.297602
vt 0.977419 0.311032
vt 0.989860 0.310865
vt 0.997937 0.283134
vt 0.997937 0.296401
vt 0.994186 0.296394
vt 0.994186 0.283127
vt 0.990747 0.296381
vt 0.990747 0.283114
vt 0.162398 0.987573
vt 0.162398 0.972541
vt 0.175663 0.987574
vt 0.175663 0.972542
vt 0.883669 0.986976
vt 0.870407 0.972156
vt 0.870407 0.987154
vt 0.974112 0.139524
vt 0.974112 0.124499
vt 0.987377 0.139409
vt 0.987377 0.124384
vt 0.464771 0.999491
vt 0.464771 0.986224
vt 0.467777 0.986232
vt 0.467777 0.999498
vt 0.470543 0.986244
vt 0.470543 0.999510
vt 0.155062 0.912880
vt 0.155062 0.955081
vt 0.141798 0.912880
vt 0.141798 0.955081
vt 0.977359 0.417869
vt 0.977359 0.438644
vt 0.964092 0.417810
vt 0.964092 0.438585
vt 0.990074 0.403237
vt 0.990074 0.389971
vt 0.995115 0.389992
vt 0.995115 0.403259
vt 0.999386 0.390022
vt 0.999386 0.403289
vt 0.977358 0.304593
vt 0.977389 0.309261
vt 0.964092 0.304540
vt 0.964123 0.309207
vt 0.977399 0.314571
vt 0.964134 0.314517
vt 0.977389 0.320230
vt 0.964123 0.320176
vt 0.977358 0.325926
vt 0.964092 0.325872
vt 0.276735 0.879741
vt 0.276735 0.895661
vt 0.276048 0.895661
vt 0.276048 0.879741
vt 0.275406 0.895663
vt 0.275406 0.879743
vt 0.274854 0.895667
vt 0.274854 0.879747
vt 0.786557 0.967905
vt 0.787107 0.967896
vt 0.786557 0.983822
vt 0.787107 0.983812
vt 0.787747 0.967889
vt 0.787747 0.983806
vt 0.788434 0.967887
vt 0.788434 0.983804
vt 0.789120 0.967889
vt 0.789120 0.983806
vt 0.789760 0.967896
vt 0.789760 0.983812
vt 0.794623 0.983877
vt 0.794623 0.967961
vt 0.916996 0.954661
vt 0.916996 0.970581
vt 0.916080 0.967923
vt 0.916080 0.970577
vt 0.461095 0.970771
vt 0.457264 0.970695
vt 0.461007 0.957476
vt 0.457176 0.957400
vt 0.457264 0.954749
vt 0.461095 0.954825
vt 0.403768 0.908190
vt 0.404690 0.908194
vt 0.403768 0.910843
vt 0.404690 0.924114
vt 0.801555 0.983784
vt 0.801555 0.967868
vt 0.161994 0.875355
vt 0.161994 0.890119
vt 0.155062 0.875448
vt 0.161310 0.890688
vt 0.161221 0.890745
vt 0.160856 0.890946
vt 0.160360 0.891142
vt 0.159937 0.891248
vt 0.159343 0.891307
vt 0.155062 0.891364
vt 0.163500 0.875355
vt 0.163500 0.886850
vt 0.163381 0.887850
vt 0.163343 0.887994
vt 0.163256 0.888269
vt 0.162882 0.889061
vt 0.162797 0.889195
vt 0.162559 0.889527
vt 0.162149 0.889977
vt 0.437895 0.897712
vt 0.437870 0.905200
vt 0.436895 0.897711
vt 0.436726 0.905275
vt 0.436751 0.897711
vt 0.436478 0.897711
vt 0.435663 0.905494
vt 0.435688 0.897709
vt 0.435554 0.897709
vt 0.434752 0.905843
vt 0.435225 0.897708
vt 0.626862 0.092098
vt 0.626914 0.092186
vt 0.618726 0.095695
vt 0.627310 0.092870
vt 0.619187 0.096488
vt 0.627311 0.093025
vt 0.434778 0.897707
vt 0.626651 0.091732
vt 0.618191 0.094771
vt 0.626364 0.091237
vt 0.626119 0.090814
vt 0.617619 0.093780
vt 0.625776 0.090219
vt 0.974560 0.283070
vt 0.974560 0.268359
vt 0.983403 0.282993
vt 0.987825 0.268244
vt 0.987825 0.279119
vt 0.987674 0.280113
vt 0.987233 0.281042
vt 0.986530 0.281843
vt 0.985614 0.282460
vt 0.984548 0.282852
vt 0.990923 0.417778
vt 0.977656 0.417810
vt 0.977656 0.412348
vt 0.990923 0.412316
vt 0.977667 0.407447
vt 0.990934 0.407414
vt 0.977688 0.403378
vt 0.990955 0.403345
vt 0.052655 0.987308
vt 0.047766 0.987239
vt 0.052655 0.974045
vt 0.047766 0.973975
vt 0.042312 0.987198
vt 0.042312 0.973934
vt 0.988369 0.064653
vt 0.988369 0.079393
vt 0.975102 0.064593
vt 0.979525 0.079353
vt 0.975695 0.077414
vt 0.975253 0.076485
vt 0.975102 0.075490
vt 0.978380 0.079217
vt 0.977314 0.078828
vt 0.976398 0.078213
vt 0.698327 0.849010
vt 0.698236 0.849010
vt 0.698314 0.841240
vt 0.602300 0.118036
vt 0.602144 0.118036
vt 0.605763 0.109912
vt 0.601669 0.117763
vt 0.604967 0.109454
vt 0.697384 0.840888
vt 0.697958 0.849010
vt 0.697303 0.849010
vt 0.699389 0.841461
vt 0.700536 0.841536
vt 0.700461 0.849010
vt 0.699737 0.849010
vt 0.699313 0.849010
vt 0.699275 0.849010
vt 0.599490 0.116506
vt 0.603050 0.108348
vt 0.600437 0.117052
vt 0.604042 0.108921
vt 0.601459 0.117641
vt 0.600822 0.117274
vt 0.600508 0.117093
vt 0.071832 0.954527
vt 0.071677 0.954385
vt 0.071832 0.939760
vt 0.071123 0.953743
vt 0.070944 0.953469
vt 0.070891 0.953379
vt 0.070493 0.952440
vt 0.070483 0.952402
vt 0.070388 0.951981
vt 0.070325 0.951258
vt 0.070325 0.939760
vt 0.000006 0.945318
vt 0.000006 0.929402
vt 0.000924 0.932067
vt 0.000924 0.929414
vt 0.439098 0.976642
vt 0.435279 0.976787
vt 0.439187 0.963372
vt 0.435368 0.963517
vt 0.435279 0.960865
vt 0.439098 0.960720
vt 0.544168 0.934303
vt 0.545086 0.934295
vt 0.544168 0.936956
vt 0.545086 0.950214
vt 0.078747 0.955649
vt 0.074477 0.955668
vt 0.078747 0.939729
vt 0.073532 0.955542
vt 0.073461 0.955522
vt 0.072304 0.954939
vt 0.073148 0.955413
vt 0.072514 0.955085
vt 0.824569 0.930077
vt 0.840490 0.930047
vt 0.824613 0.936992
vt 0.840533 0.936962
vt 0.824569 0.954719
vt 0.840490 0.954689
vt 0.002128 0.754304
vt 0.002128 0.770224
vt 0.001067 0.767571
vt 0.001067 0.770224
vt 0.004428 0.467828
vt 0.004428 0.481116
vt 0.002216 0.467828
vt 0.000005 0.481116
vt 0.000005 0.467828
vt 0.004428 0.483769
vt 0.000005 0.483769
vt 0.002128 0.738384
vt 0.003190 0.738384
vt 0.002128 0.741037
vt 0.003190 0.754304
vt 0.951006 0.995376
vt 0.951006 0.979460
vt 0.959008 0.995376
vt 0.959008 0.979460
vt 0.990376 0.749033
vt 0.990376 0.733117
vt 0.998378 0.749033
vt 0.998378 0.733117
vt 0.808604 0.930047
vt 0.824524 0.930078
vt 0.808649 0.947798
vt 0.824569 0.947830
vt 0.069370 0.939677
vt 0.069370 0.923758
vt 0.070290 0.926419
vt 0.070290 0.923766
vt 0.993953 0.851588
vt 0.997766 0.851734
vt 0.994042 0.864857
vt 0.997856 0.865004
vt 0.997766 0.867656
vt 0.993953 0.867509
vt 0.001207 0.929413
vt 0.002127 0.929401
vt 0.001207 0.932066
vt 0.002127 0.945317
vt 0.808604 0.954704
vt 0.824524 0.954735
vt 0.391558 0.966298
vt 0.391558 0.951531
vt 0.398463 0.966330
vt 0.392239 0.950974
vt 0.392327 0.950918
vt 0.392691 0.950724
vt 0.393185 0.950537
vt 0.393607 0.950439
vt 0.394199 0.950391
vt 0.398463 0.950410
vt 0.390052 0.966298
vt 0.390052 0.954800
vt 0.390171 0.953800
vt 0.390209 0.953656
vt 0.390296 0.953382
vt 0.390670 0.952589
vt 0.390754 0.952455
vt 0.390993 0.952123
vt 0.391403 0.951673
vt 0.700461 0.869437
vt 0.700536 0.876915
vt 0.699458 0.869437
vt 0.699389 0.876990
vt 0.699313 0.869437
vt 0.699037 0.869436
vt 0.698314 0.877211
vt 0.698236 0.869436
vt 0.698100 0.869436
vt 0.697384 0.877562
vt 0.697763 0.869436
vt 0.601370 0.138908
vt 0.601459 0.138857
vt 0.604967 0.147044
vt 0.602144 0.138462
vt 0.605763 0.146586
vt 0.602300 0.138462
vt 0.697303 0.869436
vt 0.601004 0.139119
vt 0.604042 0.147577
vt 0.600508 0.139405
vt 0.600084 0.139649
vt 0.603050 0.148150
vt 0.599490 0.139992
vt 0.981781 0.331993
vt 0.990625 0.331955
vt 0.990625 0.346674
vt 0.977359 0.346732
vt 0.977359 0.335851
vt 0.980636 0.332129
vt 0.979570 0.332517
vt 0.977509 0.334857
vt 0.977951 0.333929
vt 0.978654 0.333131
vt 0.938532 0.030158
vt 0.935239 0.025482
vt 0.946706 0.007014
vt 0.930945 0.021704
vt 0.925888 0.019034
vt 0.940920 0.046829
vt 0.941453 0.041134
vt 0.943931 0.047735
vt 0.946706 0.049215
vt 0.940642 0.035473
vt 0.282034 0.864709
vt 0.282034 0.879741
vt 0.278602 0.866444
vt 0.274854 0.867305
vt 0.461891 0.987728
vt 0.453230 0.987728
vt 0.461891 0.972726
vt 0.964106 0.123741
vt 0.964106 0.106418
vt 0.979108 0.115080
vt 0.460017 0.924568
vt 0.454960 0.927238
vt 0.439199 0.912548
vt 0.450667 0.931016
vt 0.447374 0.935692
vt 0.445263 0.941007
vt 0.439199 0.954749
vt 0.444453 0.946668
vt 0.441974 0.953268
vt 0.444986 0.952362
vt 0.281915 0.823777
vt 0.274735 0.836213
vt 0.278167 0.822916
vt 0.274735 0.821182
vt 0.988369 0.064391
vt 0.997030 0.079393
vt 0.988369 0.079393
vt 0.965151 0.505646
vt 0.980153 0.514307
vt 0.965151 0.522968
vt 0.379030 0.938371
vt 0.384087 0.935701
vt 0.399848 0.950391
vt 0.388381 0.931923
vt 0.391674 0.927247
vt 0.393784 0.921932
vt 0.399848 0.908190
vt 0.394595 0.916270
vt 0.397073 0.909670
vt 0.394061 0.910576
vt 0.274735 0.850349
vt 0.277259 0.836213
vt 0.278553 0.849885
vt 0.282370 0.850349
vt 0.937771 0.994476
vt 0.929110 0.979474
vt 0.937771 0.979474
vt 0.939501 0.979460
vt 0.939501 0.962137
vt 0.954503 0.970798
vt 0.366386 0.927247
vt 0.369679 0.931923
vt 0.358211 0.950391
vt 0.373973 0.935701
vt 0.379030 0.938371
vt 0.363998 0.910576
vt 0.363465 0.916270
vt 0.360986 0.909670
vt 0.358211 0.908190
vt 0.364276 0.921932
vt 0.274854 0.863367
vt 0.282370 0.850349
vt 0.278694 0.863581
vt 0.282370 0.864709
vt 0.998708 0.346732
vt 0.990047 0.361734
vt 0.990047 0.346732
vt 0.932613 0.962152
vt 0.932613 0.979474
vt 0.917611 0.970813
vt 0.933812 0.057558
vt 0.931203 0.052453
vt 0.947586 0.056843
vt 0.947586 0.075156
vt 0.931203 0.079546
vt 0.933812 0.074441
vt 0.946380 0.066000
vt 0.935155 0.068866
vt 0.935155 0.063133
vt 0.695682 0.926866
vt 0.693072 0.921761
vt 0.709455 0.926151
vt 0.709455 0.944464
vt 0.693072 0.948854
vt 0.695682 0.943749
vt 0.708249 0.935307
vt 0.697024 0.938174
vt 0.697024 0.932440
vt 0.914820 0.052453
vt 0.912210 0.057558
vt 0.898437 0.056843
vt 0.910868 0.063133
vt 0.899642 0.065999
vt 0.910868 0.068866
vt 0.898437 0.075156
vt 0.912210 0.074441
vt 0.914820 0.079546
vt 0.931203 0.052453
vt 0.928593 0.057558
vt 0.914820 0.056843
vt 0.927251 0.063133
vt 0.916025 0.066000
vt 0.927251 0.068866
vt 0.914820 0.075156
vt 0.928593 0.074441
vt 0.931203 0.079546
vt 0.435778 0.877284
vt 0.435688 0.877283
vt 0.435663 0.869523
vt 0.647737 0.093025
vt 0.647736 0.092870
vt 0.655861 0.096488
vt 0.648008 0.092396
vt 0.656316 0.095695
vt 0.434752 0.869169
vt 0.435415 0.877283
vt 0.434778 0.877281
vt 0.436726 0.869745
vt 0.437870 0.869821
vt 0.437895 0.877286
vt 0.437172 0.877285
vt 0.436751 0.877285
vt 0.436714 0.877285
vt 0.649262 0.090219
vt 0.657420 0.093780
vt 0.648716 0.091166
vt 0.656848 0.094771
vt 0.648129 0.092186
vt 0.648495 0.091550
vt 0.648676 0.091237
vt 0.042312 0.973934
vt 0.042312 0.988619
vt 0.029049 0.974112
vt 0.033470 0.988737
vt 0.029049 0.984968
vt 0.032326 0.988622
vt 0.031260 0.988254
vt 0.030344 0.987658
vt 0.029641 0.986874
vt 0.029200 0.985957
vt 0.977482 0.283178
vt 0.990748 0.283114
vt 0.990748 0.288574
vt 0.977482 0.288638
vt 0.990726 0.293473
vt 0.977461 0.293537
vt 0.990685 0.297538
vt 0.977419 0.297602
vt 0.078979 0.987876
vt 0.074099 0.987899
vt 0.078979 0.974610
vt 0.074099 0.974633
vt 0.068650 0.987913
vt 0.068650 0.974646
vt 0.980677 0.311404
vt 0.981821 0.311268
vt 0.977399 0.315105
vt 0.990666 0.311227
vt 0.990666 0.325864
vt 0.977399 0.325926
vt 0.977550 0.314117
vt 0.977992 0.313194
vt 0.978694 0.312401
vt 0.979610 0.311790
vt 0.084427 0.551458
vt 0.084475 0.543974
vt 0.085425 0.551459
vt 0.085618 0.543899
vt 0.085569 0.551459
vt 0.085842 0.551459
vt 0.086679 0.543679
vt 0.086629 0.551460
vt 0.086762 0.551460
vt 0.087585 0.543329
vt 0.087089 0.551461
vt 0.673672 0.117590
vt 0.673584 0.117641
vt 0.670075 0.109454
vt 0.672902 0.118036
vt 0.669284 0.109912
vt 0.672747 0.118036
vt 0.087533 0.551462
vt 0.674037 0.117379
vt 0.670997 0.108921
vt 0.674532 0.117093
vt 0.674955 0.116849
vt 0.671988 0.108348
vt 0.675548 0.116506
vt 0.078741 0.907865
vt 0.078741 0.919362
vt 0.077235 0.907865
vt 0.078622 0.920362
vt 0.078584 0.920507
vt 0.078497 0.920781
vt 0.078123 0.921574
vt 0.078039 0.921708
vt 0.077800 0.922040
vt 0.077390 0.922490
vt 0.077235 0.922632
vt 0.840578 0.947699
vt 0.856498 0.947731
vt 0.840533 0.954644
vt 0.856454 0.954675
vt 0.070291 0.907834
vt 0.076550 0.923189
vt 0.076461 0.923245
vt 0.076095 0.923439
vt 0.075599 0.923627
vt 0.075175 0.923725
vt 0.074579 0.923773
vt 0.070291 0.923754
vt 0.840533 0.930047
vt 0.856454 0.930078
vt 0.654538 0.983611
vt 0.654538 0.967692
vt 0.662540 0.983611
vt 0.662540 0.967692
vt 0.045068 0.967900
vt 0.045068 0.951982
vt 0.053070 0.967900
vt 0.053070 0.951981
vt 0.901691 0.937034
vt 0.917611 0.937001
vt 0.901646 0.954661
vt 0.917566 0.954628
vt 0.070291 0.891914
vt 0.074585 0.891895
vt 0.070291 0.907834
vt 0.075535 0.892020
vt 0.075606 0.892041
vt 0.076770 0.892623
vt 0.075921 0.892150
vt 0.076559 0.892478
vt 0.901646 0.930080
vt 0.917566 0.930047
vt 0.086539 0.571886
vt 0.086628 0.571886
vt 0.086679 0.579650
vt 0.672748 0.138462
vt 0.672902 0.138462
vt 0.669284 0.146586
vt 0.673374 0.138735
vt 0.670075 0.147044
vt 0.087585 0.580003
vt 0.086900 0.571887
vt 0.087533 0.571888
vt 0.085618 0.579428
vt 0.084475 0.579353
vt 0.084427 0.571885
vt 0.085149 0.571885
vt 0.085569 0.571885
vt 0.085606 0.571885
vt 0.675548 0.139992
vt 0.671988 0.148150
vt 0.674603 0.139446
vt 0.670997 0.147577
vt 0.673584 0.138857
vt 0.674219 0.139224
vt 0.674532 0.139405
vt 0.990666 0.423986
vt 0.990666 0.438644
vt 0.977399 0.423927
vt 0.981821 0.438605
vt 0.977992 0.436677
vt 0.977550 0.435753
vt 0.977399 0.434763
vt 0.980677 0.438469
vt 0.979610 0.438083
vt 0.978694 0.437471
vt 0.000132 0.989931
vt 0.000132 0.976665
vt 0.005577 0.976679
vt 0.005577 0.989946
vt 0.010449 0.976703
vt 0.010449 0.989970
vt 0.155064 0.976579
vt 0.155105 0.980623
vt 0.141798 0.976513
vt 0.141840 0.980558
vt 0.155126 0.985506
vt 0.141861 0.985441
vt 0.155126 0.990957
vt 0.141861 0.990892
vt 0.988324 0.563060
vt 0.988324 0.577756
vt 0.979483 0.562942
vt 0.975062 0.577578
vt 0.975062 0.566714
vt 0.975213 0.565725
vt 0.975654 0.564806
vt 0.976357 0.564022
vt 0.977272 0.563426
vt 0.978339 0.563057
vt 0.670949 0.869496
vt 0.670923 0.876953
vt 0.669949 0.869497
vt 0.669779 0.877029
vt 0.669805 0.869497
vt 0.669532 0.869498
vt 0.668716 0.877252
vt 0.668742 0.869500
vt 0.668608 0.869501
vt 0.667805 0.877608
vt 0.668279 0.869502
vt 0.648180 0.164400
vt 0.648129 0.164312
vt 0.656316 0.160803
vt 0.647736 0.163628
vt 0.655861 0.160010
vt 0.647737 0.163473
vt 0.667832 0.869505
vt 0.648390 0.164766
vt 0.656848 0.161727
vt 0.648676 0.165261
vt 0.648920 0.165684
vt 0.657420 0.162718
vt 0.649262 0.166279
vt 0.000006 0.929402
vt 0.000006 0.913481
vt 0.000927 0.916139
vt 0.000927 0.913486
vt 0.693380 0.866343
vt 0.697212 0.866504
vt 0.693468 0.879605
vt 0.697300 0.879766
vt 0.697212 0.882418
vt 0.693380 0.882257
vt 0.916080 0.970585
vt 0.915164 0.970581
vt 0.916080 0.967932
vt 0.915164 0.954661
vt 0.986418 0.959233
vt 0.986418 0.943314
vt 0.162007 0.907434
vt 0.162007 0.922200
vt 0.155067 0.907373
vt 0.161322 0.922754
vt 0.161233 0.922809
vt 0.160867 0.923002
vt 0.160371 0.923187
vt 0.159947 0.923284
vt 0.159352 0.923329
vt 0.155067 0.923292
vt 0.163513 0.907434
vt 0.163513 0.918930
vt 0.163393 0.919930
vt 0.163356 0.920075
vt 0.163269 0.920349
vt 0.162894 0.921142
vt 0.162810 0.921276
vt 0.162571 0.921607
vt 0.162162 0.922058
vt 0.071807 0.938600
vt 0.071652 0.938458
vt 0.071807 0.923834
vt 0.071099 0.937816
vt 0.070919 0.937541
vt 0.070866 0.937451
vt 0.070469 0.936512
vt 0.070458 0.936475
vt 0.070363 0.936053
vt 0.070301 0.935331
vt 0.070301 0.923834
vt 0.122693 0.929054
vt 0.123611 0.931704
vt 0.123611 0.929050
vt 0.122595 0.928791
vt 0.118774 0.928952
vt 0.122684 0.915528
vt 0.118863 0.915690
vt 0.118774 0.913038
vt 0.122595 0.912877
vt 0.003051 0.913481
vt 0.002128 0.913485
vt 0.003051 0.910828
vt 0.002128 0.897565
vt 0.078726 0.939692
vt 0.074454 0.939729
vt 0.078726 0.923773
vt 0.073508 0.939607
vt 0.073438 0.939587
vt 0.072280 0.939010
vt 0.073125 0.939480
vt 0.072490 0.939154
vt 0.358211 0.986796
vt 0.358211 0.970878
vt 0.365131 0.986736
vt 0.365131 0.970817
vt 0.370003 0.986778
vt 0.370003 0.970859
vt 0.995515 0.722298
vt 0.995515 0.706378
vt 0.996201 0.706379
vt 0.996201 0.722299
vt 0.996839 0.706381
vt 0.996839 0.722301
vt 0.997386 0.706384
vt 0.997386 0.722304
vt 0.373205 0.986772
vt 0.372656 0.986778
vt 0.373205 0.970853
vt 0.372656 0.970859
vt 0.372017 0.986782
vt 0.372017 0.970863
vt 0.371330 0.986783
vt 0.371330 0.970865
vt 0.370643 0.986782
vt 0.370643 0.970863
vt 0.001067 0.802061
vt 0.001067 0.786143
vt 0.002128 0.788796
vt 0.002128 0.786143
vt 0.000005 0.547423
vt 0.004427 0.547426
vt 0.000006 0.560682
vt 0.004429 0.560684
vt 0.004427 0.563337
vt 0.000005 0.563335
vt 0.001067 0.865731
vt 0.001067 0.868384
vt 0.002128 0.881648
vt 0.478071 0.677520
vt 0.478071 0.693440
vt 0.470069 0.677519
vt 0.470069 0.693439
vt 0.281143 0.879741
vt 0.281143 0.895661
vt 0.991107 0.706378
vt 0.991107 0.722298
vt 0.662540 0.951772
vt 0.662540 0.967692
vt 0.654538 0.951772
vt 0.654538 0.967692
vt 0.753630 0.931010
vt 0.769547 0.931010
vt 0.753665 0.932877
vt 0.769581 0.932877
vt 0.092231 0.974610
vt 0.076311 0.974610
vt 0.092241 0.970887
vt 0.076321 0.970887
vt 0.092244 0.966948
vt 0.076324 0.966948
vt 0.092239 0.963050
vt 0.076319 0.963050
vt 0.092226 0.959447
vt 0.076306 0.959447
vt 0.092207 0.956374
vt 0.076287 0.956374
vt 0.125878 0.943833
vt 0.141796 0.943833
vt 0.125842 0.947016
vt 0.141761 0.947016
vt 0.125820 0.950690
vt 0.141739 0.950690
vt 0.125813 0.954614
vt 0.141732 0.954614
vt 0.125821 0.958533
vt 0.141740 0.958533
vt 0.125843 0.962191
vt 0.141762 0.962191
vt 0.125879 0.965349
vt 0.141798 0.965349
vt 0.434714 0.968664
vt 0.418794 0.968664
vt 0.434734 0.965584
vt 0.418813 0.965584
vt 0.434746 0.961975
vt 0.418826 0.961975
vt 0.434752 0.958075
vt 0.418831 0.958075
vt 0.434749 0.954137
vt 0.418829 0.954137
vt 0.434738 0.950419
vt 0.418818 0.950419
vt 0.434720 0.947163
vt 0.418800 0.947163
vt 0.769613 0.954349
vt 0.753697 0.954349
vt 0.769580 0.952853
vt 0.753637 0.951336
vt 0.753615 0.936193
vt 0.769531 0.936193
vt 0.753586 0.939946
vt 0.769502 0.939946
vt 0.753580 0.943892
vt 0.769496 0.943892
vt 0.753598 0.947773
vt 0.769514 0.947773
vt 0.769554 0.951336
vt 0.785543 0.954933
vt 0.769625 0.954883
vt 0.785600 0.951200
vt 0.769681 0.951150
vt 0.785532 0.939133
vt 0.769613 0.939083
vt 0.785589 0.934262
vt 0.769671 0.934211
vt 0.998128 0.697891
vt 0.998128 0.681971
vt 0.998815 0.681971
vt 0.998815 0.697892
vt 0.999453 0.681974
vt 0.999453 0.697894
vt 1.000000 0.681977
vt 1.000000 0.697897
vt 0.785593 0.931060
vt 0.785598 0.931608
vt 0.769674 0.931010
vt 0.769679 0.931558
vt 0.785600 0.932247
vt 0.769681 0.932197
vt 0.785599 0.932934
vt 0.769680 0.932884
vt 0.785595 0.933621
vt 0.769677 0.933571
vt 0.001067 0.754304
vt 0.001067 0.756957
vt 0.000647 0.754304
vt 0.000006 0.770223
vt 0.000006 0.754304
vt 0.000005 0.483769
vt 0.004427 0.483771
vt 0.000006 0.497027
vt 0.004429 0.497029
vt 0.004427 0.499683
vt 0.000005 0.499681
vt 0.003190 0.865733
vt 0.003190 0.881649
vt 0.002548 0.865733
vt 0.002128 0.868385
vt 0.002128 0.865733
vt 0.122684 0.928797
vt 0.122684 0.912877
vt 0.123605 0.915534
vt 0.123605 0.912881
vt 0.435279 0.912548
vt 0.439111 0.912709
vt 0.435367 0.925810
vt 0.439199 0.925970
vt 0.439111 0.928622
vt 0.435279 0.928462
vt 0.156771 0.970489
vt 0.155855 0.970485
vt 0.156771 0.967836
vt 0.155855 0.954565
vt 0.545088 0.806907
vt 0.545088 0.822827
vt 0.544166 0.820178
vt 0.544166 0.822831
vt 0.752520 0.972402
vt 0.756348 0.972325
vt 0.752432 0.985697
vt 0.756260 0.985621
vt 0.756348 0.988272
vt 0.752520 0.988348
vt 0.750256 0.945425
vt 0.751173 0.945421
vt 0.750256 0.948079
vt 0.751173 0.961342
vt 0.001067 0.913480
vt 0.001067 0.897564
vt 0.002128 0.900217
vt 0.002128 0.897564
vt 0.004428 0.722469
vt 0.000006 0.722471
vt 0.004429 0.709211
vt 0.000006 0.709212
vt 0.000006 0.706559
vt 0.004428 0.706557
vt 0.002128 0.817979
vt 0.003190 0.817979
vt 0.002128 0.820632
vt 0.003190 0.833898
vt 0.002128 0.929405
vt 0.002128 0.913485
vt 0.003049 0.916143
vt 0.003049 0.913489
vt 0.399848 0.908190
vt 0.403680 0.908350
vt 0.399936 0.921452
vt 0.403768 0.921612
vt 0.403680 0.924264
vt 0.399848 0.924103
vt 0.545087 0.966138
vt 0.544171 0.966134
vt 0.545087 0.963485
vt 0.544171 0.950214
vt 0.545088 0.854680
vt 0.545088 0.870600
vt 0.544166 0.867951
vt 0.544166 0.870604
vt 0.024996 0.973688
vt 0.028824 0.973612
vt 0.024908 0.986983
vt 0.028736 0.986907
vt 0.028824 0.989558
vt 0.024996 0.989634
vt 0.417877 0.947167
vt 0.418794 0.947163
vt 0.417877 0.949820
vt 0.418794 0.963083
vt 0.000006 0.913482
vt 0.000006 0.897565
vt 0.001067 0.900218
vt 0.001067 0.897565
vt 0.004428 0.642903
vt 0.000005 0.642904
vt 0.004428 0.629645
vt 0.000006 0.629646
vt 0.000005 0.626992
vt 0.004428 0.626991
vt 0.001067 0.817980
vt 0.002128 0.817980
vt 0.001067 0.820633
vt 0.002128 0.833899
vt 0.001207 0.929401
vt 0.001207 0.913480
vt 0.002128 0.916138
vt 0.002128 0.913484
vt 0.717842 0.900149
vt 0.721674 0.900310
vt 0.717930 0.913411
vt 0.721763 0.913572
vt 0.721674 0.916223
vt 0.717842 0.916063
vt 0.157687 0.970489
vt 0.156771 0.970485
vt 0.157687 0.967836
vt 0.156771 0.954565
vt 0.545088 0.822831
vt 0.545088 0.838751
vt 0.544166 0.836102
vt 0.544166 0.838756
vt 0.994041 0.877306
vt 0.997869 0.877230
vt 0.993953 0.890601
vt 0.997781 0.890525
vt 0.997869 0.893176
vt 0.994041 0.893252
vt 0.279994 0.948851
vt 0.279994 0.951504
vt 0.280911 0.964767
vt 0.929212 0.283070
vt 0.913296 0.282977
vt 0.929207 0.282428
vt 0.913162 0.265279
vt 0.929078 0.265372
vt 0.006932 0.356007
vt 0.006932 0.371923
vt 0.004315 0.355972
vt 0.000005 0.371830
vt 0.000005 0.355914
vt 0.913296 0.258353
vt 0.929212 0.258446
vt 0.053070 0.950114
vt 0.068990 0.950114
vt 0.053070 0.968492
vt 0.068990 0.970540
vt 0.053070 0.970540
vt 0.978927 0.554099
vt 0.978927 0.538180
vt 0.985867 0.554159
vt 0.985867 0.538240
vt 0.000005 0.419830
vt 0.000005 0.403911
vt 0.006945 0.419890
vt 0.006945 0.403971
vt 0.974070 0.554142
vt 0.974070 0.538223
vt 0.995073 0.327153
vt 0.995073 0.311233
vt 0.995760 0.311232
vt 0.995760 0.327152
vt 0.996399 0.311230
vt 0.996399 0.327150
vt 0.996947 0.311227
vt 0.996947 0.327147
vt 0.970866 0.538217
vt 0.971416 0.538223
vt 0.970866 0.554135
vt 0.971416 0.554142
vt 0.972057 0.538227
vt 0.972057 0.554146
vt 0.972744 0.538228
vt 0.972744 0.554147
vt 0.973431 0.538227
vt 0.973431 0.554146
vt 0.861285 0.969927
vt 0.861285 0.954007
vt 0.865693 0.969927
vt 0.865693 0.954007
vt 0.990666 0.327153
vt 0.990666 0.311233
vt 0.860598 0.969927
vt 0.860598 0.954007
vt 0.859957 0.969925
vt 0.859957 0.954005
vt 0.859406 0.969922
vt 0.859406 0.954002
vt 0.709455 0.985234
vt 0.708905 0.985225
vt 0.709455 0.969318
vt 0.708905 0.969308
vt 0.708266 0.985218
vt 0.708266 0.969302
vt 0.707579 0.985216
vt 0.707579 0.969300
vt 0.706892 0.985218
vt 0.706892 0.969302
vt 0.706252 0.985225
vt 0.706252 0.969308
vt 0.701386 0.985290
vt 0.701386 0.969374
vt 0.006927 0.355914
vt 0.000000 0.355821
vt 0.000000 0.339904
vt 0.004310 0.339962
vt 0.005467 0.339978
vt 0.006927 0.339998
vt 0.694458 0.985197
vt 0.694458 0.969280
vt 0.971416 0.959233
vt 0.955496 0.959233
vt 0.971416 0.958189
vt 0.955496 0.949020
vt 0.971416 0.939851
vt 0.955496 0.938807
vt 0.971416 0.938807
vt 0.470767 0.986164
vt 0.470767 0.970245
vt 0.477707 0.986224
vt 0.477707 0.970306
vt 0.000005 0.435809
vt 0.000005 0.419890
vt 0.006945 0.435869
vt 0.006945 0.419950
vt 0.465910 0.986207
vt 0.465910 0.970288
vt 0.995021 0.122344
vt 0.995021 0.106424
vt 0.995707 0.106424
vt 0.995707 0.122344
vt 0.996346 0.106422
vt 0.996346 0.122342
vt 0.996894 0.106418
vt 0.996894 0.122338
vt 0.462706 0.970282
vt 0.463256 0.970288
vt 0.462706 0.986201
vt 0.463256 0.986207
vt 0.463897 0.970292
vt 0.463897 0.986211
vt 0.464584 0.970293
vt 0.464584 0.986212
vt 0.465270 0.970292
vt 0.465270 0.986211
vt 0.804196 0.962286
vt 0.804196 0.946366
vt 0.808604 0.962286
vt 0.808604 0.946366
vt 0.990613 0.122344
vt 0.990613 0.106424
vt 0.803509 0.962285
vt 0.803509 0.946365
vt 0.802868 0.962283
vt 0.802868 0.946363
vt 0.802317 0.962280
vt 0.802317 0.946360
vt 0.434752 0.984618
vt 0.434202 0.984609
vt 0.434752 0.968702
vt 0.434202 0.968692
vt 0.433562 0.984602
vt 0.433562 0.968686
vt 0.432876 0.984600
vt 0.432876 0.968684
vt 0.432189 0.984602
vt 0.432189 0.968686
vt 0.431549 0.984608
vt 0.431549 0.968692
vt 0.426682 0.984674
vt 0.426682 0.968757
vt 0.000005 0.387839
vt 0.000005 0.371923
vt 0.006932 0.387933
vt 0.006932 0.372016
vt 0.419755 0.984581
vt 0.419755 0.968664
vt 0.374131 0.950391
vt 0.358211 0.952439
vt 0.374131 0.953056
vt 0.358211 0.970817
vt 0.374131 0.970817
vt 0.951786 0.467297
vt 0.935868 0.467236
vt 0.951873 0.460357
vt 0.935954 0.460296
vt 0.000005 0.403851
vt 0.000005 0.387932
vt 0.006945 0.403911
vt 0.006945 0.387993
vt 0.935951 0.484259
vt 0.951873 0.484961
vt 0.935954 0.484900
vt 0.478158 0.892871
vt 0.478158 0.908791
vt 0.991255 0.665722
vt 0.991255 0.681642
vt 0.478071 0.661599
vt 0.478071 0.677519
vt 0.476023 0.661599
vt 0.470069 0.677519
vt 0.470069 0.661599
vt 0.478158 0.861018
vt 0.478158 0.876938
vt 0.993721 0.681970
vt 0.993721 0.697891
vt 0.478071 0.693440
vt 0.478071 0.709360
vt 0.472118 0.693440
vt 0.472734 0.709360
vt 0.470069 0.693440
vt 0.470069 0.709360
vt 0.001067 0.865733
vt 0.001067 0.881649
vt 0.000426 0.865733
vt 0.000006 0.868385
vt 0.000006 0.865733
vt 0.004427 0.611078
vt 0.000005 0.611076
vt 0.004429 0.608425
vt 0.000006 0.608423
vt 0.000005 0.595164
vt 0.004427 0.595167
vt 0.003190 0.802060
vt 0.003190 0.804713
vt 0.002770 0.802060
vt 0.002128 0.817979
vt 0.002128 0.802060
vt 0.734340 0.013283
vt 0.733810 0.012364
vt 0.740739 0.008363
vt 0.740739 0.049215
vt 0.733810 0.045214
vt 0.734340 0.044295
vt 0.758429 0.018576
vt 0.758429 0.026578
vt 0.757367 0.026578
vt 0.734329 0.035200
vt 0.736207 0.036640
vt 0.738393 0.037546
vt 0.723050 0.018576
vt 0.729980 0.014575
vt 0.730510 0.042084
vt 0.730510 0.015494
vt 0.723050 0.028789
vt 0.723050 0.039002
vt 0.721845 0.037946
vt 0.721544 0.039002
vt 0.747150 0.035200
vt 0.748591 0.033322
vt 0.757367 0.031000
vt 0.734329 0.022378
vt 0.732888 0.024256
vt 0.729980 0.043003
vt 0.721845 0.019632
vt 0.721544 0.018576
vt 0.740739 0.037855
vt 0.743086 0.037546
vt 0.745272 0.036640
vt 0.731983 0.026443
vt 0.731674 0.028789
vt 0.731983 0.031135
vt 0.732888 0.033322
vt 0.758429 0.031000
vt 0.758429 0.039002
vt 0.749496 0.031135
vt 0.749805 0.028789
vt 0.749496 0.026443
vt 0.748591 0.024256
vt 0.747150 0.022378
vt 0.745272 0.020938
vt 0.743086 0.020032
vt 0.740739 0.019723
vt 0.738393 0.020032
vt 0.736207 0.020938
vt 0.069267 0.662243
vt 0.069267 0.658042
vt 0.078767 0.658042
vt 0.068626 0.678031
vt 0.068626 0.673623
vt 0.069267 0.673623
vt 0.069687 0.669201
vt 0.069267 0.669201
vt 0.067299 0.662495
vt 0.066659 0.662230
vt 0.049875 0.673623
vt 0.050295 0.673623
vt 0.050295 0.680581
vt 0.100808 0.711038
vt 0.096899 0.709696
vt 0.097797 0.708475
vt 0.023018 0.658117
vt 0.015557 0.661199
vt 0.022487 0.657198
vt 0.026847 0.602838
vt 0.026317 0.601919
vt 0.033247 0.597918
vt 0.049875 0.620555
vt 0.050295 0.620555
vt 0.050295 0.628927
vt 0.067532 0.628927
vt 0.071866 0.631429
vt 0.069267 0.633128
vt 0.092714 0.655906
vt 0.096544 0.658117
vt 0.096899 0.662243
vt 0.096899 0.658042
vt 0.104005 0.661199
vt 0.086315 0.650986
vt 0.093245 0.654987
vt 0.081451 0.653795
vt 0.080811 0.654060
vt 0.080124 0.654150
vt 0.079437 0.654060
vt 0.078767 0.633128
vt 0.079337 0.633182
vt 0.077470 0.634665
vt 0.076409 0.642667
vt 0.076409 0.647089
vt 0.077470 0.647089
vt 0.077470 0.651497
vt 0.077561 0.652183
vt 0.077826 0.652823
vt 0.078248 0.653373
vt 0.078797 0.653795
vt 0.094235 0.636066
vt 0.090354 0.636824
vt 0.096899 0.633128
vt 0.086408 0.636575
vt 0.082654 0.635334
vt 0.080284 0.621379
vt 0.080593 0.623725
vt 0.078767 0.628927
vt 0.081499 0.625912
vt 0.080593 0.619032
vt 0.078622 0.610221
vt 0.081499 0.616846
vt 0.082940 0.614968
vt 0.084817 0.613527
vt 0.081799 0.607867
vt 0.087004 0.612622
vt 0.085469 0.606395
vt 0.089350 0.612313
vt 0.089392 0.605901
vt 0.091697 0.612622
vt 0.093313 0.606416
vt 0.093883 0.613527
vt 0.096974 0.607908
vt 0.095761 0.614968
vt 0.100139 0.610280
vt 0.097201 0.616846
vt 0.102599 0.613375
vt 0.098107 0.619032
vt 0.104194 0.616993
vt 0.098416 0.621379
vt 0.104821 0.620897
vt 0.098107 0.623725
vt 0.104438 0.624833
vt 0.097201 0.625912
vt 0.103071 0.628543
vt 0.096899 0.628927
vt 0.100808 0.631785
vt 0.097797 0.634349
vt 0.074244 0.624751
vt 0.073882 0.620813
vt 0.074530 0.616913
vt 0.076145 0.613303
vt 0.075591 0.628468
vt 0.050936 0.620555
vt 0.050936 0.624962
vt 0.051292 0.626289
vt 0.051713 0.626839
vt 0.051026 0.625649
vt 0.052263 0.627260
vt 0.052903 0.627525
vt 0.053590 0.627616
vt 0.059781 0.624452
vt 0.054916 0.627260
vt 0.054276 0.627525
vt 0.050295 0.616132
vt 0.049875 0.616132
vt 0.046094 0.605335
vt 0.046094 0.628927
vt 0.050295 0.607760
vt 0.050936 0.608131
vt 0.050936 0.616132
vt 0.015557 0.608131
vt 0.022487 0.604130
vt 0.015557 0.628557
vt 0.023018 0.605049
vt 0.030900 0.609587
vt 0.028714 0.610492
vt 0.026836 0.611933
vt 0.024181 0.618344
vt 0.024490 0.615997
vt 0.025395 0.613811
vt 0.037780 0.626195
vt 0.039657 0.624754
vt 0.041098 0.622877
vt 0.024490 0.620690
vt 0.025395 0.622877
vt 0.016199 0.628927
vt 0.026836 0.624754
vt 0.028714 0.626195
vt 0.042004 0.620690
vt 0.042312 0.618344
vt 0.042004 0.615997
vt 0.041098 0.613811
vt 0.039657 0.611933
vt 0.037779 0.610492
vt 0.035593 0.609587
vt 0.030900 0.627101
vt 0.033247 0.627410
vt 0.035593 0.627101
vt 0.033247 0.609278
vt 0.042091 0.651497
vt 0.042091 0.647089
vt 0.043153 0.647089
vt 0.038751 0.654060
vt 0.039438 0.654150
vt 0.046094 0.658042
vt 0.040125 0.654060
vt 0.040765 0.653795
vt 0.041314 0.653373
vt 0.041736 0.652823
vt 0.042001 0.652183
vt 0.046094 0.633128
vt 0.043153 0.642667
vt 0.042091 0.642667
vt 0.026317 0.654987
vt 0.033247 0.650986
vt 0.026847 0.655906
vt 0.038111 0.653795
vt 0.042091 0.638259
vt 0.042001 0.637572
vt 0.041736 0.636932
vt 0.041314 0.636383
vt 0.040765 0.635961
vt 0.040125 0.635696
vt 0.039438 0.635606
vt 0.026847 0.633850
vt 0.023018 0.631638
vt 0.022487 0.632558
vt 0.033247 0.638770
vt 0.026317 0.634769
vt 0.038111 0.635961
vt 0.038751 0.635696
vt 0.015557 0.662243
vt 0.046094 0.662243
vt 0.046094 0.680581
vt 0.026847 0.686918
vt 0.023018 0.684707
vt 0.022487 0.685626
vt 0.015557 0.681625
vt 0.015557 0.680581
vt 0.026847 0.708974
vt 0.038751 0.707128
vt 0.039438 0.707218
vt 0.026317 0.708055
vt 0.033247 0.704054
vt 0.038111 0.706863
vt 0.041736 0.705892
vt 0.042001 0.705252
vt 0.046094 0.709696
vt 0.042091 0.704565
vt 0.040125 0.707128
vt 0.040765 0.706863
vt 0.041314 0.706441
vt 0.042091 0.695735
vt 0.043153 0.695735
vt 0.043153 0.700157
vt 0.042091 0.700157
vt 0.042091 0.691327
vt 0.042001 0.690641
vt 0.041736 0.690001
vt 0.041314 0.689451
vt 0.040765 0.689029
vt 0.040125 0.688764
vt 0.033247 0.691838
vt 0.026317 0.687837
vt 0.038111 0.689029
vt 0.038751 0.688764
vt 0.039438 0.688674
vt 0.025395 0.719947
vt 0.024490 0.722134
vt 0.015557 0.732028
vt 0.035593 0.715723
vt 0.026836 0.718070
vt 0.023018 0.711185
vt 0.022487 0.710266
vt 0.015557 0.714267
vt 0.024181 0.724480
vt 0.024490 0.726827
vt 0.025395 0.729013
vt 0.041098 0.729013
vt 0.042004 0.726827
vt 0.046094 0.732028
vt 0.042312 0.724480
vt 0.042004 0.722134
vt 0.041098 0.719947
vt 0.039657 0.718070
vt 0.037780 0.716629
vt 0.033247 0.715414
vt 0.030900 0.715723
vt 0.028714 0.716629
vt 0.033247 0.744906
vt 0.026317 0.740905
vt 0.026847 0.739986
vt 0.035593 0.733237
vt 0.037780 0.732331
vt 0.039657 0.730891
vt 0.046094 0.737489
vt 0.022487 0.738694
vt 0.015557 0.734693
vt 0.023018 0.737775
vt 0.026836 0.730891
vt 0.028714 0.732331
vt 0.030900 0.733237
vt 0.033247 0.733546
vt 0.050295 0.732028
vt 0.050295 0.735063
vt 0.050295 0.726691
vt 0.050936 0.726691
vt 0.050936 0.732028
vt 0.050936 0.734693
vt 0.049875 0.726691
vt 0.049875 0.722269
vt 0.050295 0.722269
vt 0.051292 0.716535
vt 0.051027 0.717175
vt 0.050295 0.709696
vt 0.050936 0.717861
vt 0.053590 0.715208
vt 0.052903 0.715298
vt 0.071866 0.711395
vt 0.059781 0.718372
vt 0.069267 0.709696
vt 0.054916 0.715563
vt 0.054276 0.715298
vt 0.052263 0.715563
vt 0.051713 0.715985
vt 0.078767 0.732028
vt 0.075591 0.714356
vt 0.078767 0.709696
vt 0.081799 0.734957
vt 0.078622 0.732603
vt 0.076145 0.729520
vt 0.074530 0.725911
vt 0.073882 0.722011
vt 0.074244 0.718073
vt 0.085469 0.736429
vt 0.096899 0.732028
vt 0.089392 0.736923
vt 0.093313 0.736408
vt 0.102599 0.729449
vt 0.100139 0.732544
vt 0.096974 0.734915
vt 0.097201 0.725978
vt 0.098107 0.723792
vt 0.104194 0.725831
vt 0.104821 0.721927
vt 0.098416 0.721445
vt 0.104438 0.717991
vt 0.098107 0.719099
vt 0.103071 0.714281
vt 0.097201 0.716912
vt 0.082654 0.707490
vt 0.086408 0.706249
vt 0.079337 0.709642
vt 0.090354 0.705999
vt 0.094235 0.706758
vt 0.077470 0.691327
vt 0.077470 0.695735
vt 0.076409 0.695735
vt 0.077826 0.690001
vt 0.077561 0.690640
vt 0.069267 0.680581
vt 0.077470 0.700157
vt 0.077470 0.708159
vt 0.076409 0.700157
vt 0.080124 0.688674
vt 0.079437 0.688764
vt 0.078767 0.680581
vt 0.078797 0.689029
vt 0.078248 0.689451
vt 0.086315 0.691838
vt 0.081451 0.689029
vt 0.080811 0.688764
vt 0.093245 0.687837
vt 0.092714 0.686918
vt 0.096544 0.684707
vt 0.096899 0.680581
vt 0.097075 0.685626
vt 0.104005 0.681625
vt 0.105511 0.681625
vt 0.105210 0.680569
vt 0.104005 0.671412
vt 0.105210 0.662255
vt 0.105511 0.661199
vt 0.051713 0.662917
vt 0.051292 0.663466
vt 0.050295 0.662243
vt 0.051026 0.664106
vt 0.050936 0.664793
vt 0.065972 0.662140
vt 0.065285 0.662230
vt 0.054276 0.662230
vt 0.053590 0.662140
vt 0.050295 0.658042
vt 0.052903 0.662230
vt 0.052263 0.662495
vt 0.068535 0.664106
vt 0.068270 0.663466
vt 0.067848 0.662917
vt 0.068626 0.664793
vt 0.068626 0.669201
vt 0.069687 0.673623
vt 0.077249 0.671412
vt 0.068270 0.679357
vt 0.068535 0.678717
vt 0.077558 0.673758
vt 0.050715 0.697946
vt 0.051024 0.700292
vt 0.055248 0.690095
vt 0.053370 0.691536
vt 0.051930 0.702479
vt 0.053370 0.704357
vt 0.055248 0.705797
vt 0.064314 0.705797
vt 0.066191 0.704357
vt 0.067632 0.702479
vt 0.066659 0.680594
vt 0.067299 0.680329
vt 0.067848 0.679907
vt 0.051930 0.693413
vt 0.051024 0.695600
vt 0.059781 0.688880
vt 0.057434 0.689189
vt 0.054309 0.680585
vt 0.057434 0.706703
vt 0.059781 0.707012
vt 0.062127 0.706703
vt 0.068538 0.700292
vt 0.068847 0.697946
vt 0.068538 0.695600
vt 0.067632 0.693413
vt 0.065972 0.680684
vt 0.064314 0.690095
vt 0.066191 0.691536
vt 0.062127 0.689189
vt 0.065253 0.680585
vt 0.065285 0.680594
vt 0.054276 0.680594
vt 0.053590 0.680684
vt 0.059781 0.677520
vt 0.064645 0.680329
vt 0.054916 0.680329
vt 0.051027 0.678717
vt 0.051292 0.679357
vt 0.050936 0.678031
vt 0.050936 0.673623
vt 0.051713 0.679907
vt 0.052263 0.680329
vt 0.052903 0.680594
vt 0.078464 0.675945
vt 0.079905 0.677822
vt 0.081782 0.679263
vt 0.088662 0.680169
vt 0.086315 0.680478
vt 0.083969 0.680169
vt 0.090848 0.663561
vt 0.092726 0.665001
vt 0.094166 0.666879
vt 0.090848 0.679263
vt 0.092726 0.677822
vt 0.094166 0.675945
vt 0.088662 0.662655
vt 0.086315 0.662346
vt 0.078767 0.662243
vt 0.083969 0.662655
vt 0.081782 0.663561
vt 0.079905 0.665001
vt 0.078464 0.666879
vt 0.077558 0.669065
vt 0.095072 0.673758
vt 0.095381 0.671412
vt 0.095072 0.669065
vt 0.089350 0.630445
vt 0.082940 0.627789
vt 0.084817 0.629230
vt 0.087004 0.630136
vt 0.091697 0.630136
vt 0.093883 0.629230
vt 0.095761 0.627789
vt 0.091697 0.712688
vt 0.089350 0.712379
vt 0.093883 0.713594
vt 0.095761 0.715035
vt 0.093883 0.729296
vt 0.091697 0.730202
vt 0.089350 0.730511
vt 0.095761 0.727856
vt 0.087004 0.712688
vt 0.087004 0.730202
vt 0.084817 0.713594
vt 0.082940 0.715035
vt 0.081499 0.716912
vt 0.081499 0.725978
vt 0.082940 0.727856
vt 0.084817 0.729296
vt 0.080593 0.719099
vt 0.080284 0.721445
vt 0.080593 0.723792
vt 0.051930 0.649411
vt 0.053370 0.651288
vt 0.062127 0.653635
vt 0.064314 0.652729
vt 0.051930 0.640345
vt 0.051024 0.642531
vt 0.050295 0.633128
vt 0.050715 0.644878
vt 0.051024 0.647224
vt 0.055248 0.652729
vt 0.057434 0.653635
vt 0.059781 0.653944
vt 0.059781 0.635812
vt 0.057434 0.636121
vt 0.059781 0.665304
vt 0.054916 0.662495
vt 0.064645 0.662495
vt 0.055248 0.637027
vt 0.053370 0.638467
vt 0.066191 0.651288
vt 0.067632 0.649411
vt 0.068538 0.647224
vt 0.068847 0.644878
vt 0.068538 0.642531
vt 0.067632 0.640345
vt 0.062127 0.636121
vt 0.077470 0.642667
vt 0.066191 0.638467
vt 0.064314 0.637027
vt 0.050295 0.669201
vt 0.050936 0.669201
vt 0.097075 0.657198
vt 0.024490 0.673758
vt 0.024181 0.671412
vt 0.024490 0.669066
vt 0.042312 0.671412
vt 0.042004 0.669065
vt 0.025395 0.675945
vt 0.026836 0.677822
vt 0.028714 0.679263
vt 0.030900 0.680169
vt 0.033247 0.680478
vt 0.035593 0.680169
vt 0.037780 0.679263
vt 0.039657 0.677822
vt 0.041098 0.675945
vt 0.042004 0.673758
vt 0.049875 0.669201
vt 0.041098 0.666879
vt 0.039657 0.665001
vt 0.037780 0.663561
vt 0.035593 0.662655
vt 0.033247 0.662346
vt 0.030900 0.662655
vt 0.028714 0.663561
vt 0.026836 0.665001
vt 0.025395 0.666879
vt 0.050936 0.722269
vt 0.782517 0.044295
vt 0.783048 0.045214
vt 0.776118 0.049215
vt 0.758429 0.018576
vt 0.776118 0.008363
vt 0.783048 0.012364
vt 0.758429 0.039002
vt 0.758429 0.031000
vt 0.759490 0.031000
vt 0.782517 0.013283
vt 0.759490 0.026578
vt 0.758429 0.026578
vt 0.793808 0.039002
vt 0.786878 0.043003
vt 0.786347 0.015494
vt 0.786347 0.042084
vt 0.793808 0.028789
vt 0.793808 0.018576
vt 0.795013 0.019632
vt 0.795314 0.018576
vt 0.786878 0.014575
vt 0.795013 0.037946
vt 0.795314 0.039002
vt 0.782529 0.035200
vt 0.783970 0.033322
vt 0.767361 0.031135
vt 0.767052 0.028789
vt 0.767361 0.026443
vt 0.768267 0.024256
vt 0.784875 0.031135
vt 0.785184 0.028789
vt 0.784875 0.026443
vt 0.783970 0.024256
vt 0.782529 0.022378
vt 0.780651 0.020938
vt 0.778465 0.020032
vt 0.776118 0.019723
vt 0.773772 0.020032
vt 0.771585 0.020938
vt 0.769708 0.022378
vt 0.771585 0.036640
vt 0.769708 0.035200
vt 0.768267 0.033322
vt 0.773772 0.037546
vt 0.776118 0.037855
vt 0.778465 0.037546
vt 0.780651 0.036640
vt 0.047600 0.856684
vt 0.047600 0.827569
vt 0.051801 0.827569
vt 0.052530 0.789520
vt 0.052221 0.791866
vt 0.051801 0.780117
vt 0.068805 0.809484
vt 0.068165 0.809219
vt 0.070773 0.809231
vt 0.024524 0.805106
vt 0.017063 0.808187
vt 0.023993 0.804187
vt 0.098050 0.778627
vt 0.094220 0.780838
vt 0.070773 0.780117
vt 0.071193 0.869257
vt 0.070773 0.869257
vt 0.070773 0.856684
vt 0.039269 0.881945
vt 0.042301 0.879017
vt 0.042446 0.879591
vt 0.027755 0.883396
vt 0.024094 0.881904
vt 0.020929 0.879533
vt 0.017063 0.828613
vt 0.015557 0.828613
vt 0.015858 0.827557
vt 0.024524 0.831695
vt 0.023993 0.832614
vt 0.041631 0.835753
vt 0.040944 0.835662
vt 0.042301 0.827569
vt 0.040257 0.835753
vt 0.039617 0.836018
vt 0.034753 0.838826
vt 0.027823 0.834825
vt 0.028354 0.833906
vt 0.043598 0.855147
vt 0.043598 0.847146
vt 0.044659 0.847146
vt 0.041731 0.856631
vt 0.042301 0.856684
vt 0.043598 0.838316
vt 0.043507 0.837629
vt 0.043242 0.836989
vt 0.042820 0.836439
vt 0.042271 0.836018
vt 0.044659 0.842723
vt 0.043598 0.842723
vt 0.034660 0.853238
vt 0.023271 0.855463
vt 0.030713 0.852988
vt 0.026833 0.853746
vt 0.039569 0.863901
vt 0.038128 0.862023
vt 0.036251 0.860582
vt 0.034064 0.859677
vt 0.038414 0.854479
vt 0.021755 0.856588
vt 0.031718 0.859368
vt 0.034064 0.877191
vt 0.031718 0.877499
vt 0.029371 0.877191
vt 0.027185 0.876285
vt 0.029371 0.859677
vt 0.027185 0.860582
vt 0.020260 0.858027
vt 0.025307 0.862023
vt 0.017997 0.861269
vt 0.023866 0.863901
vt 0.016630 0.864979
vt 0.022961 0.866087
vt 0.016247 0.868915
vt 0.022652 0.868434
vt 0.016874 0.872819
vt 0.022961 0.870780
vt 0.018469 0.876437
vt 0.023866 0.872967
vt 0.025307 0.874844
vt 0.036251 0.876285
vt 0.038128 0.874844
vt 0.039569 0.872967
vt 0.040475 0.870780
vt 0.040784 0.868434
vt 0.040475 0.866087
vt 0.031676 0.883912
vt 0.035599 0.883417
vt 0.047186 0.868999
vt 0.046538 0.872900
vt 0.044923 0.876509
vt 0.070041 0.864163
vt 0.069776 0.863523
vt 0.069355 0.862974
vt 0.068805 0.862552
vt 0.068165 0.862287
vt 0.061287 0.865360
vt 0.049202 0.858383
vt 0.066152 0.862552
vt 0.051801 0.856684
vt 0.066792 0.862287
vt 0.067478 0.862196
vt 0.070132 0.864850
vt 0.070132 0.869257
vt 0.070773 0.873680
vt 0.071193 0.873680
vt 0.083288 0.879320
vt 0.098050 0.858174
vt 0.098581 0.857255
vt 0.101199 0.879017
vt 0.083288 0.863617
vt 0.081411 0.865058
vt 0.092354 0.879320
vt 0.094232 0.877879
vt 0.095673 0.876002
vt 0.096578 0.873815
vt 0.087821 0.862403
vt 0.085475 0.862712
vt 0.094220 0.855963
vt 0.079970 0.866936
vt 0.079064 0.869122
vt 0.078755 0.871469
vt 0.079064 0.873815
vt 0.079970 0.876002
vt 0.081411 0.877879
vt 0.096887 0.871469
vt 0.096578 0.869122
vt 0.095673 0.866936
vt 0.094232 0.865058
vt 0.092354 0.863617
vt 0.090168 0.862712
vt 0.070773 0.879017
vt 0.070773 0.882052
vt 0.070132 0.879017
vt 0.070132 0.881682
vt 0.094751 0.887894
vt 0.087821 0.891895
vt 0.094220 0.886975
vt 0.087821 0.880534
vt 0.085475 0.880226
vt 0.070132 0.873680
vt 0.090168 0.880226
vt 0.098050 0.884763
vt 0.098581 0.885683
vt 0.105511 0.881682
vt 0.105511 0.879017
vt 0.105511 0.861256
vt 0.098050 0.831695
vt 0.094220 0.833906
vt 0.070773 0.827569
vt 0.077915 0.842723
vt 0.077915 0.847146
vt 0.080943 0.835753
vt 0.080303 0.836018
vt 0.079754 0.836439
vt 0.079332 0.836989
vt 0.078977 0.842723
vt 0.078977 0.838316
vt 0.079067 0.837629
vt 0.081630 0.854207
vt 0.094751 0.834825
vt 0.087821 0.838826
vt 0.079754 0.853430
vt 0.079332 0.852880
vt 0.079067 0.852240
vt 0.080303 0.853851
vt 0.080943 0.854116
vt 0.087821 0.851043
vt 0.094751 0.855044
vt 0.082957 0.853851
vt 0.082317 0.854116
vt 0.082957 0.836018
vt 0.082317 0.835753
vt 0.081630 0.835662
vt 0.078977 0.847146
vt 0.078977 0.851553
vt 0.098581 0.804186
vt 0.100042 0.805030
vt 0.098050 0.805106
vt 0.101199 0.805698
vt 0.101199 0.809231
vt 0.080303 0.782950
vt 0.079754 0.783371
vt 0.080943 0.782684
vt 0.077915 0.789655
vt 0.077915 0.794077
vt 0.070773 0.805030
vt 0.079332 0.783921
vt 0.079067 0.784561
vt 0.078977 0.785247
vt 0.079067 0.799172
vt 0.079332 0.799812
vt 0.079754 0.800361
vt 0.080303 0.800783
vt 0.081630 0.782594
vt 0.082317 0.782684
vt 0.078977 0.794077
vt 0.078977 0.798485
vt 0.094751 0.781757
vt 0.087821 0.785758
vt 0.082957 0.782950
vt 0.080943 0.801048
vt 0.081630 0.801138
vt 0.094220 0.802894
vt 0.087821 0.797974
vt 0.094751 0.801975
vt 0.082957 0.800783
vt 0.082317 0.801048
vt 0.101199 0.752630
vt 0.105511 0.755119
vt 0.105511 0.775545
vt 0.087821 0.744906
vt 0.094751 0.748907
vt 0.070773 0.754749
vt 0.094220 0.749826
vt 0.071193 0.763121
vt 0.101199 0.775916
vt 0.098050 0.752037
vt 0.098581 0.751118
vt 0.092354 0.773183
vt 0.094232 0.771743
vt 0.095673 0.769865
vt 0.079064 0.767679
vt 0.079970 0.769865
vt 0.070773 0.775916
vt 0.081411 0.771743
vt 0.083288 0.773183
vt 0.096578 0.767679
vt 0.096887 0.765332
vt 0.096578 0.762986
vt 0.095673 0.760799
vt 0.085475 0.774089
vt 0.087821 0.774398
vt 0.090168 0.774089
vt 0.078755 0.765332
vt 0.071193 0.767543
vt 0.079064 0.762986
vt 0.079970 0.760799
vt 0.094232 0.758922
vt 0.092354 0.757481
vt 0.090168 0.756575
vt 0.087821 0.756266
vt 0.085475 0.756575
vt 0.083288 0.757481
vt 0.081411 0.758922
vt 0.070773 0.763121
vt 0.070132 0.763121
vt 0.070132 0.755119
vt 0.068805 0.774249
vt 0.069355 0.773827
vt 0.069776 0.773278
vt 0.070041 0.772638
vt 0.070132 0.771951
vt 0.070773 0.767543
vt 0.070132 0.767543
vt 0.049202 0.778417
vt 0.061287 0.771440
vt 0.066152 0.774249
vt 0.066792 0.774514
vt 0.067478 0.774604
vt 0.068165 0.774514
vt 0.098581 0.779546
vt 0.042301 0.780117
vt 0.042301 0.775916
vt 0.047600 0.780117
vt 0.045477 0.775457
vt 0.042446 0.757210
vt 0.044923 0.760292
vt 0.046538 0.763901
vt 0.047186 0.767802
vt 0.046824 0.771739
vt 0.038128 0.774778
vt 0.039569 0.772900
vt 0.040475 0.766021
vt 0.040784 0.768367
vt 0.040475 0.770714
vt 0.023866 0.772900
vt 0.017997 0.775531
vt 0.022961 0.770714
vt 0.016630 0.771821
vt 0.022652 0.768367
vt 0.016247 0.767886
vt 0.022961 0.766021
vt 0.016874 0.763982
vt 0.023866 0.763834
vt 0.018469 0.760364
vt 0.025307 0.761957
vt 0.020929 0.757268
vt 0.027185 0.760516
vt 0.024094 0.754897
vt 0.029371 0.759610
vt 0.027755 0.753405
vt 0.031718 0.759301
vt 0.031676 0.752889
vt 0.034064 0.759610
vt 0.035599 0.753383
vt 0.036251 0.760516
vt 0.039269 0.754856
vt 0.038128 0.761957
vt 0.039569 0.763834
vt 0.025307 0.774778
vt 0.027185 0.776218
vt 0.020260 0.778774
vt 0.029371 0.777124
vt 0.031718 0.777433
vt 0.034064 0.777124
vt 0.036251 0.776218
vt 0.041731 0.780170
vt 0.038414 0.782322
vt 0.034660 0.783563
vt 0.030713 0.783813
vt 0.026833 0.783054
vt 0.023271 0.781337
vt 0.044659 0.789655
vt 0.044659 0.794077
vt 0.047600 0.805030
vt 0.042271 0.800783
vt 0.042820 0.800361
vt 0.043242 0.799812
vt 0.043598 0.794077
vt 0.043598 0.798485
vt 0.043507 0.799172
vt 0.043598 0.789655
vt 0.043598 0.781653
vt 0.042301 0.805030
vt 0.028354 0.802894
vt 0.040944 0.801138
vt 0.041631 0.801048
vt 0.027823 0.801975
vt 0.034753 0.797974
vt 0.039617 0.800783
vt 0.040257 0.801048
vt 0.015858 0.809244
vt 0.015557 0.808187
vt 0.030220 0.826252
vt 0.028342 0.824811
vt 0.026901 0.822933
vt 0.043510 0.816054
vt 0.042604 0.813868
vt 0.042301 0.809231
vt 0.041163 0.811990
vt 0.028342 0.811990
vt 0.030220 0.810549
vt 0.032406 0.809644
vt 0.032406 0.827157
vt 0.034753 0.827466
vt 0.037099 0.827157
vt 0.039286 0.826252
vt 0.039286 0.810549
vt 0.037099 0.809644
vt 0.034753 0.809335
vt 0.026901 0.813868
vt 0.025996 0.816054
vt 0.017063 0.818400
vt 0.025687 0.818400
vt 0.025996 0.820747
vt 0.070773 0.816189
vt 0.083288 0.810549
vt 0.071193 0.816189
vt 0.081411 0.811990
vt 0.078755 0.818400
vt 0.071193 0.820612
vt 0.079064 0.816054
vt 0.079970 0.813867
vt 0.087821 0.827466
vt 0.090168 0.827157
vt 0.101199 0.827569
vt 0.079064 0.820747
vt 0.079970 0.822933
vt 0.081411 0.824811
vt 0.083288 0.826252
vt 0.085475 0.827157
vt 0.090168 0.809643
vt 0.087821 0.809335
vt 0.098581 0.832614
vt 0.092354 0.826252
vt 0.094232 0.824811
vt 0.095673 0.822933
vt 0.085475 0.809643
vt 0.096578 0.820747
vt 0.096887 0.818400
vt 0.096578 0.816054
vt 0.095673 0.813867
vt 0.094232 0.811990
vt 0.092354 0.810549
vt 0.069776 0.826346
vt 0.070041 0.825706
vt 0.070132 0.825019
vt 0.070773 0.820612
vt 0.070132 0.820612
vt 0.052221 0.844935
vt 0.052530 0.847281
vt 0.068165 0.827582
vt 0.068805 0.827317
vt 0.069355 0.826895
vt 0.053436 0.849467
vt 0.054876 0.851345
vt 0.056754 0.852786
vt 0.065820 0.852786
vt 0.067698 0.851345
vt 0.069138 0.849467
vt 0.061287 0.835869
vt 0.058941 0.836178
vt 0.055815 0.827573
vt 0.058941 0.853691
vt 0.061287 0.854000
vt 0.063633 0.853691
vt 0.070044 0.847281
vt 0.070353 0.844935
vt 0.070044 0.842588
vt 0.069138 0.840402
vt 0.067478 0.827673
vt 0.065820 0.837083
vt 0.067698 0.838524
vt 0.056754 0.837083
vt 0.054876 0.838524
vt 0.053436 0.840402
vt 0.052530 0.842588
vt 0.063633 0.836178
vt 0.066759 0.827573
vt 0.066792 0.827582
vt 0.055782 0.827582
vt 0.055096 0.827673
vt 0.061287 0.824509
vt 0.066152 0.827317
vt 0.056422 0.827317
vt 0.052533 0.825706
vt 0.052798 0.826346
vt 0.052442 0.825019
vt 0.053219 0.826895
vt 0.053769 0.827317
vt 0.054409 0.827582
vt 0.052442 0.820612
vt 0.051801 0.820612
vt 0.051381 0.820612
vt 0.051381 0.816189
vt 0.053219 0.809905
vt 0.052798 0.810455
vt 0.051801 0.809231
vt 0.052533 0.811095
vt 0.052442 0.811782
vt 0.067478 0.809128
vt 0.066792 0.809219
vt 0.055782 0.809219
vt 0.055096 0.809128
vt 0.051801 0.805030
vt 0.054409 0.809219
vt 0.053769 0.809484
vt 0.070132 0.811782
vt 0.070041 0.811095
vt 0.069776 0.810455
vt 0.069355 0.809905
vt 0.070132 0.816189
vt 0.051801 0.816189
vt 0.047600 0.809231
vt 0.043819 0.818400
vt 0.041163 0.824811
vt 0.042604 0.822933
vt 0.043510 0.820747
vt 0.053436 0.796399
vt 0.054876 0.798277
vt 0.052530 0.794213
vt 0.063633 0.800623
vt 0.065820 0.799717
vt 0.070353 0.791866
vt 0.070044 0.789520
vt 0.056754 0.799717
vt 0.058941 0.800623
vt 0.061287 0.800932
vt 0.061287 0.812292
vt 0.056422 0.809484
vt 0.066152 0.809484
vt 0.067698 0.798277
vt 0.069138 0.796399
vt 0.070044 0.794213
vt 0.078977 0.789655
vt 0.069138 0.787333
vt 0.067698 0.785456
vt 0.065820 0.784015
vt 0.063633 0.783109
vt 0.061287 0.782800
vt 0.058941 0.783109
vt 0.056754 0.784015
vt 0.054876 0.785456
vt 0.053436 0.787333
vt 0.052442 0.816189
vt 0.105511 0.808187
vt 0.105511 0.809231
vt 0.105511 0.827569
vt 0.105511 0.828613
vt 0.045477 0.861344
vt 0.046824 0.865062
vt 0.679767 0.876953
vt 0.682446 0.869496
vt 0.062366 0.579352
vt 0.075632 0.579352
vt 0.062451 0.586665
vt 0.075717 0.586665
vt 0.692990 0.884245
vt 0.679723 0.884245
vt 0.693034 0.876952
vt 0.075632 0.543973
vt 0.062366 0.543973
vt 0.072930 0.551458
vt 0.062313 0.552515
vt 0.072925 0.552515
vt 0.062295 0.561675
vt 0.072907 0.561675
vt 0.062313 0.570828
vt 0.072925 0.570829
vt 0.072930 0.571884
vt 0.075717 0.536632
vt 0.062451 0.536631
vt 0.446671 0.862514
vt 0.459938 0.862515
vt 0.446714 0.869821
vt 0.459981 0.869822
vt 0.446714 0.905200
vt 0.459981 0.905200
vt 0.449393 0.897712
vt 0.460008 0.896655
vt 0.449395 0.896655
vt 0.460017 0.887494
vt 0.449404 0.887493
vt 0.460008 0.878341
vt 0.449395 0.878341
vt 0.449393 0.877286
vt 0.446671 0.912548
vt 0.459938 0.912548
vt 0.709509 0.834212
vt 0.722773 0.834212
vt 0.709379 0.841536
vt 0.722642 0.841536
vt 0.709379 0.876915
vt 0.722642 0.876915
vt 0.711956 0.869436
vt 0.722560 0.868380
vt 0.711949 0.868380
vt 0.722532 0.859222
vt 0.711921 0.859222
vt 0.722560 0.850066
vt 0.711949 0.850066
vt 0.711956 0.849010
vt 0.709509 0.884246
vt 0.722773 0.884246
vt 0.679723 0.834213
vt 0.692990 0.834212
vt 0.679767 0.841574
vt 0.693034 0.841574
vt 0.693062 0.868441
vt 0.682449 0.868441
vt 0.693072 0.859292
vt 0.682458 0.859292
vt 0.693062 0.850128
vt 0.682449 0.850128
vt 0.682446 0.849070
vt 0.970051 0.562942
vt 0.970051 0.589475
vt 0.968221 0.562944
vt 0.968221 0.589477
vt 0.966517 0.562949
vt 0.966517 0.589483
vt 0.965055 0.562958
vt 0.965055 0.589491
vt 0.358211 0.908221
vt 0.358211 0.934752
vt 0.356743 0.908204
vt 0.356743 0.934735
vt 0.355035 0.908193
vt 0.355035 0.934725
vt 0.353203 0.908190
vt 0.353203 0.934721
vt 0.351372 0.908194
vt 0.351372 0.934725
vt 0.349667 0.908204
vt 0.349667 0.934736
vt 0.348205 0.908221
vt 0.348205 0.934753
vt 0.964092 0.397682
vt 0.964092 0.371148
vt 0.965551 0.397691
vt 0.965551 0.371157
vt 0.967253 0.397696
vt 0.967253 0.371163
vt 0.969083 0.397698
vt 0.969083 0.371165
vt 0.970916 0.397697
vt 0.970916 0.371163
vt 0.972627 0.397691
vt 0.972627 0.371158
vt 0.974099 0.397682
vt 0.974099 0.371149
vt 0.478158 0.794506
vt 0.478158 0.821033
vt 0.476692 0.794532
vt 0.476692 0.821059
vt 0.474985 0.794549
vt 0.474985 0.821076
vt 0.473153 0.794554
vt 0.473153 0.821081
vt 0.471322 0.794549
vt 0.471322 0.821076
vt 0.469616 0.794532
vt 0.469616 0.821059
vt 0.468151 0.794506
vt 0.468151 0.821033
vt 0.975062 0.562958
vt 0.975062 0.589491
vt 0.973592 0.562949
vt 0.973592 0.589483
vt 0.971883 0.562944
vt 0.971883 0.589477
vt 0.969102 0.176840
vt 0.969102 0.203374
vt 0.967271 0.176842
vt 0.967271 0.203376
vt 0.965567 0.176847
vt 0.965567 0.203381
vt 0.964106 0.176856
vt 0.964106 0.203390
vt 0.053070 0.925450
vt 0.053070 0.951981
vt 0.051601 0.925433
vt 0.051601 0.951964
vt 0.049893 0.925422
vt 0.049893 0.951953
vt 0.048061 0.925419
vt 0.048061 0.951950
vt 0.046230 0.925422
vt 0.046230 0.951954
vt 0.044526 0.925433
vt 0.044526 0.951964
vt 0.043063 0.925450
vt 0.043063 0.951981
vt 0.964106 0.256473
vt 0.964106 0.229940
vt 0.965564 0.256482
vt 0.965564 0.229949
vt 0.967267 0.256488
vt 0.967267 0.229954
vt 0.969096 0.256490
vt 0.969096 0.229956
vt 0.970929 0.256488
vt 0.970929 0.229955
vt 0.972640 0.256483
vt 0.972640 0.229949
vt 0.974112 0.256474
vt 0.974112 0.229940
vt 0.478158 0.741356
vt 0.478158 0.767883
vt 0.476692 0.741382
vt 0.476692 0.767909
vt 0.474985 0.741398
vt 0.474985 0.767925
vt 0.473153 0.741404
vt 0.473153 0.767931
vt 0.471322 0.741398
vt 0.471322 0.767925
vt 0.469616 0.741382
vt 0.469616 0.767909
vt 0.468151 0.741355
vt 0.468151 0.767883
vt 0.974113 0.176856
vt 0.974113 0.203389
vt 0.972643 0.176847
vt 0.972643 0.203381
vt 0.970934 0.176842
vt 0.970934 0.203375
vt 0.969101 0.123741
vt 0.969101 0.150275
vt 0.967271 0.123743
vt 0.967271 0.150276
vt 0.965567 0.123748
vt 0.965567 0.150282
vt 0.964106 0.123757
vt 0.964106 0.150291
vt 0.358211 0.934784
vt 0.358211 0.961315
vt 0.356743 0.934767
vt 0.356743 0.961298
vt 0.355035 0.934756
vt 0.355035 0.961287
vt 0.353203 0.934752
vt 0.353203 0.961284
vt 0.351372 0.934756
vt 0.351372 0.961287
vt 0.349667 0.934767
vt 0.349667 0.961298
vt 0.348205 0.934784
vt 0.348205 0.961315
vt 0.964106 0.106079
vt 0.964106 0.079546
vt 0.965564 0.106088
vt 0.965564 0.079555
vt 0.967267 0.106094
vt 0.967267 0.079561
vt 0.969096 0.106096
vt 0.969096 0.079563
vt 0.970929 0.106094
vt 0.970929 0.079561
vt 0.972640 0.106089
vt 0.972640 0.079555
vt 0.974112 0.106080
vt 0.974112 0.079546
vt 0.478158 0.714780
vt 0.478158 0.741307
vt 0.476692 0.714806
vt 0.476692 0.741333
vt 0.474985 0.714823
vt 0.474985 0.741350
vt 0.473153 0.714828
vt 0.473153 0.741355
vt 0.471322 0.714823
vt 0.471322 0.741350
vt 0.469616 0.714806
vt 0.469616 0.741333
vt 0.468151 0.714780
vt 0.468151 0.741307
vt 0.974112 0.123757
vt 0.974112 0.150290
vt 0.972643 0.123748
vt 0.972643 0.150282
vt 0.970934 0.123743
vt 0.970934 0.150276
vt 0.969102 0.150291
vt 0.969102 0.176824
vt 0.967271 0.150293
vt 0.967271 0.176826
vt 0.965567 0.150298
vt 0.965567 0.176831
vt 0.964106 0.150307
vt 0.964106 0.176840
vt 0.478158 0.821113
vt 0.478158 0.847644
vt 0.476690 0.821096
vt 0.476690 0.847627
vt 0.474981 0.821085
vt 0.474981 0.847616
vt 0.473149 0.821081
vt 0.473149 0.847613
vt 0.471319 0.821085
vt 0.471319 0.847616
vt 0.469614 0.821096
vt 0.469614 0.847627
vt 0.468151 0.821113
vt 0.468151 0.847644
vt 0.964106 0.229923
vt 0.964106 0.203390
vt 0.965564 0.229932
vt 0.965564 0.203399
vt 0.967267 0.229938
vt 0.967267 0.203404
vt 0.969096 0.229940
vt 0.969096 0.203406
vt 0.970929 0.229938
vt 0.970929 0.203405
vt 0.972640 0.229932
vt 0.972640 0.203399
vt 0.974112 0.229924
vt 0.974112 0.203390
vt 0.478158 0.767931
vt 0.478158 0.794458
vt 0.476692 0.767957
vt 0.476692 0.794484
vt 0.474985 0.767973
vt 0.474985 0.794501
vt 0.473153 0.767979
vt 0.473153 0.794506
vt 0.471322 0.767973
vt 0.471322 0.794501
vt 0.469616 0.767957
vt 0.469616 0.794484
vt 0.468151 0.767931
vt 0.468151 0.794458
vt 0.974112 0.150306
vt 0.974112 0.176840
vt 0.972643 0.150298
vt 0.972643 0.176831
vt 0.970934 0.150292
vt 0.970934 0.176826
vt 0.818180 0.273060
vt 0.824093 0.270605
vt 0.818791 0.275346
vt 0.825137 0.274508
vt 0.818791 0.277712
vt 0.825137 0.278548
vt 0.818180 0.279999
vt 0.824093 0.282452
vt 0.816999 0.282048
vt 0.822076 0.285951
vt 0.815329 0.283722
vt 0.819225 0.288809
vt 0.813283 0.284906
vt 0.815732 0.290830
vt 0.811001 0.285519
vt 0.811837 0.291876
vt 0.808639 0.285519
vt 0.807804 0.291877
vt 0.806357 0.284907
vt 0.803908 0.290832
vt 0.804312 0.283724
vt 0.800416 0.288812
vt 0.802642 0.282051
vt 0.797564 0.285955
vt 0.801460 0.280001
vt 0.795547 0.282456
vt 0.800849 0.277715
vt 0.794504 0.278553
vt 0.800849 0.275349
vt 0.794504 0.274513
vt 0.801460 0.273063
vt 0.795547 0.270610
vt 0.802642 0.271013
vt 0.797564 0.267110
vt 0.804312 0.269339
vt 0.800416 0.264252
vt 0.806357 0.268155
vt 0.803908 0.262231
vt 0.808639 0.267542
vt 0.807804 0.261185
vt 0.811001 0.267542
vt 0.811837 0.261184
vt 0.813283 0.268154
vt 0.815732 0.262230
vt 0.815329 0.269337
vt 0.819225 0.264249
vt 0.816999 0.271010
vt 0.822076 0.267106
vt 0.090278 0.589723
vt 0.087585 0.590829
vt 0.094660 0.597905
vt 0.095799 0.595245
vt 0.652615 0.590774
vt 0.652641 0.597904
vt 0.650846 0.590774
vt 0.632422 0.597904
vt 0.481053 0.597904
vt 0.481028 0.590774
vt 0.501272 0.597904
vt 0.482797 0.590774
vt 0.549757 0.597904
vt 0.583937 0.597904
vt 0.470278 0.595266
vt 0.475798 0.589744
vt 0.471315 0.597918
vt 0.478389 0.590842
vt 0.481052 0.648657
vt 0.478390 0.598983
vt 0.478389 0.648636
vt 0.420636 0.595267
vt 0.412524 0.595266
vt 0.420636 0.573155
vt 0.412524 0.573155
vt 0.479136 0.656733
vt 0.481754 0.656268
vt 0.490631 0.718461
vt 0.493249 0.717996
vt 0.314739 0.584643
vt 0.314739 0.573144
vt 0.350543 0.584646
vt 0.350543 0.595260
vt 0.720069 0.927421
vt 0.709455 0.927421
vt 0.709455 0.925394
vt 0.720069 0.925394
vt 0.709455 0.923473
vt 0.720069 0.923473
vt 0.709455 0.921761
vt 0.720069 0.921761
vt 0.345291 0.584644
vt 0.346799 0.584645
vt 0.345291 0.595258
vt 0.346799 0.595259
vt 0.348581 0.584646
vt 0.348581 0.595260
vt 0.722722 0.927411
vt 0.722722 0.925993
vt 0.497300 0.725451
vt 0.495382 0.724758
vt 0.497918 0.722889
vt 0.496575 0.722404
vt 0.493674 0.723645
vt 0.495379 0.721624
vt 0.492266 0.722169
vt 0.494394 0.720591
vt 0.491233 0.720410
vt 0.493671 0.719360
vt 0.722722 0.941851
vt 0.720069 0.941860
vt 0.722722 0.929344
vt 0.709455 0.941860
vt 0.709455 0.945325
vt 0.972100 0.045279
vt 0.972063 0.041279
vt 0.982655 0.041089
vt 0.982691 0.044549
vt 0.982674 0.048085
vt 0.972082 0.048275
vt 0.961298 0.283106
vt 0.961296 0.280361
vt 0.971910 0.280362
vt 0.971911 0.282381
vt 0.971975 0.052178
vt 0.972007 0.051387
vt 0.982599 0.051197
vt 0.972070 0.048997
vt 0.961295 0.277070
vt 0.961295 0.273429
vt 0.971908 0.273429
vt 0.971909 0.275537
vt 0.971909 0.277070
vt 0.971910 0.279233
vt 0.961295 0.265970
vt 0.971909 0.267527
vt 0.961295 0.269654
vt 0.971908 0.269654
vt 0.971908 0.271544
vt 0.961296 0.262597
vt 0.971910 0.263759
vt 0.971909 0.265970
vt 0.961298 0.259734
vt 0.971911 0.260497
vt 0.971910 0.262597
vt 0.720069 0.945868
vt 0.720069 0.948880
vt 0.709455 0.948880
vt 0.720069 0.949606
vt 0.709455 0.952019
vt 0.720069 0.952019
vt 0.720069 0.952821
vt 0.513774 0.759316
vt 0.513765 0.756642
vt 0.518467 0.758698
vt 0.517771 0.756115
vt 0.522840 0.756887
vt 0.520778 0.754962
vt 0.521504 0.754569
vt 0.526595 0.754005
vt 0.523911 0.752853
vt 0.524710 0.752109
vt 0.529477 0.750250
vt 0.526439 0.750049
vt 0.527169 0.748903
vt 0.531288 0.745877
vt 0.528213 0.746716
vt 0.528716 0.745170
vt 0.531906 0.741185
vt 0.974560 0.271606
vt 0.555514 0.261184
vt 0.554011 0.260035
vt 0.555514 0.257836
vt 0.552380 0.259078
vt 0.549088 0.257394
vt 0.552380 0.257394
vt 0.551877 0.261184
vt 0.529128 0.739277
vt 0.528716 0.737158
vt 0.531289 0.736492
vt 0.528214 0.735613
vt 0.529477 0.732119
vt 0.527170 0.733425
vt 0.526440 0.732280
vt 0.526596 0.728364
vt 0.524710 0.730220
vt 0.523911 0.729475
vt 0.522841 0.725483
vt 0.722722 0.946546
vt 0.517772 0.726214
vt 0.518468 0.723671
vt 0.520779 0.727367
vt 0.521505 0.727760
vt 0.509898 0.756642
vt 0.509907 0.759316
vt 0.982589 0.037223
vt 0.971996 0.037413
vt 0.971975 0.035255
vt 0.982568 0.035065
vt 0.971988 0.033233
vt 0.982581 0.033043
vt 0.972035 0.031470
vt 0.982627 0.031280
vt 0.309747 0.595252
vt 0.308125 0.595253
vt 0.309747 0.584638
vt 0.308125 0.584639
vt 0.306197 0.595254
vt 0.306197 0.584640
vt 0.304080 0.595254
vt 0.304080 0.584640
vt 0.301903 0.595254
vt 0.301903 0.584640
vt 0.299797 0.595254
vt 0.299797 0.584640
vt 0.504214 0.767939
vt 0.501764 0.768961
vt 0.501162 0.766869
vt 0.503792 0.766475
vt 0.302256 0.597906
vt 0.303780 0.597906
vt 0.501089 0.764693
vt 0.501550 0.762565
vt 0.503741 0.764951
vt 0.504064 0.763462
vt 0.502517 0.760614
vt 0.504741 0.762096
vt 0.503931 0.758958
vt 0.505731 0.760937
vt 0.505707 0.757698
vt 0.506974 0.760055
vt 0.507737 0.756910
vt 0.508395 0.759504
vt 0.540086 0.803812
vt 0.539034 0.806232
vt 0.525128 0.798325
vt 0.526702 0.796201
vt 0.512187 0.786115
vt 0.514246 0.784449
vt 0.502702 0.771062
vt 0.505117 0.769961
vt 0.969888 0.621651
vt 0.979617 0.621644
vt 0.979618 0.623801
vt 0.969889 0.623807
vt 0.979617 0.625819
vt 0.969888 0.625825
vt 0.979615 0.627575
vt 0.969886 0.627582
vt 0.017330 0.541206
vt 0.017330 0.542857
vt 0.007601 0.541206
vt 0.007601 0.542857
vt 0.017330 0.544804
vt 0.007601 0.544804
vt 0.017330 0.546931
vt 0.007601 0.546931
vt 0.017330 0.549107
vt 0.007601 0.549107
vt 0.017330 0.551202
vt 0.007601 0.551202
vt 0.967228 0.621613
vt 0.967229 0.623122
vt 0.551085 0.800259
vt 0.550297 0.802289
vt 0.548522 0.799631
vt 0.547971 0.801052
vt 0.549038 0.804065
vt 0.547089 0.802295
vt 0.547382 0.805479
vt 0.545930 0.803285
vt 0.545431 0.806446
vt 0.544564 0.803962
vt 0.543303 0.806907
vt 0.543074 0.804285
vt 0.004948 0.547178
vt 0.004948 0.548702
vt 0.541126 0.806834
vt 0.541551 0.804234
vt 0.967226 0.617746
vt 0.969886 0.617784
vt 0.979615 0.617778
vt 0.348206 0.971202
vt 0.348205 0.967336
vt 0.357935 0.971200
vt 0.357934 0.967334
vt 0.348206 0.975219
vt 0.979614 0.614320
vt 0.357935 0.974672
vt 0.357935 0.978251
vt 0.348206 0.978253
vt 0.357934 0.981431
vt 0.348205 0.981433
vt 0.348206 0.978987
vt 0.681152 0.969419
vt 0.681152 0.966080
vt 0.690881 0.966080
vt 0.690881 0.968271
vt 0.690881 0.969419
vt 0.681152 0.972232
vt 0.690882 0.971485
vt 0.348205 0.982249
vt 0.681152 0.958637
vt 0.690881 0.960524
vt 0.681152 0.962413
vt 0.690881 0.962413
vt 0.690881 0.964532
vt 0.681152 0.954976
vt 0.690881 0.956520
vt 0.690881 0.958637
vt 0.681152 0.951649
vt 0.690881 0.952793
vt 0.690881 0.954976
vt 0.681152 0.948854
vt 0.690882 0.949596
vt 0.690881 0.951649
vt 0.969885 0.613787
vt 0.969886 0.610797
vt 0.979615 0.610790
vt 0.969886 0.610077
vt 0.979618 0.607690
vt 0.969889 0.607697
vt 0.969890 0.606909
vt 0.584973 0.794252
vt 0.582310 0.794231
vt 0.584355 0.789559
vt 0.581783 0.790225
vt 0.582544 0.785186
vt 0.580630 0.787218
vt 0.580237 0.786493
vt 0.579663 0.781431
vt 0.578521 0.784086
vt 0.577777 0.783287
vt 0.575908 0.778550
vt 0.575717 0.781558
vt 0.574571 0.780827
vt 0.571535 0.776738
vt 0.693535 0.965210
vt 0.558214 0.261166
vt 0.556860 0.260267
vt 0.558214 0.258005
vt 0.693535 0.960515
vt 0.693535 0.955825
vt 0.564944 0.778869
vt 0.562826 0.779281
vt 0.562149 0.776738
vt 0.561281 0.779783
vt 0.557776 0.778550
vt 0.559093 0.780827
vt 0.557947 0.781558
vt 0.554021 0.781431
vt 0.555887 0.783287
vt 0.555143 0.784086
vt 0.551139 0.785186
vt 0.967224 0.613063
vt 0.551881 0.790225
vt 0.549328 0.789559
vt 0.553034 0.787218
vt 0.553428 0.786492
vt 0.582310 0.798098
vt 0.584973 0.798119
vt 0.153534 0.595249
vt 0.145449 0.595247
vt 0.153534 0.573137
vt 0.145449 0.573135
vt 0.145409 0.597907
vt 0.153009 0.597909
vt 0.640438 0.717996
vt 0.651936 0.656268
vt 0.643037 0.718461
vt 0.654535 0.656733
vt 0.250638 0.573187
vt 0.250638 0.584685
vt 0.215083 0.584667
vt 0.215083 0.595281
vt 0.681072 0.927416
vt 0.670458 0.927416
vt 0.670458 0.925391
vt 0.681072 0.925391
vt 0.670458 0.923475
vt 0.681072 0.923475
vt 0.670458 0.921770
vt 0.681072 0.921770
vt 0.220220 0.595289
vt 0.218766 0.595285
vt 0.220220 0.584675
vt 0.218766 0.584671
vt 0.217023 0.595282
vt 0.217023 0.584668
vt 0.642435 0.720410
vt 0.640016 0.719360
vt 0.641402 0.722169
vt 0.639293 0.720591
vt 0.639994 0.723645
vt 0.638308 0.721624
vt 0.638286 0.724758
vt 0.637112 0.722404
vt 0.636367 0.725451
vt 0.635769 0.722889
vt 0.667805 0.926008
vt 0.667805 0.927425
vt 0.670458 0.941855
vt 0.667805 0.941864
vt 0.667805 0.929357
vt 0.681072 0.941855
vt 0.000132 0.968962
vt 0.000168 0.965494
vt 0.010761 0.965669
vt 0.670458 0.945859
vt 0.681072 0.945318
vt 0.681072 0.948863
vt 0.670458 0.948863
vt 0.681072 0.951988
vt 0.670458 0.951988
vt 0.670458 0.949587
vt 0.971984 0.008196
vt 0.971980 0.011502
vt 0.961366 0.011502
vt 0.961369 0.009331
vt 0.961371 0.008196
vt 0.971991 0.005430
vt 0.961375 0.006163
vt 0.670458 0.952784
vt 0.971978 0.018927
vt 0.961364 0.017038
vt 0.971978 0.015151
vt 0.961364 0.015152
vt 0.961365 0.013040
vt 0.971980 0.022604
vt 0.961365 0.021051
vt 0.961364 0.018927
vt 0.971984 0.025964
vt 0.961369 0.024807
vt 0.961366 0.022604
vt 0.971991 0.028806
vt 0.961375 0.028050
vt 0.961371 0.025964
vt 0.010724 0.969680
vt 0.010742 0.972701
vt 0.000150 0.972526
vt 0.010754 0.973431
vt 0.000224 0.975682
vt 0.010816 0.975857
vt 0.010848 0.976665
vt 0.667805 0.946555
vt 0.615219 0.723671
vt 0.615896 0.726214
vt 0.610846 0.725483
vt 0.612888 0.727367
vt 0.612163 0.727760
vt 0.607091 0.728364
vt 0.609756 0.729475
vt 0.608957 0.730220
vt 0.604209 0.732119
vt 0.607228 0.732280
vt 0.606497 0.733425
vt 0.602398 0.736492
vt 0.958705 0.012315
vt 0.556860 0.261184
vt 0.555514 0.260274
vt 0.556860 0.258005
vt 0.958703 0.016998
vt 0.958705 0.021700
vt 0.604539 0.743052
vt 0.604951 0.745170
vt 0.602397 0.745877
vt 0.605453 0.746716
vt 0.604208 0.750250
vt 0.606497 0.748903
vt 0.607227 0.750049
vt 0.607090 0.754005
vt 0.608957 0.752109
vt 0.609755 0.752853
vt 0.610845 0.756887
vt 0.619901 0.756642
vt 0.619911 0.759316
vt 0.615895 0.756115
vt 0.615218 0.758698
vt 0.612888 0.754962
vt 0.612162 0.754569
vt 0.623778 0.759316
vt 0.623768 0.756642
vt 0.000234 0.961628
vt 0.010827 0.961803
vt 0.000255 0.959464
vt 0.010848 0.959639
vt 0.000242 0.957425
vt 0.010835 0.957601
vt 0.000196 0.955635
vt 0.010789 0.955810
vt 0.255376 0.584702
vt 0.257053 0.584699
vt 0.255376 0.595316
vt 0.257053 0.595312
vt 0.259018 0.584696
vt 0.259018 0.595310
vt 0.261153 0.584695
vt 0.261153 0.595309
vt 0.263328 0.584696
vt 0.263328 0.595309
vt 0.265411 0.584697
vt 0.265411 0.595311
vt 0.625929 0.756910
vt 0.625290 0.759504
vt 0.627959 0.757698
vt 0.626711 0.760055
vt 0.629735 0.758958
vt 0.627954 0.760937
vt 0.631149 0.760614
vt 0.628944 0.762096
vt 0.632116 0.762565
vt 0.629621 0.763462
vt 0.632577 0.764693
vt 0.629944 0.764951
vt 0.261351 0.597969
vt 0.262874 0.597969
vt 0.632504 0.766869
vt 0.631901 0.768961
vt 0.629893 0.766475
vt 0.629471 0.767939
vt 0.630963 0.771062
vt 0.628568 0.769961
vt 0.621477 0.786115
vt 0.619437 0.784449
vt 0.608535 0.798325
vt 0.606981 0.796201
vt 0.594629 0.806232
vt 0.593596 0.803812
vt 0.592537 0.806834
vt 0.592132 0.804234
vt 0.007601 0.497697
vt 0.007601 0.499873
vt 0.004948 0.498121
vt 0.004948 0.499644
vt 0.590360 0.806907
vt 0.588232 0.806446
vt 0.590608 0.804285
vt 0.589119 0.803962
vt 0.586281 0.805479
vt 0.587753 0.803285
vt 0.584626 0.804065
vt 0.586594 0.802295
vt 0.583366 0.802289
vt 0.585712 0.801052
vt 0.582578 0.800259
vt 0.585161 0.799631
vt 0.348205 0.965169
vt 0.357934 0.965168
vt 0.348205 0.963122
vt 0.357934 0.963120
vt 0.348205 0.961317
vt 0.357935 0.961315
vt 0.007601 0.505618
vt 0.007601 0.503957
vt 0.017330 0.505618
vt 0.017330 0.503957
vt 0.007601 0.502003
vt 0.017330 0.502003
vt 0.017330 0.499873
vt 0.017330 0.497697
vt 0.007601 0.495607
vt 0.017330 0.495607
vt 0.297675 0.595253
vt 0.007601 0.481728
vt 0.017330 0.497276
vt 0.029713 0.481728
vt 0.029713 0.549528
vt 0.017330 0.532283
vt 0.029713 0.532283
vt 0.017330 0.514490
vt 0.029713 0.514490
vt 0.029713 0.497276
vt 0.029713 0.565136
vt 0.017330 0.549528
vt 0.297675 0.573141
vt 0.267498 0.595313
vt 0.007602 0.468830
vt 0.029714 0.468830
vt 0.282405 0.595338
vt 0.282405 0.573226
vt 0.267498 0.573202
vt 0.255605 0.573190
vt 0.282405 0.595247
vt 0.282405 0.573135
vt 0.007602 0.578119
vt 0.007601 0.565136
vt 0.029714 0.578119
vt 0.042309 0.556578
vt 0.038785 0.547895
vt 0.040815 0.548683
vt 0.029715 0.555533
vt 0.034167 0.540900
vt 0.034628 0.543028
vt 0.037777 0.564429
vt 0.038086 0.566776
vt 0.029715 0.573325
vt 0.038991 0.568962
vt 0.040432 0.570840
vt 0.034842 0.592227
vt 0.034153 0.590555
vt 0.034240 0.590134
vt 0.044496 0.555672
vt 0.042975 0.548951
vt 0.046842 0.555364
vt 0.046842 0.548951
vt 0.049189 0.555673
vt 0.050306 0.549344
vt 0.051375 0.556578
vt 0.053856 0.550632
vt 0.053253 0.558019
vt 0.056988 0.552740
vt 0.054693 0.559897
vt 0.059516 0.555545
vt 0.055599 0.562083
vt 0.061290 0.558878
vt 0.055908 0.564430
vt 0.034240 0.538724
vt 0.034153 0.538303
vt 0.034842 0.536631
vt 0.038086 0.562083
vt 0.038991 0.559896
vt 0.040432 0.558019
vt 0.035595 0.544979
vt 0.037009 0.546635
vt 0.038785 0.580963
vt 0.037009 0.582223
vt 0.042309 0.572280
vt 0.035595 0.583879
vt 0.034628 0.585830
vt 0.034167 0.587958
vt 0.062205 0.562542
vt 0.062205 0.566318
vt 0.055599 0.566776
vt 0.061290 0.569981
vt 0.054693 0.568963
vt 0.059516 0.573314
vt 0.053253 0.570840
vt 0.056988 0.576119
vt 0.051375 0.572281
vt 0.053856 0.578228
vt 0.049189 0.573186
vt 0.050306 0.579515
vt 0.046842 0.573495
vt 0.046842 0.579908
vt 0.044496 0.573186
vt 0.042975 0.579907
vt 0.040815 0.580175
vt 0.978724 0.712725
vt 0.991107 0.712725
vt 0.978724 0.715078
vt 0.991107 0.715078
vt 0.978724 0.717285
vt 0.991106 0.717285
vt 0.978723 0.719195
vt 0.991105 0.719195
vt 0.959072 0.977461
vt 0.971454 0.977461
vt 0.959072 0.979344
vt 0.971454 0.979344
vt 0.959072 0.981534
vt 0.971454 0.981534
vt 0.959072 0.983881
vt 0.971454 0.983881
vt 0.959072 0.986227
vt 0.971454 0.986227
vt 0.959072 0.988410
vt 0.971454 0.988410
vt 0.959072 0.990282
vt 0.971454 0.990282
vt 0.977664 0.346732
vt 0.990047 0.346732
vt 0.977661 0.348588
vt 0.990043 0.348588
vt 0.977658 0.350761
vt 0.990041 0.350761
vt 0.977657 0.353102
vt 0.990040 0.353102
vt 0.977658 0.355453
vt 0.990041 0.355453
vt 0.977660 0.357653
vt 0.990043 0.357653
vt 0.977664 0.359552
vt 0.990046 0.359552
vt 0.967233 0.668829
vt 0.979592 0.668829
vt 0.967319 0.670722
vt 0.979679 0.670722
vt 0.967373 0.672918
vt 0.979733 0.672918
vt 0.967390 0.675268
vt 0.979750 0.675268
vt 0.967370 0.677611
vt 0.979729 0.677611
vt 0.967313 0.679787
vt 0.979673 0.679787
vt 0.967224 0.681650
vt 0.979584 0.681650
vt 0.978723 0.706378
vt 0.991105 0.706378
vt 0.978724 0.708221
vt 0.991106 0.708221
vt 0.978724 0.710386
vt 0.991107 0.710386
vt 0.898436 0.211937
vt 0.898437 0.231797
vt 0.894014 0.225543
vt 0.889593 0.256499
vt 0.880932 0.256499
vt 0.889592 0.225543
vt 0.880931 0.243232
vt 0.809988 0.181542
vt 0.812335 0.181233
vt 0.803578 0.178887
vt 0.805456 0.180327
vt 0.807642 0.181233
vt 0.845187 0.256499
vt 0.827865 0.256499
vt 0.845186 0.243232
vt 0.827864 0.243232
vt 0.865400 0.128166
vt 0.867586 0.127261
vt 0.897688 0.203840
vt 0.872119 0.119410
vt 0.879545 0.106454
vt 0.871810 0.121756
vt 0.814521 0.180327
vt 0.816399 0.178887
vt 0.817839 0.177009
vt 0.818745 0.174823
vt 0.819054 0.172476
vt 0.858521 0.127261
vt 0.860707 0.128166
vt 0.869464 0.125820
vt 0.870904 0.123942
vt 0.871810 0.117063
vt 0.870904 0.114877
vt 0.878429 0.101470
vt 0.869463 0.112999
vt 0.867585 0.111558
vt 0.865399 0.110653
vt 0.863053 0.128475
vt 0.829590 0.101530
vt 0.856642 0.112999
vt 0.855202 0.114877
vt 0.863053 0.110344
vt 0.860706 0.110653
vt 0.858520 0.111558
vt 0.828749 0.138171
vt 0.832965 0.132676
vt 0.854296 0.121756
vt 0.835615 0.126277
vt 0.853987 0.119410
vt 0.836519 0.119410
vt 0.854296 0.117063
vt 0.835615 0.112542
vt 0.832964 0.106143
vt 0.823253 0.142388
vt 0.855202 0.123942
vt 0.856643 0.125820
vt 0.801231 0.174823
vt 0.792192 0.243232
vt 0.800922 0.172476
vt 0.792107 0.139014
vt 0.801231 0.170130
vt 0.802137 0.167944
vt 0.871224 0.243232
vt 0.802137 0.177009
vt 0.809991 0.243232
vt 0.818745 0.170130
vt 0.817839 0.167944
vt 0.816398 0.166066
vt 0.814520 0.164625
vt 0.816854 0.145039
vt 0.812334 0.163720
vt 0.809987 0.145943
vt 0.809988 0.163411
vt 0.803119 0.145039
vt 0.807641 0.163720
vt 0.796720 0.142388
vt 0.805455 0.164625
vt 0.803577 0.166066
vt 0.812329 0.057586
vt 0.809982 0.057277
vt 0.818878 0.049215
vt 0.802131 0.061810
vt 0.801226 0.063996
vt 0.783857 0.053653
vt 0.801086 0.049215
vt 0.791222 0.100648
vt 0.803573 0.072753
vt 0.805450 0.074194
vt 0.836108 0.053653
vt 0.816393 0.059932
vt 0.814515 0.058492
vt 0.807636 0.057586
vt 0.805450 0.058492
vt 0.803572 0.059932
vt 0.818740 0.068689
vt 0.819049 0.066343
vt 0.851686 0.062249
vt 0.818740 0.063996
vt 0.817834 0.061810
vt 0.800917 0.066343
vt 0.801226 0.068689
vt 0.802132 0.070875
vt 0.814516 0.074194
vt 0.823251 0.096431
vt 0.812330 0.075099
vt 0.816852 0.093780
vt 0.809983 0.075408
vt 0.809984 0.092876
vt 0.807637 0.075099
vt 0.803117 0.093780
vt 0.796717 0.096431
vt 0.828747 0.100648
vt 0.864627 0.074460
vt 0.874114 0.089512
vt 0.817834 0.070875
vt 0.816394 0.072753
vt 0.745854 0.089512
vt 0.755339 0.074460
vt 0.768279 0.062249
vt 0.791224 0.138171
vt 0.764769 0.123942
vt 0.764769 0.114877
vt 0.763328 0.112999
vt 0.784355 0.112542
vt 0.765675 0.117063
vt 0.759264 0.110653
vt 0.756917 0.110344
vt 0.749066 0.114877
vt 0.748161 0.117063
vt 0.740424 0.106454
vt 0.747852 0.119410
vt 0.722291 0.203840
vt 0.748161 0.121756
vt 0.749067 0.123942
vt 0.750508 0.125820
vt 0.752385 0.127261
vt 0.754572 0.128166
vt 0.792119 0.243232
vt 0.730389 0.225543
vt 0.721544 0.211937
vt 0.725967 0.225543
vt 0.721545 0.231797
vt 0.761450 0.111558
vt 0.787006 0.106143
vt 0.754571 0.110653
vt 0.752385 0.111558
vt 0.750507 0.112999
vt 0.756918 0.128475
vt 0.759265 0.128166
vt 0.761451 0.127261
vt 0.763329 0.125820
vt 0.792120 0.256499
vt 0.774797 0.256499
vt 0.774796 0.243232
vt 0.748759 0.243232
vt 0.739051 0.243232
vt 0.730391 0.256499
vt 0.739052 0.256499
vt 0.765984 0.119410
vt 0.783452 0.119410
vt 0.765675 0.121756
vt 0.784356 0.126277
vt 0.787007 0.132676
vt 0.979618 0.621132
vt 0.991116 0.621132
vt 0.979619 0.623483
vt 0.991117 0.623483
vt 0.979621 0.625683
vt 0.991119 0.625683
vt 0.979625 0.627582
vt 0.991123 0.627582
vt 0.858772 0.971978
vt 0.870249 0.971978
vt 0.858859 0.973871
vt 0.870336 0.973871
vt 0.858913 0.976067
vt 0.870389 0.976067
vt 0.858930 0.978417
vt 0.870407 0.978417
vt 0.858910 0.980760
vt 0.870386 0.980760
vt 0.858853 0.982936
vt 0.870330 0.982936
vt 0.858764 0.984798
vt 0.870241 0.984798
vt 0.983280 0.800307
vt 0.994778 0.800307
vt 0.983281 0.802150
vt 0.994779 0.802150
vt 0.983282 0.804315
vt 0.994780 0.804315
vt 0.983282 0.806654
vt 0.994780 0.806654
vt 0.983282 0.809007
vt 0.994780 0.809007
vt 0.983281 0.811214
vt 0.994780 0.811214
vt 0.983280 0.813124
vt 0.994779 0.813124
vt 0.141798 0.981484
vt 0.130300 0.983367
vt 0.141798 0.983367
vt 0.130300 0.985556
vt 0.141798 0.985556
vt 0.130300 0.987904
vt 0.141798 0.987904
vt 0.130300 0.990249
vt 0.141798 0.990249
vt 0.130300 0.992433
vt 0.141798 0.992433
vt 0.130300 0.994305
vt 0.141798 0.994305
vt 0.979625 0.614762
vt 0.991123 0.614762
vt 0.979622 0.616618
vt 0.991120 0.616618
vt 0.979619 0.618791
vt 0.991117 0.618791
vt 0.379030 0.806920
vt 0.379030 0.892711
vt 0.372308 0.890365
vt 0.359019 0.884861
vt 0.357141 0.886302
vt 0.348073 0.806921
vt 0.355700 0.888179
vt 0.348073 0.892712
vt 0.371403 0.888179
vt 0.369962 0.886301
vt 0.368084 0.884861
vt 0.354795 0.890366
vt 0.354486 0.892712
vt 0.348601 0.896718
vt 0.354795 0.895059
vt 0.350147 0.900451
vt 0.355700 0.897245
vt 0.352607 0.903657
vt 0.357141 0.899122
vt 0.355812 0.906116
vt 0.359019 0.900563
vt 0.359545 0.907663
vt 0.361205 0.901469
vt 0.363551 0.908190
vt 0.363551 0.901778
vt 0.367558 0.907662
vt 0.365898 0.901469
vt 0.371291 0.906116
vt 0.368084 0.900563
vt 0.374496 0.903656
vt 0.369962 0.899122
vt 0.376956 0.900450
vt 0.371403 0.897245
vt 0.378502 0.896717
vt 0.372308 0.895058
vt 0.372617 0.892712
vt 0.365898 0.883955
vt 0.363551 0.883646
vt 0.361205 0.883955
vt 0.686466 0.540378
vt 0.686701 0.538352
vt 0.686701 0.574623
vt 0.685002 0.590037
vt 0.685211 0.587870
vt 0.677153 0.565611
vt 0.677027 0.563247
vt 0.685773 0.542296
vt 0.676294 0.560997
vt 0.675003 0.559014
vt 0.684659 0.544004
vt 0.683183 0.545412
vt 0.684884 0.585717
vt 0.684041 0.583709
vt 0.682733 0.581968
vt 0.681040 0.580600
vt 0.674008 0.571796
vt 0.675590 0.570036
vt 0.676663 0.567926
vt 0.681424 0.546445
vt 0.673243 0.557432
vt 0.679476 0.547047
vt 0.671133 0.556359
vt 0.665280 0.549691
vt 0.679063 0.579686
vt 0.676923 0.579283
vt 0.672024 0.573087
vt 0.674750 0.579416
vt 0.669774 0.573820
vt 0.670948 0.580124
vt 0.667411 0.573946
vt 0.667471 0.580372
vt 0.665096 0.573456
vt 0.663746 0.579756
vt 0.662986 0.572383
vt 0.660280 0.578257
vt 0.661226 0.570801
vt 0.657281 0.575963
vt 0.659935 0.568818
vt 0.654927 0.573011
vt 0.659202 0.566568
vt 0.653357 0.569577
vt 0.652666 0.565865
vt 0.659076 0.564204
vt 0.652894 0.562096
vt 0.659566 0.561889
vt 0.654028 0.558494
vt 0.660639 0.559779
vt 0.656000 0.555274
vt 0.662221 0.558019
vt 0.658693 0.552628
vt 0.664204 0.556729
vt 0.661947 0.550712
vt 0.666455 0.555995
vt 0.668818 0.555869
vt 0.697108 0.560997
vt 0.696375 0.563247
vt 0.687629 0.542296
vt 0.696249 0.565610
vt 0.686701 0.574623
vt 0.686936 0.540378
vt 0.686701 0.538352
vt 0.696739 0.567925
vt 0.697812 0.570035
vt 0.699394 0.571795
vt 0.714200 0.566566
vt 0.714326 0.564203
vt 0.720508 0.562094
vt 0.719374 0.558492
vt 0.713836 0.561888
vt 0.717402 0.555273
vt 0.712763 0.559778
vt 0.714709 0.552626
vt 0.711181 0.558018
vt 0.711455 0.550710
vt 0.709198 0.556727
vt 0.708121 0.549690
vt 0.688400 0.590037
vt 0.688191 0.587869
vt 0.688518 0.585716
vt 0.694339 0.579686
vt 0.692362 0.580599
vt 0.690668 0.581968
vt 0.689361 0.583709
vt 0.698399 0.559013
vt 0.688743 0.544004
vt 0.700159 0.557431
vt 0.706947 0.555994
vt 0.704584 0.555868
vt 0.693926 0.547047
vt 0.702269 0.556358
vt 0.691978 0.546445
vt 0.690219 0.545412
vt 0.720736 0.565863
vt 0.720045 0.569575
vt 0.713467 0.568816
vt 0.718475 0.573009
vt 0.712176 0.570800
vt 0.716121 0.575961
vt 0.710416 0.572382
vt 0.713122 0.578255
vt 0.708306 0.573455
vt 0.709656 0.579755
vt 0.705991 0.573945
vt 0.705931 0.580371
vt 0.703628 0.573819
vt 0.702453 0.580123
vt 0.701377 0.573086
vt 0.698652 0.579415
vt 0.696478 0.579283
vt 0.460018 0.862514
vt 0.471516 0.862514
vt 0.460018 0.903767
vt 0.471516 0.917794
vt 0.460018 0.917794
vt 0.015100 0.916291
vt 0.003602 0.916291
vt 0.015100 0.861012
vt 0.003602 0.875039
vt 0.003602 0.861012
vt 0.092018 0.925417
vt 0.092018 0.956374
vt 0.078751 0.925417
vt 0.078751 0.956374
vt 0.458549 0.714780
vt 0.470048 0.714780
vt 0.553577 0.718206
vt 0.548081 0.722423
vt 0.549753 0.709123
vt 0.549751 0.780225
vt 0.499336 0.723054
vt 0.499625 0.713345
vt 0.531415 0.722443
vt 0.533603 0.722378
vt 0.501268 0.723054
vt 0.501033 0.714820
vt 0.502742 0.715934
vt 0.535708 0.721777
vt 0.537602 0.720678
vt 0.539167 0.719147
vt 0.523108 0.718724
vt 0.527322 0.720984
vt 0.529277 0.721969
vt 0.504660 0.716627
vt 0.506686 0.716862
vt 0.513775 0.723054
vt 0.513775 0.716862
vt 0.518534 0.717332
vt 0.547434 0.772319
vt 0.546335 0.770426
vt 0.553575 0.764163
vt 0.543864 0.727918
vt 0.541213 0.734317
vt 0.540309 0.741185
vt 0.541213 0.748052
vt 0.543863 0.754452
vt 0.548080 0.759947
vt 0.524447 0.763040
vt 0.537601 0.761691
vt 0.535707 0.760592
vt 0.533602 0.759991
vt 0.516574 0.768107
vt 0.515712 0.770004
vt 0.515317 0.772049
vt 0.531413 0.759926
vt 0.529276 0.760401
vt 0.527321 0.761386
vt 0.546640 0.780706
vt 0.547625 0.778750
vt 0.548100 0.776613
vt 0.548035 0.774425
vt 0.544804 0.768861
vt 0.539166 0.763222
vt 0.521375 0.764289
vt 0.519487 0.765168
vt 0.517856 0.766465
vt 0.515412 0.774130
vt 0.515991 0.776131
vt 0.539918 0.791451
vt 0.544986 0.783579
vt 0.543737 0.786651
vt 0.531894 0.792035
vt 0.533895 0.792614
vt 0.535976 0.792708
vt 0.538022 0.792314
vt 0.517021 0.777942
vt 0.523063 0.784963
vt 0.530084 0.791004
vt 0.542857 0.788539
vt 0.548710 0.794252
vt 0.541561 0.790170
vt 0.548710 0.798119
vt 0.583932 0.780225
vt 0.580109 0.764163
vt 0.573710 0.766814
vt 0.566842 0.767718
vt 0.566842 0.776121
vt 0.559975 0.766814
vt 0.593765 0.791451
vt 0.597707 0.792708
vt 0.599788 0.792614
vt 0.601789 0.792035
vt 0.603599 0.791004
vt 0.589947 0.786651
vt 0.590826 0.788539
vt 0.592123 0.790170
vt 0.595661 0.792314
vt 0.615828 0.766465
vt 0.614198 0.765168
vt 0.610621 0.784963
vt 0.616663 0.777942
vt 0.617693 0.776131
vt 0.617110 0.768107
vt 0.612310 0.764289
vt 0.609238 0.763040
vt 0.606364 0.761386
vt 0.604409 0.760401
vt 0.618272 0.774130
vt 0.618367 0.772049
vt 0.617972 0.770004
vt 0.602271 0.759926
vt 0.600083 0.759991
vt 0.597978 0.760592
vt 0.596084 0.761691
vt 0.594519 0.763222
vt 0.588880 0.768861
vt 0.587349 0.770426
vt 0.586250 0.772319
vt 0.585649 0.774425
vt 0.585584 0.776613
vt 0.586058 0.778750
vt 0.587043 0.780706
vt 0.588698 0.783579
vt 0.610579 0.718724
vt 0.615154 0.717332
vt 0.619912 0.723054
vt 0.619912 0.716862
vt 0.632419 0.723054
vt 0.627002 0.716862
vt 0.629028 0.716627
vt 0.596085 0.720678
vt 0.597979 0.721777
vt 0.600084 0.722378
vt 0.602273 0.722443
vt 0.604410 0.721969
vt 0.606365 0.720984
vt 0.585606 0.722423
vt 0.594520 0.719147
vt 0.588882 0.713509
vt 0.585605 0.759947
vt 0.589822 0.754452
vt 0.592473 0.748052
vt 0.601780 0.741185
vt 0.593377 0.741185
vt 0.592473 0.734317
vt 0.589823 0.727918
vt 0.634062 0.713345
vt 0.630946 0.715934
vt 0.632654 0.714820
vt 0.634351 0.723054
vt 0.635095 0.711586
vt 0.635697 0.709637
vt 0.646448 0.651923
vt 0.652639 0.648657
vt 0.487243 0.651923
vt 0.497991 0.709637
vt 0.498593 0.711586
vt 0.583934 0.709123
vt 0.580111 0.718206
vt 0.573711 0.715555
vt 0.566844 0.714651
vt 0.559976 0.715555
vt 0.544806 0.713509
vt 0.546337 0.711944
vt 0.547436 0.710050
vt 0.548037 0.707945
vt 0.548102 0.705757
vt 0.547628 0.703619
vt 0.546643 0.701664
vt 0.544383 0.697450
vt 0.542991 0.692876
vt 0.542522 0.688118
vt 0.487245 0.602326
vt 0.501272 0.602326
vt 0.542524 0.602326
vt 0.585586 0.705757
vt 0.585651 0.707945
vt 0.586252 0.710050
vt 0.587351 0.711944
vt 0.646449 0.602326
vt 0.632422 0.602326
vt 0.591170 0.602326
vt 0.591167 0.688118
vt 0.590697 0.692876
vt 0.589305 0.697450
vt 0.587045 0.701664
vt 0.586061 0.703619
vt 0.551366 0.688118
vt 0.551894 0.692124
vt 0.551369 0.602326
vt 0.553440 0.695857
vt 0.555899 0.699062
vt 0.559105 0.701522
vt 0.582325 0.602326
vt 0.582323 0.688118
vt 0.581795 0.692124
vt 0.562838 0.703068
vt 0.566844 0.703596
vt 0.570850 0.703068
vt 0.574583 0.701522
vt 0.577789 0.699062
vt 0.580249 0.695857
vt 0.145449 0.316637
vt 0.145449 0.294526
vt 0.145409 0.291879
vt 0.455957 0.748556
vt 0.444457 0.686828
vt 0.458549 0.748091
vt 0.447050 0.686363
vt 0.153534 0.294528
vt 0.153009 0.291881
vt 0.153534 0.316640
vt 0.250638 0.305192
vt 0.250638 0.316690
vt 0.215083 0.305173
vt 0.215083 0.294560
vt 0.026171 0.931063
vt 0.015557 0.931063
vt 0.015557 0.929038
vt 0.026171 0.929038
vt 0.015557 0.927122
vt 0.026171 0.927122
vt 0.015557 0.925418
vt 0.026171 0.925418
vt 0.220220 0.305181
vt 0.218766 0.305178
vt 0.220220 0.294568
vt 0.218766 0.294564
vt 0.217023 0.305175
vt 0.217023 0.294561
vt 0.028824 0.931072
vt 0.028824 0.929655
vt 0.440380 0.679373
vt 0.442299 0.680066
vt 0.439789 0.681935
vt 0.441132 0.682420
vt 0.444007 0.681180
vt 0.442328 0.683200
vt 0.445415 0.682656
vt 0.443313 0.684233
vt 0.446448 0.684415
vt 0.444036 0.685464
vt 0.028824 0.945512
vt 0.026171 0.945502
vt 0.028824 0.933005
vt 0.015557 0.945503
vt 0.015557 0.948965
vt 0.026171 0.948965
vt 0.015557 0.952510
vt 0.026171 0.952510
vt 0.015557 0.955635
vt 0.026171 0.955635
vt 0.709469 0.952821
vt 0.720082 0.952821
vt 0.709462 0.955587
vt 0.720076 0.955587
vt 0.709457 0.958893
vt 0.720071 0.958893
vt 0.709455 0.962542
vt 0.720069 0.962542
vt 0.709455 0.966318
vt 0.720068 0.966318
vt 0.709457 0.969995
vt 0.720071 0.969995
vt 0.709461 0.973354
vt 0.720075 0.973354
vt 0.709468 0.976197
vt 0.720081 0.976197
vt 0.977656 0.417810
vt 0.967063 0.417744
vt 0.977550 0.414655
vt 0.966956 0.414589
vt 0.977496 0.411091
vt 0.966902 0.411025
vt 0.977496 0.407623
vt 0.966902 0.407557
vt 0.028824 0.949568
vt 0.420451 0.678745
vt 0.419874 0.681310
vt 0.416902 0.677458
vt 0.415716 0.679802
vt 0.413769 0.675349
vt 0.412046 0.677332
vt 0.411241 0.672545
vt 0.409084 0.674047
vt 0.409467 0.669212
vt 0.407006 0.670142
vt 0.408552 0.665548
vt 0.405935 0.665851
vt 0.722715 0.962179
vt 0.722715 0.966601
vt 0.408552 0.661772
vt 0.405935 0.661428
vt 0.409466 0.658109
vt 0.407005 0.657136
vt 0.411240 0.654776
vt 0.409083 0.653232
vt 0.413768 0.651971
vt 0.412045 0.649946
vt 0.416900 0.649863
vt 0.415714 0.647476
vt 0.964155 0.415748
vt 0.964092 0.411574
vt 0.964092 0.407511
vt 0.966929 0.403690
vt 0.964119 0.403645
vt 0.977523 0.403757
vt 0.966927 0.401527
vt 0.977521 0.401593
vt 0.966893 0.399488
vt 0.977487 0.399554
vt 0.966829 0.397698
vt 0.977423 0.397765
vt 0.255376 0.294595
vt 0.257053 0.294592
vt 0.255376 0.305209
vt 0.257053 0.305205
vt 0.259018 0.294589
vt 0.259018 0.305203
vt 0.261153 0.294588
vt 0.261153 0.305202
vt 0.263328 0.294588
vt 0.263328 0.305202
vt 0.265411 0.294590
vt 0.265411 0.305204
vt 0.433490 0.636885
vt 0.435913 0.635863
vt 0.436516 0.637956
vt 0.433911 0.638349
vt 0.262874 0.291942
vt 0.261351 0.291941
vt 0.436589 0.640132
vt 0.436128 0.642260
vt 0.433963 0.639873
vt 0.433640 0.641362
vt 0.435161 0.644211
vt 0.432963 0.642728
vt 0.433747 0.645867
vt 0.431973 0.643887
vt 0.431971 0.647126
vt 0.430730 0.644769
vt 0.429941 0.647914
vt 0.429309 0.645320
vt 0.964118 0.402130
vt 0.397615 0.601012
vt 0.398641 0.598593
vt 0.412547 0.606500
vt 0.411000 0.608623
vt 0.425489 0.618710
vt 0.423456 0.620375
vt 0.434975 0.633762
vt 0.432587 0.634863
vt 0.987129 0.444663
vt 0.977399 0.444665
vt 0.977399 0.442498
vt 0.987128 0.442497
vt 0.977399 0.440450
vt 0.987129 0.440449
vt 0.977400 0.438646
vt 0.987129 0.438644
vt 0.422369 0.843708
vt 0.422369 0.842047
vt 0.432098 0.843708
vt 0.432098 0.842047
vt 0.422369 0.840093
vt 0.432098 0.840093
vt 0.422369 0.837963
vt 0.432098 0.837963
vt 0.422369 0.835787
vt 0.432098 0.835787
vt 0.422369 0.833697
vt 0.432098 0.833696
vt 0.388992 0.606705
vt 0.386322 0.606727
vt 0.386590 0.604566
vt 0.389179 0.605193
vt 0.387378 0.602536
vt 0.389731 0.603772
vt 0.388638 0.600760
vt 0.390613 0.602529
vt 0.390293 0.599346
vt 0.391772 0.601539
vt 0.392244 0.598379
vt 0.393137 0.600862
vt 0.394372 0.597918
vt 0.394627 0.600539
vt 0.434751 0.837734
vt 0.434751 0.836211
vt 0.396549 0.597991
vt 0.396150 0.600590
vt 0.388992 0.610572
vt 0.386322 0.610593
vt 0.987129 0.448529
vt 0.977400 0.448531
vt 0.976958 0.637670
vt 0.976959 0.641536
vt 0.967229 0.637671
vt 0.967229 0.641538
vt 0.977400 0.452003
vt 0.987130 0.452001
vt 0.977400 0.455581
vt 0.987129 0.455580
vt 0.977399 0.458762
vt 0.987128 0.458760
vt 0.856498 0.930047
vt 0.866227 0.930047
vt 0.856498 0.932860
vt 0.866227 0.932860
vt 0.856498 0.936200
vt 0.866227 0.936200
vt 0.856498 0.939866
vt 0.866227 0.939866
vt 0.856498 0.943642
vt 0.866227 0.943642
vt 0.856498 0.947303
vt 0.866227 0.947303
vt 0.856498 0.950630
vt 0.866227 0.950630
vt 0.856498 0.953425
vt 0.866227 0.953425
vt 0.967237 0.627584
vt 0.976966 0.627582
vt 0.967232 0.630684
vt 0.976961 0.630682
vt 0.967229 0.634214
vt 0.976958 0.634212
vt 0.385930 0.614057
vt 0.388532 0.614630
vt 0.384643 0.617607
vt 0.387024 0.618788
vt 0.382534 0.620739
vt 0.384554 0.622457
vt 0.379730 0.623267
vt 0.381269 0.625419
vt 0.376397 0.625041
vt 0.377365 0.627497
vt 0.372733 0.625956
vt 0.373073 0.628568
vt 0.868881 0.939552
vt 0.868881 0.943975
vt 0.368957 0.625956
vt 0.368650 0.628568
vt 0.365294 0.625041
vt 0.364358 0.627497
vt 0.361960 0.623267
vt 0.360454 0.625419
vt 0.359156 0.620739
vt 0.357168 0.622457
vt 0.357047 0.617607
vt 0.354698 0.618788
vt 0.355759 0.614057
vt 0.353189 0.614630
vt 0.979605 0.633579
vt 0.979605 0.637629
vt 0.979605 0.641496
vt 0.420636 0.316657
vt 0.412524 0.316657
vt 0.420636 0.294545
vt 0.412524 0.294545
vt 0.282405 0.756188
vt 0.283153 0.748091
vt 0.285075 0.756167
vt 0.285777 0.748556
vt 0.297271 0.686828
vt 0.294646 0.686363
vt 0.314739 0.316646
vt 0.314739 0.305148
vt 0.350543 0.305152
vt 0.350543 0.294538
vt 0.042317 0.931077
vt 0.031703 0.931077
vt 0.031703 0.929051
vt 0.042317 0.929051
vt 0.031703 0.927130
vt 0.042317 0.927130
vt 0.031703 0.925418
vt 0.042317 0.925418
vt 0.345291 0.294536
vt 0.346799 0.294537
vt 0.345291 0.305150
vt 0.346799 0.305151
vt 0.348581 0.294538
vt 0.348581 0.305152
vt 0.295248 0.684415
vt 0.297692 0.685464
vt 0.296281 0.682656
vt 0.298415 0.684233
vt 0.297688 0.681180
vt 0.299400 0.683200
vt 0.299397 0.680066
vt 0.300596 0.682420
vt 0.301315 0.679373
vt 0.301939 0.681935
vt 0.029049 0.929649
vt 0.029049 0.931068
vt 0.031703 0.945517
vt 0.029049 0.945507
vt 0.029049 0.933000
vt 0.042316 0.945517
vt 0.964253 0.356622
vt 0.974847 0.356542
vt 0.964253 0.360082
vt 0.974847 0.360001
vt 0.964199 0.363618
vt 0.974793 0.363538
vt 0.964092 0.366728
vt 0.974686 0.366648
vt 0.971976 0.052178
vt 0.961362 0.052178
vt 0.971974 0.049433
vt 0.961360 0.049433
vt 0.971973 0.046142
vt 0.961359 0.046142
vt 0.971972 0.042501
vt 0.961358 0.042501
vt 0.971972 0.038726
vt 0.961358 0.038726
vt 0.971973 0.035042
vt 0.961359 0.035042
vt 0.971974 0.031668
vt 0.961360 0.031668
vt 0.971976 0.028806
vt 0.961362 0.028806
vt 0.042317 0.955676
vt 0.031703 0.955676
vt 0.042317 0.952536
vt 0.031703 0.952536
vt 0.042316 0.948982
vt 0.031703 0.948982
vt 0.977657 0.356549
vt 0.977657 0.360602
vt 0.321243 0.648575
vt 0.321852 0.645968
vt 0.324792 0.649863
vt 0.326011 0.647476
vt 0.327925 0.651971
vt 0.329680 0.649946
vt 0.330453 0.654776
vt 0.332642 0.653232
vt 0.332227 0.658109
vt 0.334720 0.657136
vt 0.333142 0.661772
vt 0.335791 0.661428
vt 0.958703 0.042885
vt 0.958703 0.038463
vt 0.333142 0.665548
vt 0.335792 0.665851
vt 0.332228 0.669212
vt 0.334721 0.670142
vt 0.330454 0.672545
vt 0.332643 0.674047
vt 0.327926 0.675349
vt 0.329681 0.677332
vt 0.324794 0.677458
vt 0.326012 0.679802
vt 0.321244 0.678745
vt 0.321854 0.681310
vt 0.029049 0.949567
vt 0.977630 0.352682
vt 0.974820 0.352675
vt 0.964226 0.352755
vt 0.964228 0.350597
vt 0.974822 0.350517
vt 0.964262 0.348575
vt 0.974856 0.348495
vt 0.964327 0.346812
vt 0.974920 0.346732
vt 0.309747 0.305144
vt 0.308125 0.305145
vt 0.309747 0.294530
vt 0.308125 0.294531
vt 0.306197 0.305146
vt 0.306197 0.294532
vt 0.304080 0.305146
vt 0.304080 0.294532
vt 0.301903 0.305146
vt 0.301903 0.294532
vt 0.299797 0.305146
vt 0.299797 0.294532
vt 0.977631 0.351172
vt 0.311751 0.647914
vt 0.309721 0.647126
vt 0.312415 0.645320
vt 0.310994 0.644769
vt 0.307945 0.645867
vt 0.309751 0.643887
vt 0.306531 0.644211
vt 0.308761 0.642728
vt 0.305564 0.642260
vt 0.308084 0.641362
vt 0.305102 0.640132
vt 0.307761 0.639873
vt 0.303780 0.291877
vt 0.302256 0.291877
vt 0.305175 0.637956
vt 0.305778 0.635863
vt 0.307812 0.638349
vt 0.308234 0.636885
vt 0.306716 0.633762
vt 0.309137 0.634863
vt 0.316201 0.618710
vt 0.318266 0.620375
vt 0.329141 0.606500
vt 0.330721 0.608623
vt 0.343046 0.598593
vt 0.344105 0.601012
vt 0.345139 0.597991
vt 0.345570 0.600590
vt 0.432098 0.887197
vt 0.432098 0.885021
vt 0.434751 0.886792
vt 0.434751 0.885268
vt 0.347315 0.597918
vt 0.349443 0.598379
vt 0.347093 0.600539
vt 0.348583 0.600862
vt 0.351394 0.599346
vt 0.349949 0.601539
vt 0.353050 0.600760
vt 0.351108 0.602529
vt 0.354310 0.602536
vt 0.351990 0.603772
vt 0.355098 0.604566
vt 0.352541 0.605193
vt 0.976958 0.643693
vt 0.979605 0.643005
vt 0.967229 0.643695
vt 0.976956 0.645711
vt 0.967227 0.645712
vt 0.976953 0.647467
vt 0.967224 0.647469
vt 0.432098 0.879296
vt 0.432098 0.880947
vt 0.422369 0.879296
vt 0.422369 0.880947
vt 0.432098 0.882894
vt 0.422369 0.882894
vt 0.422369 0.885021
vt 0.422369 0.887197
vt 0.432098 0.889292
vt 0.422369 0.889292
vt 0.422369 0.887618
vt 0.409986 0.903225
vt 0.409986 0.887618
vt 0.409986 0.870372
vt 0.422368 0.870372
vt 0.409986 0.852580
vt 0.422368 0.852580
vt 0.409986 0.835366
vt 0.422369 0.835366
vt 0.409986 0.819818
vt 0.255605 0.316693
vt 0.267498 0.316704
vt 0.297675 0.294531
vt 0.432098 0.819818
vt 0.409987 0.806920
vt 0.432099 0.806920
vt 0.282405 0.316729
vt 0.282405 0.294617
vt 0.267498 0.294592
vt 0.297675 0.316643
vt 0.282405 0.316637
vt 0.282405 0.294525
vt 0.409987 0.916209
vt 0.432099 0.916209
vt 0.432098 0.903225
vt 0.434751 0.843613
vt 0.434751 0.825821
vt 0.442813 0.834717
vt 0.439203 0.811188
vt 0.439664 0.813317
vt 0.443122 0.837063
vt 0.444028 0.839250
vt 0.445469 0.841127
vt 0.439879 0.862514
vt 0.439190 0.860843
vt 0.439276 0.860422
vt 0.439276 0.809012
vt 0.439190 0.808591
vt 0.439879 0.806920
vt 0.442046 0.816923
vt 0.447346 0.826865
vt 0.440631 0.815267
vt 0.445469 0.828306
vt 0.444028 0.830184
vt 0.443122 0.832370
vt 0.443821 0.851251
vt 0.442046 0.852511
vt 0.447346 0.842568
vt 0.440631 0.854166
vt 0.439664 0.856118
vt 0.439203 0.858246
vt 0.460945 0.834716
vt 0.467241 0.836604
vt 0.460636 0.837062
vt 0.466327 0.840267
vt 0.459730 0.839249
vt 0.464553 0.843600
vt 0.458289 0.841127
vt 0.462025 0.846405
vt 0.456412 0.842567
vt 0.458892 0.848514
vt 0.454225 0.843473
vt 0.455343 0.849802
vt 0.451879 0.843782
vt 0.451879 0.850194
vt 0.449533 0.843473
vt 0.448012 0.850195
vt 0.445851 0.850463
vt 0.443821 0.818183
vt 0.445851 0.818971
vt 0.449533 0.825960
vt 0.448012 0.819239
vt 0.451879 0.825651
vt 0.451879 0.819238
vt 0.454225 0.825960
vt 0.455343 0.819631
vt 0.456412 0.826865
vt 0.458892 0.820918
vt 0.458289 0.828306
vt 0.462025 0.823027
vt 0.459730 0.830183
vt 0.464553 0.825831
vt 0.460636 0.832370
vt 0.466327 0.829164
vt 0.467241 0.832828
vt 0.971456 0.970991
vt 0.983839 0.970991
vt 0.971456 0.973344
vt 0.983839 0.973344
vt 0.971456 0.975551
vt 0.983838 0.975551
vt 0.971455 0.977462
vt 0.983837 0.977462
vt 0.971454 0.977461
vt 0.983837 0.977461
vt 0.971455 0.979344
vt 0.983837 0.979344
vt 0.971455 0.981534
vt 0.983837 0.981534
vt 0.971455 0.983881
vt 0.983837 0.983881
vt 0.971455 0.986227
vt 0.983837 0.986227
vt 0.971455 0.988410
vt 0.983837 0.988410
vt 0.971454 0.990282
vt 0.983837 0.990282
vt 0.093128 0.977294
vt 0.105511 0.977294
vt 0.093124 0.979150
vt 0.105507 0.979150
vt 0.093122 0.981322
vt 0.105505 0.981322
vt 0.093121 0.983664
vt 0.105504 0.983664
vt 0.093122 0.986014
vt 0.105505 0.986014
vt 0.093124 0.988214
vt 0.105507 0.988214
vt 0.093128 0.990113
vt 0.105510 0.990113
vt 0.975070 0.577756
vt 0.987430 0.577756
vt 0.975157 0.579649
vt 0.987516 0.579649
vt 0.975211 0.581845
vt 0.987570 0.581845
vt 0.975228 0.584194
vt 0.987588 0.584194
vt 0.975208 0.586537
vt 0.987567 0.586537
vt 0.975151 0.588714
vt 0.987511 0.588714
vt 0.975062 0.590576
vt 0.987422 0.590576
vt 0.971454 0.964644
vt 0.983837 0.964644
vt 0.971455 0.966488
vt 0.983838 0.966488
vt 0.971456 0.968652
vt 0.983839 0.968652
vt 0.176086 0.611185
vt 0.176159 0.611184
vt 0.176076 0.715403
vt 0.211832 0.611185
vt 0.281657 0.650576
vt 0.249370 0.726251
vt 0.180689 0.712029
vt 0.186105 0.686473
vt 0.273561 0.628874
vt 0.282405 0.642480
vt 0.277983 0.628874
vt 0.282405 0.622620
vt 0.262400 0.752947
vt 0.247023 0.744073
vt 0.249370 0.743764
vt 0.251556 0.742859
vt 0.253434 0.741418
vt 0.263516 0.747963
vt 0.254875 0.739540
vt 0.255780 0.737354
vt 0.256089 0.735008
vt 0.255781 0.732661
vt 0.254875 0.730475
vt 0.253434 0.728597
vt 0.251557 0.727156
vt 0.186106 0.677408
vt 0.187546 0.675530
vt 0.189424 0.674089
vt 0.211832 0.597918
vt 0.229155 0.597918
vt 0.229154 0.611184
vt 0.255192 0.611184
vt 0.264900 0.611184
vt 0.273561 0.597918
vt 0.264900 0.597918
vt 0.244677 0.743764
vt 0.213560 0.752887
vt 0.242490 0.742859
vt 0.219586 0.728140
vt 0.238267 0.732661
vt 0.220489 0.735008
vt 0.237958 0.735008
vt 0.219585 0.741875
vt 0.238267 0.737354
vt 0.216934 0.748274
vt 0.239172 0.739540
vt 0.240613 0.741418
vt 0.191610 0.690697
vt 0.189424 0.689792
vt 0.187546 0.688351
vt 0.198490 0.674089
vt 0.196303 0.673184
vt 0.185200 0.679594
vt 0.184891 0.681940
vt 0.185200 0.684287
vt 0.200368 0.675530
vt 0.207223 0.712029
vt 0.212718 0.716246
vt 0.216935 0.721741
vt 0.193957 0.691006
vt 0.196303 0.690697
vt 0.239172 0.730475
vt 0.198490 0.689792
vt 0.240613 0.728597
vt 0.200367 0.688351
vt 0.242491 0.727156
vt 0.201808 0.686473
vt 0.202714 0.684287
vt 0.203023 0.681940
vt 0.202714 0.679594
vt 0.201808 0.677408
vt 0.193957 0.672875
vt 0.191611 0.673184
vt 0.200824 0.709378
vt 0.193956 0.708474
vt 0.187089 0.709378
vt 0.247024 0.725942
vt 0.244677 0.726251
vt 0.193959 0.611185
vt 0.114356 0.628874
vt 0.114357 0.597918
vt 0.123018 0.597918
vt 0.138540 0.743764
vt 0.140887 0.744073
vt 0.129824 0.764905
vt 0.140887 0.725942
vt 0.138541 0.726251
vt 0.123018 0.611185
vt 0.132726 0.611185
vt 0.158763 0.611185
vt 0.158764 0.597918
vt 0.176086 0.597918
vt 0.148738 0.730475
vt 0.147298 0.728597
vt 0.145420 0.727156
vt 0.143234 0.726251
vt 0.106258 0.650576
vt 0.136354 0.727156
vt 0.134477 0.728597
vt 0.133036 0.730475
vt 0.132130 0.732661
vt 0.124394 0.747963
vt 0.131821 0.735008
vt 0.132130 0.737354
vt 0.133036 0.739540
vt 0.134476 0.741418
vt 0.136354 0.742859
vt 0.168325 0.741875
vt 0.170976 0.748274
vt 0.147297 0.741418
vt 0.175192 0.753770
vt 0.145420 0.742859
vt 0.143233 0.743764
vt 0.175193 0.716246
vt 0.170977 0.721741
vt 0.168326 0.728140
vt 0.109934 0.628874
vt 0.105511 0.642480
vt 0.105511 0.622620
vt 0.148738 0.739540
vt 0.149644 0.737354
vt 0.167421 0.735008
vt 0.149953 0.735008
vt 0.149644 0.732661
vt 0.139309 0.779958
vt 0.152250 0.792168
vt 0.185197 0.785728
vt 0.184888 0.788075
vt 0.167828 0.800764
vt 0.185197 0.790421
vt 0.193954 0.797140
vt 0.202850 0.805202
vt 0.191607 0.796831
vt 0.185057 0.805202
vt 0.186103 0.792607
vt 0.187543 0.794485
vt 0.189421 0.795926
vt 0.196300 0.796831
vt 0.198487 0.795926
vt 0.220079 0.800764
vt 0.200364 0.794485
vt 0.201805 0.792607
vt 0.235657 0.792168
vt 0.186103 0.783542
vt 0.207222 0.757986
vt 0.198487 0.780223
vt 0.200822 0.760637
vt 0.196301 0.779318
vt 0.193955 0.761541
vt 0.193954 0.779009
vt 0.187087 0.760637
vt 0.191608 0.779318
vt 0.180688 0.757986
vt 0.189421 0.780223
vt 0.187544 0.781664
vt 0.202711 0.790421
vt 0.203020 0.788075
vt 0.248599 0.779958
vt 0.202711 0.785728
vt 0.258085 0.764905
vt 0.212717 0.753770
vt 0.200365 0.781664
vt 0.201805 0.783542
vt 0.939501 0.985829
vt 0.950999 0.985829
vt 0.939502 0.988180
vt 0.951000 0.988180
vt 0.939504 0.990380
vt 0.951002 0.990380
vt 0.939508 0.992279
vt 0.951006 0.992279
vt 0.978742 0.647469
vt 0.990219 0.647469
vt 0.978829 0.649362
vt 0.990305 0.649362
vt 0.978882 0.651558
vt 0.990359 0.651558
vt 0.978900 0.653908
vt 0.990376 0.653908
vt 0.978879 0.656251
vt 0.990356 0.656251
vt 0.978823 0.658427
vt 0.990299 0.658427
vt 0.978734 0.660289
vt 0.990211 0.660289
vt 0.983280 0.761854
vt 0.994778 0.761854
vt 0.983281 0.763697
vt 0.994779 0.763697
vt 0.983282 0.765862
vt 0.994780 0.765862
vt 0.983282 0.768201
vt 0.994780 0.768201
vt 0.983282 0.770554
vt 0.994780 0.770554
vt 0.983281 0.772761
vt 0.994780 0.772761
vt 0.983280 0.774671
vt 0.994779 0.774671
vt 0.982692 0.026536
vt 0.994190 0.026536
vt 0.982692 0.028419
vt 0.994190 0.028419
vt 0.982692 0.030609
vt 0.994190 0.030608
vt 0.982692 0.032956
vt 0.994190 0.032956
vt 0.982692 0.035301
vt 0.994190 0.035301
vt 0.982692 0.037485
vt 0.994190 0.037485
vt 0.982692 0.039357
vt 0.994190 0.039357
vt 0.939508 0.979460
vt 0.951006 0.979460
vt 0.939504 0.981315
vt 0.951002 0.981315
vt 0.939502 0.983488
vt 0.951000 0.983488
vt 0.409986 0.908190
vt 0.396854 0.831154
vt 0.399041 0.830249
vt 0.400918 0.828808
vt 0.402359 0.826931
vt 0.409986 0.822398
vt 0.379030 0.822397
vt 0.385751 0.824744
vt 0.379030 0.908188
vt 0.386657 0.826930
vt 0.388097 0.828808
vt 0.389975 0.830248
vt 0.392161 0.831154
vt 0.394508 0.831463
vt 0.403264 0.824744
vt 0.403573 0.822398
vt 0.409458 0.818392
vt 0.403265 0.820052
vt 0.407912 0.814659
vt 0.402359 0.817865
vt 0.405452 0.811454
vt 0.400918 0.815988
vt 0.402247 0.808994
vt 0.399041 0.814547
vt 0.398514 0.807447
vt 0.396854 0.813641
vt 0.394508 0.806920
vt 0.394508 0.813332
vt 0.390502 0.807447
vt 0.392161 0.813641
vt 0.386769 0.808993
vt 0.389975 0.814546
vt 0.383563 0.811453
vt 0.388097 0.815987
vt 0.381103 0.814658
vt 0.386657 0.817864
vt 0.379557 0.818391
vt 0.385751 0.820051
vt 0.385442 0.822397
vt 0.755006 0.588010
vt 0.754771 0.590036
vt 0.754771 0.553765
vt 0.765178 0.567392
vt 0.766469 0.569376
vt 0.755699 0.586092
vt 0.756813 0.584384
vt 0.776191 0.578698
vt 0.761996 0.581342
vt 0.770338 0.572030
vt 0.757430 0.544680
vt 0.758738 0.546421
vt 0.764445 0.565142
vt 0.764319 0.562778
vt 0.756470 0.538352
vt 0.756261 0.540519
vt 0.756588 0.542672
vt 0.768229 0.570958
vt 0.760047 0.581944
vt 0.758288 0.582976
vt 0.760432 0.547789
vt 0.767463 0.556594
vt 0.765881 0.558354
vt 0.764809 0.560463
vt 0.772654 0.572520
vt 0.775017 0.572395
vt 0.779525 0.577678
vt 0.777267 0.571661
vt 0.782779 0.575763
vt 0.779251 0.570371
vt 0.785472 0.573116
vt 0.780833 0.568611
vt 0.787444 0.569897
vt 0.781906 0.566501
vt 0.788578 0.566295
vt 0.782396 0.564186
vt 0.788806 0.562526
vt 0.782270 0.561823
vt 0.762408 0.548703
vt 0.764548 0.549106
vt 0.769447 0.555303
vt 0.766722 0.548974
vt 0.771697 0.554570
vt 0.770523 0.548266
vt 0.774060 0.554444
vt 0.774000 0.548018
vt 0.776376 0.554934
vt 0.777726 0.548634
vt 0.778486 0.556007
vt 0.781191 0.550134
vt 0.780246 0.557589
vt 0.784190 0.552428
vt 0.781536 0.559573
vt 0.786545 0.555380
vt 0.788114 0.558814
vt 0.743073 0.569375
vt 0.744364 0.567392
vt 0.753843 0.586093
vt 0.754771 0.590037
vt 0.754535 0.588011
vt 0.754771 0.553766
vt 0.745097 0.565141
vt 0.745223 0.562778
vt 0.744733 0.560463
vt 0.750803 0.546421
vt 0.752111 0.544680
vt 0.727272 0.561821
vt 0.727146 0.564184
vt 0.720964 0.566293
vt 0.747133 0.548703
vt 0.749110 0.547789
vt 0.742078 0.556593
vt 0.722098 0.569894
vt 0.727636 0.566499
vt 0.724070 0.573114
vt 0.728709 0.568609
vt 0.726763 0.575761
vt 0.730291 0.570369
vt 0.730017 0.577677
vt 0.732275 0.571660
vt 0.733351 0.578697
vt 0.743660 0.558353
vt 0.752954 0.542672
vt 0.753281 0.540519
vt 0.753071 0.538352
vt 0.752729 0.584385
vt 0.751253 0.582977
vt 0.741313 0.570957
vt 0.749494 0.581944
vt 0.739203 0.572030
vt 0.747545 0.581342
vt 0.736888 0.572520
vt 0.734525 0.572394
vt 0.720736 0.562524
vt 0.721428 0.558812
vt 0.728005 0.559571
vt 0.722997 0.555378
vt 0.729296 0.557587
vt 0.725352 0.552426
vt 0.731056 0.556005
vt 0.728351 0.550132
vt 0.733166 0.554933
vt 0.731816 0.548632
vt 0.735481 0.554443
vt 0.735541 0.548017
vt 0.737844 0.554569
vt 0.739018 0.548265
vt 0.740095 0.555302
vt 0.742820 0.548973
vt 0.744993 0.549105
vt 0.935868 0.527162
vt 0.947366 0.527162
vt 0.935868 0.582441
vt 0.947366 0.568414
vt 0.947366 0.582441
vt 0.175663 0.930634
vt 0.164165 0.930634
vt 0.175663 0.889382
vt 0.164165 0.875355
vt 0.175663 0.875355
vt 0.092244 0.956374
vt 0.092244 0.925417
vt 0.105511 0.956374
vt 0.105511 0.925417
vt 0.722776 0.945421
vt 0.734274 0.945421
vt 0.384131 0.686618
vt 0.389626 0.682401
vt 0.387955 0.695700
vt 0.450469 0.752901
vt 0.439717 0.695187
vt 0.393843 0.676906
vt 0.404104 0.682446
vt 0.401999 0.683046
vt 0.408430 0.682855
vt 0.396493 0.670506
vt 0.406293 0.682381
vt 0.400106 0.684146
vt 0.398540 0.685677
vt 0.436438 0.681770
vt 0.436674 0.690003
vt 0.434966 0.688890
vt 0.433048 0.688197
vt 0.431022 0.687961
vt 0.423932 0.681770
vt 0.423932 0.687961
vt 0.419174 0.687491
vt 0.414599 0.686100
vt 0.410385 0.683840
vt 0.396492 0.656772
vt 0.397397 0.663639
vt 0.393841 0.650372
vt 0.401997 0.644232
vt 0.400104 0.643133
vt 0.389624 0.644877
vt 0.398538 0.641602
vt 0.404102 0.644832
vt 0.406291 0.644898
vt 0.408428 0.644423
vt 0.423930 0.645508
vt 0.419872 0.645968
vt 0.392717 0.621245
vt 0.391062 0.624118
vt 0.387951 0.624599
vt 0.390078 0.626074
vt 0.392899 0.635963
vt 0.384129 0.640661
vt 0.391369 0.634398
vt 0.418217 0.639655
vt 0.419847 0.638359
vt 0.389603 0.628211
vt 0.389668 0.630399
vt 0.390269 0.632505
vt 0.416329 0.640535
vt 0.427797 0.645508
vt 0.410383 0.643438
vt 0.413257 0.641783
vt 0.421129 0.636717
vt 0.421991 0.634820
vt 0.422386 0.632775
vt 0.422291 0.630694
vt 0.421712 0.628693
vt 0.397784 0.613373
vt 0.405807 0.612789
vt 0.403806 0.612210
vt 0.401725 0.612116
vt 0.399680 0.612510
vt 0.420681 0.626882
vt 0.414640 0.619861
vt 0.407618 0.613820
vt 0.393965 0.618173
vt 0.394845 0.616285
vt 0.396141 0.614654
vt 0.357595 0.640661
vt 0.353771 0.624599
vt 0.363994 0.638010
vt 0.377729 0.638010
vt 0.370862 0.637106
vt 0.349005 0.621245
vt 0.347756 0.618173
vt 0.339996 0.612116
vt 0.337915 0.612210
vt 0.352729 0.610572
vt 0.346877 0.616285
vt 0.352729 0.606705
vt 0.345580 0.614654
vt 0.343938 0.613373
vt 0.342041 0.612510
vt 0.335914 0.612789
vt 0.334103 0.613820
vt 0.350660 0.624118
vt 0.351645 0.626074
vt 0.337622 0.644832
vt 0.339727 0.644232
vt 0.352100 0.644877
vt 0.331341 0.643438
vt 0.333296 0.644423
vt 0.347883 0.650372
vt 0.345233 0.656772
vt 0.335434 0.644898
vt 0.350355 0.634398
vt 0.351454 0.632505
vt 0.352055 0.630399
vt 0.352120 0.628211
vt 0.341621 0.643133
vt 0.343186 0.641602
vt 0.348824 0.635963
vt 0.327082 0.619861
vt 0.321041 0.626882
vt 0.320011 0.628693
vt 0.319432 0.630694
vt 0.319337 0.632775
vt 0.319732 0.634820
vt 0.320595 0.636717
vt 0.328467 0.641783
vt 0.325395 0.640535
vt 0.323507 0.639655
vt 0.317795 0.645508
vt 0.321876 0.638359
vt 0.313928 0.645508
vt 0.345234 0.670507
vt 0.344329 0.663639
vt 0.347885 0.676906
vt 0.337624 0.682446
vt 0.335435 0.682381
vt 0.343188 0.685677
vt 0.341623 0.684146
vt 0.339729 0.683046
vt 0.348827 0.691315
vt 0.352102 0.682401
vt 0.350358 0.692880
vt 0.333298 0.682855
vt 0.331343 0.683840
vt 0.327129 0.686100
vt 0.322555 0.687492
vt 0.317796 0.681770
vt 0.317797 0.687961
vt 0.305290 0.681770
vt 0.310707 0.687961
vt 0.308681 0.688197
vt 0.306763 0.688890
vt 0.305054 0.690004
vt 0.303357 0.681770
vt 0.303647 0.691479
vt 0.302614 0.693238
vt 0.302012 0.695187
vt 0.291266 0.752901
vt 0.438082 0.691479
vt 0.438371 0.681770
vt 0.439115 0.693238
vt 0.389672 0.696879
vt 0.389607 0.699067
vt 0.392902 0.691315
vt 0.391371 0.692880
vt 0.390272 0.694774
vt 0.390081 0.701205
vt 0.387960 0.806920
vt 0.391066 0.703160
vt 0.393326 0.707373
vt 0.394718 0.711948
vt 0.395188 0.716706
vt 0.456660 0.756167
vt 0.450471 0.802498
vt 0.456663 0.806920
vt 0.436444 0.802498
vt 0.436444 0.806920
vt 0.395192 0.802498
vt 0.357597 0.686618
vt 0.353774 0.695700
vt 0.351457 0.694774
vt 0.363997 0.689268
vt 0.370864 0.690173
vt 0.377732 0.689268
vt 0.353780 0.806920
vt 0.352123 0.699067
vt 0.352058 0.696879
vt 0.285077 0.806920
vt 0.291268 0.802498
vt 0.305296 0.806920
vt 0.305295 0.802498
vt 0.346547 0.802498
vt 0.346543 0.716706
vt 0.347013 0.711948
vt 0.348404 0.707374
vt 0.350664 0.703160
vt 0.351649 0.701205
vt 0.386344 0.716706
vt 0.385816 0.712700
vt 0.384270 0.708967
vt 0.381810 0.705762
vt 0.378604 0.703302
vt 0.357461 0.708967
vt 0.359921 0.705762
vt 0.363126 0.703302
vt 0.355915 0.712700
vt 0.355388 0.716706
vt 0.355392 0.802498
vt 0.386348 0.802498
vt 0.374871 0.701756
vt 0.370865 0.701228
vt 0.366859 0.701756
vt 0.282408 0.805842
vt 0.456345 0.557297
vt 0.440491 0.573155
vt 0.434136 0.573152
vt 0.451821 0.555462
vt 0.451821 0.363988
vt 0.451821 0.525817
vt 0.451821 0.505504
vt 0.451821 0.444903
vt 0.451821 0.384301
vt 0.961075 0.589136
vt 0.956211 0.586327
vt 0.965055 0.586838
vt 0.965055 0.573601
vt 0.965055 0.578008
vt 0.956211 0.574111
vt 0.951346 0.589136
vt 0.947366 0.586838
vt 0.947366 0.582430
vt 0.965055 0.582430
vt 0.947366 0.578008
vt 0.947366 0.573601
vt 0.951346 0.571303
vt 0.950706 0.571038
vt 0.950706 0.589401
vt 0.950019 0.589492
vt 0.947456 0.587525
vt 0.961075 0.571303
vt 0.961715 0.571038
vt 0.962402 0.570947
vt 0.963089 0.589401
vt 0.962402 0.589492
vt 0.961715 0.589401
vt 0.949332 0.589401
vt 0.948693 0.589136
vt 0.964278 0.571724
vt 0.964965 0.572914
vt 0.964700 0.572274
vt 0.964965 0.587525
vt 0.964700 0.588165
vt 0.964278 0.588714
vt 0.948143 0.588714
vt 0.947721 0.588165
vt 0.950019 0.570947
vt 0.947456 0.572914
vt 0.947721 0.572274
vt 0.963089 0.571038
vt 0.963729 0.571303
vt 0.948143 0.571724
vt 0.948693 0.571303
vt 0.949332 0.571038
vt 0.963729 0.589136
vt 0.966823 0.489755
vt 0.966823 0.494162
vt 0.957978 0.490265
vt 0.957978 0.502482
vt 0.953113 0.505290
vt 0.949133 0.502992
vt 0.949133 0.498585
vt 0.966823 0.498585
vt 0.966823 0.502992
vt 0.962843 0.505290
vt 0.963483 0.505555
vt 0.949133 0.494162
vt 0.949133 0.489755
vt 0.953113 0.487457
vt 0.952473 0.487192
vt 0.962843 0.487457
vt 0.963483 0.487192
vt 0.964169 0.487101
vt 0.952473 0.505555
vt 0.951787 0.505646
vt 0.949224 0.503679
vt 0.966732 0.489068
vt 0.966467 0.488428
vt 0.966046 0.487878
vt 0.951100 0.505555
vt 0.950460 0.505290
vt 0.964856 0.487192
vt 0.965496 0.487457
vt 0.966732 0.503679
vt 0.966467 0.504319
vt 0.966046 0.504868
vt 0.965496 0.505290
vt 0.964856 0.505555
vt 0.964169 0.505646
vt 0.949910 0.504868
vt 0.949489 0.504319
vt 0.951787 0.487101
vt 0.949224 0.489068
vt 0.949489 0.488428
vt 0.949910 0.487878
vt 0.950460 0.487457
vt 0.951100 0.487192
vt 0.666264 0.066336
vt 0.674266 0.066336
vt 0.675750 0.068202
vt 0.655137 0.026977
vt 0.657945 0.022112
vt 0.657435 0.030957
vt 0.593368 0.043782
vt 0.590559 0.048646
vt 0.591070 0.039801
vt 0.579411 0.065011
vt 0.576328 0.067488
vt 0.576286 0.047334
vt 0.608774 0.190162
vt 0.600772 0.190162
vt 0.599289 0.188296
vt 0.681671 0.212717
vt 0.684479 0.207852
vt 0.683969 0.216697
vt 0.695628 0.191487
vt 0.698710 0.189010
vt 0.698752 0.209164
vt 0.591381 0.111824
vt 0.584451 0.107823
vt 0.578735 0.100910
vt 0.721544 0.047334
vt 0.717122 0.044253
vt 0.698752 0.047334
vt 0.713690 0.042519
vt 0.700800 0.039801
vt 0.717122 0.029222
vt 0.709942 0.041658
vt 0.711013 0.022112
vt 0.717122 0.016822
vt 0.707012 0.015182
vt 0.717122 0.015002
vt 0.708460 0.000000
vt 0.704801 0.011352
vt 0.700800 0.004422
vt 0.698752 0.000000
vt 0.698752 0.004422
vt 0.672715 0.000000
vt 0.674162 0.015182
vt 0.664053 0.015002
vt 0.676374 0.011352
vt 0.680374 0.004422
vt 0.653944 0.015182
vt 0.651733 0.011352
vt 0.655392 0.000000
vt 0.655319 0.000000
vt 0.647732 0.004422
vt 0.637519 0.000000
vt 0.637519 0.004422
vt 0.619646 0.000000
vt 0.621094 0.015182
vt 0.610985 0.015002
vt 0.623305 0.011352
vt 0.627306 0.004422
vt 0.600876 0.015182
vt 0.598665 0.011352
vt 0.602324 0.000000
vt 0.594664 0.004422
vt 0.576286 0.000000
vt 0.576286 0.004422
vt 0.566578 0.000000
vt 0.574238 0.004422
vt 0.570237 0.011352
vt 0.557917 0.015002
vt 0.568026 0.015182
vt 0.561349 0.042519
vt 0.557917 0.044253
vt 0.557917 0.029222
vt 0.565097 0.041658
vt 0.564025 0.022112
vt 0.557917 0.016822
vt 0.574238 0.039801
vt 0.557917 0.212245
vt 0.574238 0.216697
vt 0.557917 0.227276
vt 0.576286 0.209164
vt 0.565097 0.214840
vt 0.561349 0.213979
vt 0.564025 0.234386
vt 0.557917 0.241496
vt 0.568026 0.241316
vt 0.566578 0.256498
vt 0.570237 0.245146
vt 0.574238 0.252076
vt 0.576286 0.256498
vt 0.576286 0.252076
vt 0.602324 0.256498
vt 0.608774 0.225541
vt 0.613196 0.225541
vt 0.617093 0.234386
vt 0.617604 0.225541
vt 0.619902 0.229522
vt 0.610985 0.241496
vt 0.604366 0.225541
vt 0.604877 0.234386
vt 0.621094 0.241316
vt 0.619646 0.256498
vt 0.594664 0.252076
vt 0.598665 0.245146
vt 0.600876 0.241316
vt 0.601713 0.228195
vt 0.601803 0.227508
vt 0.602068 0.226868
vt 0.602068 0.229522
vt 0.601803 0.228882
vt 0.603679 0.225632
vt 0.603040 0.225897
vt 0.620167 0.228882
vt 0.618291 0.225632
vt 0.618931 0.225897
vt 0.602490 0.226319
vt 0.619480 0.226319
vt 0.619902 0.226868
vt 0.620257 0.228195
vt 0.620167 0.227508
vt 0.672970 0.229522
vt 0.670161 0.234386
vt 0.670672 0.225541
vt 0.657435 0.225541
vt 0.661842 0.225541
vt 0.657945 0.234386
vt 0.666264 0.225541
vt 0.664053 0.241496
vt 0.674162 0.241316
vt 0.672715 0.256498
vt 0.623305 0.245146
vt 0.627306 0.252076
vt 0.637519 0.256498
vt 0.637519 0.252076
vt 0.655319 0.256498
vt 0.647732 0.252076
vt 0.655392 0.256498
vt 0.651733 0.245146
vt 0.653944 0.241316
vt 0.672970 0.226868
vt 0.673235 0.227508
vt 0.672548 0.226319
vt 0.671359 0.225632
vt 0.671999 0.225897
vt 0.673325 0.228195
vt 0.673235 0.228882
vt 0.654781 0.228195
vt 0.654872 0.227508
vt 0.655137 0.226868
vt 0.655137 0.229522
vt 0.654872 0.228882
vt 0.656748 0.225632
vt 0.656108 0.225897
vt 0.655558 0.226319
vt 0.713690 0.213979
vt 0.717122 0.212245
vt 0.721544 0.209164
vt 0.717122 0.227276
vt 0.709942 0.214840
vt 0.676374 0.245146
vt 0.680374 0.252076
vt 0.698752 0.256498
vt 0.698752 0.252076
vt 0.708460 0.256498
vt 0.700800 0.216697
vt 0.700800 0.252076
vt 0.704801 0.245146
vt 0.717122 0.241496
vt 0.707012 0.241316
vt 0.711013 0.234386
vt 0.701064 0.185833
vt 0.717122 0.185770
vt 0.721544 0.188850
vt 0.717122 0.143569
vt 0.721544 0.128249
vt 0.708277 0.130460
vt 0.708277 0.138462
vt 0.690587 0.148675
vt 0.696303 0.155588
vt 0.683658 0.144674
vt 0.698651 0.167494
vt 0.705654 0.162036
vt 0.701023 0.170658
vt 0.708947 0.166712
vt 0.702515 0.174320
vt 0.711057 0.172028
vt 0.703031 0.178241
vt 0.711868 0.177689
vt 0.702536 0.182164
vt 0.711335 0.183383
vt 0.714347 0.184289
vt 0.654872 0.186822
vt 0.655137 0.186182
vt 0.675750 0.188296
vt 0.695556 0.165034
vt 0.701360 0.158259
vt 0.679828 0.142463
vt 0.651733 0.170558
vt 0.663689 0.173577
vt 0.653944 0.174388
vt 0.657945 0.181318
vt 0.682847 0.154419
vt 0.655137 0.188836
vt 0.654872 0.188196
vt 0.654781 0.187509
vt 0.673598 0.184979
vt 0.672356 0.181225
vt 0.691938 0.163439
vt 0.688034 0.162812
vt 0.684098 0.163195
vt 0.677391 0.156184
vt 0.680388 0.164562
vt 0.672501 0.159176
vt 0.677146 0.166825
vt 0.668446 0.163231
vt 0.674582 0.169836
vt 0.665454 0.168121
vt 0.672865 0.173398
vt 0.672107 0.177278
vt 0.557917 0.143569
vt 0.584451 0.148675
vt 0.578735 0.155588
vt 0.566761 0.138462
vt 0.566761 0.130460
vt 0.566761 0.128249
vt 0.563704 0.183383
vt 0.573974 0.185833
vt 0.560692 0.184289
vt 0.557917 0.185769
vt 0.569384 0.162036
vt 0.576387 0.167494
vt 0.566091 0.166712
vt 0.574016 0.170658
vt 0.563981 0.172028
vt 0.572523 0.174320
vt 0.563170 0.177689
vt 0.572008 0.178240
vt 0.572502 0.182164
vt 0.595211 0.142463
vt 0.591381 0.144674
vt 0.592192 0.154419
vt 0.621094 0.174388
vt 0.617093 0.181318
vt 0.611349 0.173577
vt 0.601441 0.184979
vt 0.619902 0.186182
vt 0.620167 0.186822
vt 0.620257 0.187509
vt 0.623305 0.170558
vt 0.587005 0.162812
vt 0.583100 0.163439
vt 0.573678 0.158259
vt 0.579483 0.165034
vt 0.602682 0.181224
vt 0.602932 0.177278
vt 0.609585 0.168121
vt 0.602173 0.173398
vt 0.606592 0.163231
vt 0.600456 0.169836
vt 0.602538 0.159176
vt 0.597893 0.166825
vt 0.597647 0.156184
vt 0.594650 0.164562
vt 0.590940 0.163195
vt 0.717122 0.112929
vt 0.721544 0.067648
vt 0.717122 0.070729
vt 0.701064 0.070665
vt 0.714347 0.072209
vt 0.711335 0.073115
vt 0.705654 0.094462
vt 0.698651 0.089004
vt 0.708947 0.089786
vt 0.701023 0.085840
vt 0.711057 0.084470
vt 0.702515 0.082178
vt 0.711868 0.078809
vt 0.703031 0.078258
vt 0.702536 0.074335
vt 0.701360 0.098239
vt 0.696303 0.100910
vt 0.695556 0.091464
vt 0.708277 0.128249
vt 0.708277 0.126038
vt 0.708277 0.118036
vt 0.690587 0.107823
vt 0.682847 0.102079
vt 0.683658 0.111824
vt 0.679828 0.114035
vt 0.653944 0.082110
vt 0.657945 0.075180
vt 0.663689 0.082921
vt 0.673598 0.071519
vt 0.655137 0.070316
vt 0.654872 0.069676
vt 0.654781 0.068989
vt 0.651733 0.085940
vt 0.672356 0.075274
vt 0.672107 0.079220
vt 0.665454 0.088377
vt 0.672865 0.083101
vt 0.668446 0.093267
vt 0.674582 0.086662
vt 0.672501 0.097322
vt 0.677146 0.089673
vt 0.677391 0.100314
vt 0.680388 0.091936
vt 0.684098 0.093304
vt 0.688034 0.093686
vt 0.691938 0.093060
vt 0.573974 0.070665
vt 0.557917 0.070729
vt 0.557917 0.112929
vt 0.566761 0.118036
vt 0.566761 0.126038
vt 0.576387 0.089004
vt 0.569384 0.094462
vt 0.574016 0.085840
vt 0.566091 0.089786
vt 0.572523 0.082178
vt 0.563981 0.084470
vt 0.572008 0.078258
vt 0.563170 0.078809
vt 0.572502 0.074334
vt 0.563704 0.073115
vt 0.560692 0.072209
vt 0.595211 0.114035
vt 0.620167 0.069676
vt 0.619902 0.070316
vt 0.599289 0.068202
vt 0.579483 0.091464
vt 0.573678 0.098239
vt 0.592192 0.102079
vt 0.620257 0.068989
vt 0.623305 0.085940
vt 0.611349 0.082921
vt 0.621094 0.082110
vt 0.617093 0.075180
vt 0.583100 0.093060
vt 0.587005 0.093686
vt 0.590940 0.093304
vt 0.597647 0.100314
vt 0.594650 0.091936
vt 0.602538 0.097322
vt 0.597893 0.089673
vt 0.606592 0.093267
vt 0.600456 0.086662
vt 0.609585 0.088377
vt 0.602173 0.083101
vt 0.602932 0.079220
vt 0.602682 0.075274
vt 0.601441 0.071519
vt 0.674266 0.190162
vt 0.666264 0.190162
vt 0.661842 0.190162
vt 0.657435 0.190162
vt 0.656748 0.190072
vt 0.656108 0.189807
vt 0.655558 0.189385
vt 0.702149 0.202545
vt 0.703274 0.204011
vt 0.704739 0.205135
vt 0.714405 0.195469
vt 0.713280 0.194004
vt 0.714405 0.202545
vt 0.713280 0.204011
vt 0.711815 0.205135
vt 0.706446 0.205842
vt 0.708277 0.206083
vt 0.710108 0.205842
vt 0.715111 0.200839
vt 0.715353 0.199007
vt 0.715111 0.197176
vt 0.702149 0.195469
vt 0.701442 0.197176
vt 0.701201 0.199007
vt 0.701442 0.200838
vt 0.711815 0.192879
vt 0.710108 0.192172
vt 0.708277 0.191931
vt 0.706446 0.192172
vt 0.704739 0.192879
vt 0.703274 0.194004
vt 0.677502 0.195767
vt 0.680463 0.192042
vt 0.684180 0.193389
vt 0.688118 0.193751
vt 0.692019 0.193103
vt 0.698752 0.216697
vt 0.692799 0.216697
vt 0.688376 0.216697
vt 0.683282 0.216606
vt 0.682642 0.216341
vt 0.682092 0.215919
vt 0.681671 0.215370
vt 0.681406 0.214730
vt 0.681315 0.214043
vt 0.681406 0.213356
vt 0.586662 0.216697
vt 0.582240 0.216697
vt 0.576286 0.216697
vt 0.593723 0.214043
vt 0.593633 0.214730
vt 0.593368 0.215370
vt 0.590559 0.207852
vt 0.593368 0.212717
vt 0.591070 0.216697
vt 0.593633 0.213356
vt 0.591756 0.216606
vt 0.592396 0.216341
vt 0.592946 0.215919
vt 0.576328 0.189010
vt 0.579411 0.191487
vt 0.583020 0.193103
vt 0.594576 0.192042
vt 0.597536 0.195767
vt 0.590858 0.193389
vt 0.586920 0.193751
vt 0.566761 0.206083
vt 0.568593 0.205842
vt 0.560634 0.202545
vt 0.561758 0.204010
vt 0.563224 0.205135
vt 0.564930 0.205842
vt 0.568593 0.192172
vt 0.566761 0.191931
vt 0.564930 0.192172
vt 0.563224 0.192879
vt 0.561758 0.194004
vt 0.559686 0.199007
vt 0.559927 0.200838
vt 0.570299 0.205135
vt 0.571765 0.204010
vt 0.572889 0.202545
vt 0.573596 0.200838
vt 0.573837 0.199007
vt 0.573596 0.197176
vt 0.572889 0.195469
vt 0.571765 0.194004
vt 0.570299 0.192879
vt 0.560634 0.195469
vt 0.559927 0.197176
vt 0.618931 0.189807
vt 0.618291 0.190072
vt 0.617604 0.190162
vt 0.620167 0.188196
vt 0.619902 0.188836
vt 0.613196 0.190162
vt 0.619480 0.189385
vt 0.600772 0.066336
vt 0.608774 0.066336
vt 0.619902 0.067662
vt 0.620167 0.068302
vt 0.617604 0.066336
vt 0.618291 0.066426
vt 0.618931 0.066691
vt 0.613196 0.066336
vt 0.619480 0.067113
vt 0.572889 0.053953
vt 0.571765 0.052488
vt 0.570299 0.051363
vt 0.560634 0.061029
vt 0.561758 0.062494
vt 0.564930 0.050656
vt 0.566761 0.050415
vt 0.568593 0.050656
vt 0.566761 0.064567
vt 0.564930 0.064326
vt 0.563224 0.063619
vt 0.563224 0.051363
vt 0.561758 0.052488
vt 0.560634 0.053953
vt 0.559927 0.055660
vt 0.559686 0.057491
vt 0.559927 0.059322
vt 0.568593 0.064326
vt 0.570299 0.063619
vt 0.571765 0.062494
vt 0.572889 0.061029
vt 0.573596 0.059322
vt 0.573837 0.057491
vt 0.573596 0.055660
vt 0.597536 0.060731
vt 0.594576 0.064456
vt 0.590858 0.063109
vt 0.586920 0.062748
vt 0.583020 0.063396
vt 0.576286 0.039801
vt 0.582240 0.039801
vt 0.586662 0.039801
vt 0.593633 0.041768
vt 0.593723 0.042455
vt 0.593633 0.043142
vt 0.591756 0.039892
vt 0.592396 0.040157
vt 0.593368 0.041128
vt 0.592946 0.040579
vt 0.604877 0.022112
vt 0.617093 0.022112
vt 0.602068 0.026977
vt 0.604366 0.030957
vt 0.608774 0.030957
vt 0.613196 0.030957
vt 0.617604 0.030957
vt 0.619902 0.026977
vt 0.620167 0.027616
vt 0.619480 0.030180
vt 0.618931 0.030601
vt 0.619902 0.029630
vt 0.620167 0.028990
vt 0.620257 0.028303
vt 0.618291 0.030866
vt 0.601803 0.028990
vt 0.601713 0.028303
vt 0.601803 0.027616
vt 0.603679 0.030866
vt 0.603040 0.030601
vt 0.602068 0.029630
vt 0.602490 0.030179
vt 0.670161 0.022112
vt 0.670672 0.030957
vt 0.666264 0.030957
vt 0.661842 0.030957
vt 0.672970 0.029630
vt 0.672548 0.030180
vt 0.671999 0.030601
vt 0.672970 0.026977
vt 0.673235 0.027616
vt 0.673325 0.028303
vt 0.673235 0.028990
vt 0.671359 0.030866
vt 0.654872 0.028990
vt 0.654781 0.028303
vt 0.654872 0.027616
vt 0.656748 0.030866
vt 0.656108 0.030601
vt 0.655137 0.029630
vt 0.655558 0.030180
vt 0.688376 0.039801
vt 0.692799 0.039801
vt 0.698752 0.039801
vt 0.681671 0.041128
vt 0.682092 0.040579
vt 0.682642 0.040157
vt 0.684479 0.048646
vt 0.681671 0.043782
vt 0.683969 0.039801
vt 0.681406 0.043142
vt 0.681315 0.042455
vt 0.681406 0.041768
vt 0.683282 0.039892
vt 0.698710 0.067488
vt 0.695628 0.065011
vt 0.692019 0.063396
vt 0.680463 0.064456
vt 0.677502 0.060731
vt 0.684180 0.063109
vt 0.688118 0.062748
vt 0.704739 0.063619
vt 0.703274 0.062494
vt 0.702149 0.061029
vt 0.711815 0.063619
vt 0.713280 0.062494
vt 0.715111 0.055660
vt 0.714405 0.053953
vt 0.713280 0.052488
vt 0.711815 0.051363
vt 0.706446 0.064326
vt 0.708277 0.064567
vt 0.710108 0.064326
vt 0.714405 0.061029
vt 0.715111 0.059322
vt 0.715353 0.057491
vt 0.702149 0.053953
vt 0.703274 0.052488
vt 0.704739 0.051363
vt 0.701442 0.055660
vt 0.701201 0.057491
vt 0.701442 0.059322
vt 0.710108 0.050656
vt 0.708277 0.050415
vt 0.706446 0.050656
vt 0.655137 0.067662
vt 0.655558 0.067113
vt 0.656108 0.066691
vt 0.654872 0.068302
vt 0.661842 0.066336
vt 0.656748 0.066426
vt 0.657435 0.066336
vt 0.652666 0.590774
vt 0.650897 0.590773
vt 0.482856 0.590706
vt 0.757525 0.275346
vt 0.763870 0.274508
vt 0.757525 0.277712
vt 0.763870 0.278548
vt 0.756914 0.279999
vt 0.762827 0.282452
vt 0.755733 0.282048
vt 0.760810 0.285951
vt 0.754062 0.283722
vt 0.757959 0.288809
vt 0.752017 0.284906
vt 0.754466 0.290830
vt 0.749735 0.285519
vt 0.750570 0.291876
vt 0.747373 0.285519
vt 0.746537 0.291877
vt 0.745091 0.284907
vt 0.742642 0.290832
vt 0.743046 0.283724
vt 0.739149 0.288812
vt 0.741375 0.282051
vt 0.736298 0.285955
vt 0.740194 0.280001
vt 0.734281 0.282456
vt 0.739583 0.277715
vt 0.733237 0.278553
vt 0.739583 0.275349
vt 0.733237 0.274513
vt 0.740194 0.273063
vt 0.734281 0.270610
vt 0.741375 0.271013
vt 0.736298 0.267110
vt 0.743046 0.269339
vt 0.739149 0.264252
vt 0.745091 0.268155
vt 0.742642 0.262231
vt 0.747373 0.267543
vt 0.746537 0.261185
vt 0.749735 0.267542
vt 0.750570 0.261184
vt 0.752017 0.268154
vt 0.754466 0.262230
vt 0.754062 0.269337
vt 0.757958 0.264249
vt 0.755733 0.271010
vt 0.760810 0.267106
vt 0.756914 0.273060
vt 0.762827 0.270605
vt 0.847632 0.282048
vt 0.852710 0.285951
vt 0.845962 0.283722
vt 0.849858 0.288809
vt 0.843916 0.284906
vt 0.846365 0.290830
vt 0.841634 0.285519
vt 0.842470 0.291876
vt 0.839272 0.285519
vt 0.838437 0.291877
vt 0.836991 0.284907
vt 0.834541 0.290832
vt 0.834945 0.283724
vt 0.831049 0.288812
vt 0.833275 0.282051
vt 0.828197 0.285955
vt 0.832094 0.280001
vt 0.826181 0.282456
vt 0.831482 0.277715
vt 0.825137 0.278553
vt 0.831482 0.275349
vt 0.825137 0.274513
vt 0.832094 0.273063
vt 0.826181 0.270610
vt 0.833275 0.271013
vt 0.828197 0.267110
vt 0.834945 0.269339
vt 0.831049 0.264252
vt 0.836991 0.268155
vt 0.834541 0.262231
vt 0.839272 0.267542
vt 0.838437 0.261185
vt 0.841634 0.267542
vt 0.842470 0.261184
vt 0.843916 0.268154
vt 0.846365 0.262230
vt 0.845962 0.269337
vt 0.849858 0.264249
vt 0.847632 0.271010
vt 0.852710 0.267106
vt 0.848813 0.273060
vt 0.854726 0.270605
vt 0.849425 0.275346
vt 0.855770 0.274508
vt 0.849425 0.277712
vt 0.855770 0.278548
vt 0.848813 0.279999
vt 0.854726 0.282452
vt 0.869376 0.030398
vt 0.875289 0.027943
vt 0.869987 0.032684
vt 0.876333 0.031846
vt 0.869987 0.035051
vt 0.876333 0.035887
vt 0.869376 0.037337
vt 0.875289 0.039790
vt 0.868195 0.039387
vt 0.873272 0.043289
vt 0.866524 0.041060
vt 0.870421 0.046147
vt 0.864479 0.042244
vt 0.866928 0.048168
vt 0.862197 0.042857
vt 0.863032 0.049214
vt 0.859835 0.042857
vt 0.859000 0.049215
vt 0.857553 0.042245
vt 0.855104 0.048170
vt 0.855508 0.041062
vt 0.851611 0.046150
vt 0.853837 0.039389
vt 0.848760 0.043293
vt 0.852656 0.037340
vt 0.846743 0.039794
vt 0.852045 0.035054
vt 0.845699 0.035892
vt 0.852045 0.032687
vt 0.845699 0.031851
vt 0.852656 0.030401
vt 0.846743 0.027948
vt 0.853837 0.028351
vt 0.848760 0.024448
vt 0.855508 0.026677
vt 0.851611 0.021591
vt 0.857553 0.025494
vt 0.855104 0.019570
vt 0.859835 0.024881
vt 0.859000 0.018523
vt 0.862197 0.024880
vt 0.863032 0.018523
vt 0.864479 0.025493
vt 0.866928 0.019568
vt 0.866524 0.026676
vt 0.870421 0.021588
vt 0.868195 0.028349
vt 0.873272 0.024444
vt 0.773679 0.283724
vt 0.769782 0.288812
vt 0.772008 0.282051
vt 0.766931 0.285955
vt 0.770827 0.280001
vt 0.764914 0.282456
vt 0.770216 0.277715
vt 0.763870 0.278553
vt 0.770216 0.275349
vt 0.763870 0.274513
vt 0.770827 0.273063
vt 0.764914 0.270610
vt 0.772008 0.271013
vt 0.766931 0.267110
vt 0.773679 0.269339
vt 0.769782 0.264252
vt 0.775724 0.268155
vt 0.773275 0.262231
vt 0.778006 0.267542
vt 0.777171 0.261185
vt 0.780368 0.267542
vt 0.781204 0.261184
vt 0.782650 0.268154
vt 0.785099 0.262230
vt 0.784695 0.269337
vt 0.788592 0.264249
vt 0.786366 0.271010
vt 0.791443 0.267106
vt 0.787547 0.273060
vt 0.793460 0.270605
vt 0.788158 0.275346
vt 0.794504 0.274508
vt 0.788158 0.277712
vt 0.794504 0.278548
vt 0.787547 0.279999
vt 0.793460 0.282452
vt 0.786366 0.282048
vt 0.791443 0.285951
vt 0.784695 0.283722
vt 0.788592 0.288809
vt 0.782650 0.284906
vt 0.785099 0.290830
vt 0.780368 0.285519
vt 0.781204 0.291876
vt 0.778006 0.285519
vt 0.777171 0.291877
vt 0.775724 0.284907
vt 0.773275 0.290832
vt 0.880058 0.275346
vt 0.886403 0.274508
vt 0.880058 0.277712
vt 0.886403 0.278548
vt 0.879446 0.279999
vt 0.885359 0.282452
vt 0.878265 0.282048
vt 0.883343 0.285951
vt 0.876595 0.283722
vt 0.880491 0.288809
vt 0.874549 0.284906
vt 0.876999 0.290830
vt 0.872268 0.285519
vt 0.873103 0.291876
vt 0.869905 0.285519
vt 0.869070 0.291877
vt 0.867624 0.284907
vt 0.865175 0.290832
vt 0.865578 0.283724
vt 0.861682 0.288812
vt 0.863908 0.282051
vt 0.858830 0.285955
vt 0.862727 0.280001
vt 0.856814 0.282456
vt 0.862115 0.277715
vt 0.855770 0.278553
vt 0.862115 0.275349
vt 0.855770 0.274513
vt 0.862727 0.273063
vt 0.856814 0.270610
vt 0.863908 0.271013
vt 0.858830 0.267110
vt 0.865578 0.269339
vt 0.861682 0.264252
vt 0.867624 0.268155
vt 0.865175 0.262231
vt 0.869905 0.267542
vt 0.869070 0.261185
vt 0.872268 0.267542
vt 0.873103 0.261184
vt 0.874549 0.268154
vt 0.876999 0.262230
vt 0.876595 0.269337
vt 0.880491 0.264249
vt 0.878265 0.271010
vt 0.883343 0.267106
vt 0.879446 0.273060
vt 0.885359 0.270605
vt 0.526978 0.110558
vt 0.526978 0.039800
vt 0.549087 0.000000
vt 0.549087 0.291876
vt 0.526978 0.252074
vt 0.526978 0.181316
vt 0.350103 0.181309
vt 0.350103 0.110551
vt 0.920313 0.460067
vt 0.879238 0.459918
vt 0.879135 0.389164
vt 0.920067 0.292026
vt 0.879036 0.321801
vt 0.878992 0.291877
vt 0.022106 0.252075
vt 0.000000 0.291877
vt 0.022106 0.239707
vt 0.000000 0.000000
vt 0.029825 0.238846
vt 0.031738 0.239379
vt 0.026044 0.236789
vt 0.026777 0.237313
vt 0.028651 0.238367
vt 0.022234 0.231594
vt 0.022352 0.231981
vt 0.022825 0.233047
vt 0.032333 0.239489
vt 0.033370 0.239625
vt 0.035048 0.239696
vt 0.022107 0.230783
vt 0.022113 0.230885
vt 0.022129 0.231053
vt 0.022147 0.231185
vt 0.022158 0.231249
vt 0.022169 0.231306
vt 0.022996 0.233356
vt 0.023971 0.234787
vt 0.024394 0.235281
vt 0.024481 0.235376
vt 0.024929 0.235833
vt 0.022106 0.061203
vt 0.022106 0.061182
vt 0.022106 0.039801
vt 0.022106 0.073208
vt 0.022106 0.075367
vt 0.022106 0.061964
vt 0.022106 0.062611
vt 0.022106 0.084641
vt 0.022106 0.207297
vt 0.022106 0.216543
vt 0.022106 0.067483
vt 0.022106 0.069234
vt 0.022106 0.071152
vt 0.022106 0.061265
vt 0.022106 0.061521
vt 0.022106 0.063484
vt 0.022106 0.064591
vt 0.022106 0.220765
vt 0.022106 0.224428
vt 0.022106 0.225983
vt 0.022106 0.227329
vt 0.022106 0.227918
vt 0.022106 0.228448
vt 0.022106 0.228917
vt 0.022106 0.229324
vt 0.022106 0.229673
vt 0.022106 0.229970
vt 0.022106 0.230756
vt 0.006933 0.291877
vt 0.022106 0.230756
vt 0.917138 0.929894
vt 0.878757 0.930047
vt 0.878841 0.900171
vt 0.917611 0.761854
vt 0.879031 0.832761
vt 0.879230 0.762007
vt 0.808612 0.460067
vt 0.820441 0.459042
vt 0.837088 0.453997
vt 0.852002 0.445030
vt 0.864280 0.432686
vt 0.873177 0.417713
vt 0.878154 0.401018
vt 0.878067 0.820907
vt 0.873112 0.804211
vt 0.864236 0.789237
vt 0.851974 0.776893
vt 0.837072 0.767925
vt 0.820431 0.762879
vt 0.808604 0.761854
vt 0.874304 0.918197
vt 0.868733 0.927317
vt 0.866411 0.930020
vt 0.876895 0.910858
vt 0.878552 0.903307
vt 0.860804 0.292205
vt 0.860032 0.292136
vt 0.857651 0.291922
vt 0.857669 0.291924
vt 0.857688 0.291925
vt 0.870684 0.297643
vt 0.868728 0.295808
vt 0.867344 0.294803
vt 0.864955 0.293497
vt 0.858840 0.292029
vt 0.858245 0.291975
vt 0.857948 0.291949
vt 0.857799 0.291935
vt 0.857725 0.291929
vt 0.878733 0.318563
vt 0.876897 0.310513
vt 0.874254 0.303277
vt 0.864636 0.293357
vt 0.862379 0.292566
vt 0.873275 0.301312
vt 0.872012 0.299277
vt 0.756271 0.591249
vt 0.758699 0.768122
vt 0.688912 0.592171
vt 0.691340 0.769044
vt 0.350088 0.098702
vt 0.765630 0.768030
vt 0.768116 0.591095
vt 0.526963 0.098708
vt 0.350083 0.096757
vt 0.526887 0.082036
vt 0.350012 0.082029
vt 0.349923 0.071281
vt 0.526753 0.067103
vt 0.349878 0.067096
vt 0.349790 0.060572
vt 0.526567 0.054816
vt 0.808604 0.767604
vt 0.802099 0.767647
vt 0.799671 0.590774
vt 0.797939 0.767680
vt 0.784770 0.590907
vt 0.787198 0.767780
vt 0.785742 0.767795
vt 0.779219 0.767866
vt 0.772494 0.767944
vt 0.770544 0.767968
vt 0.758649 0.538352
vt 0.758654 0.361462
vt 0.770503 0.361454
vt 0.350098 0.188244
vt 0.526963 0.193171
vt 0.770498 0.538344
vt 0.772448 0.361451
vt 0.787165 0.538306
vt 0.787170 0.361416
vt 0.797912 0.361371
vt 0.802088 0.538237
vt 0.802093 0.361347
vt 0.808612 0.361303
vt 0.526567 0.237198
vt 0.349790 0.231396
vt 0.526753 0.224848
vt 0.349878 0.224841
vt 0.349923 0.220655
vt 0.526887 0.209869
vt 0.350012 0.209863
vt 0.350022 0.208401
vt 0.350057 0.201857
vt 0.350082 0.195117
vt 0.350088 0.193164
vt 0.691240 0.361462
vt 0.691235 0.538352
vt 0.898508 0.662590
vt 0.898508 0.697903
vt 0.822464 0.662540
vt 0.822464 0.697854
vt 0.752070 0.292853
vt 0.754056 0.302248
vt 0.666152 0.301220
vt 0.667804 0.307024
vt 0.754568 0.305198
vt 0.754851 0.306943
vt 0.670756 0.315191
vt 0.755621 0.312209
vt 0.675343 0.325841
vt 0.758130 0.340238
vt 0.684904 0.344104
vt 0.757880 0.335758
vt 0.679131 0.333746
vt 0.757284 0.327565
vt 0.677444 0.330311
vt 0.757125 0.325725
vt 0.756572 0.320093
vt 0.758568 0.352789
vt 0.690994 0.358388
vt 0.689553 0.353070
vt 0.909943 0.752688
vt 0.824086 0.760927
vt 0.909578 0.751027
vt 0.822665 0.751190
vt 0.908990 0.748334
vt 0.908494 0.746046
vt 0.822560 0.736064
vt 0.905721 0.733051
vt 0.822544 0.733002
vt 0.905350 0.731286
vt 0.905003 0.729635
vt 0.822485 0.716192
vt 0.901977 0.715025
vt 0.900670 0.708621
vt 0.293695 0.114615
vt 0.295450 0.114334
vt 0.295454 0.177619
vt 0.341428 0.110638
vt 0.332404 0.180957
vt 0.300743 0.178365
vt 0.300743 0.113568
vt 0.311758 0.179593
vt 0.308667 0.112622
vt 0.314317 0.179824
vt 0.314314 0.112073
vt 0.316159 0.179979
vt 0.324374 0.111322
vt 0.328886 0.111072
vt 0.293297 0.177280
vt 0.287182 0.176192
vt 0.290744 0.115122
vt 0.961321 0.708851
vt 0.959344 0.708574
vt 0.964692 0.647690
vt 0.954825 0.707917
vt 0.953061 0.650636
vt 0.953056 0.707651
vt 0.950151 0.651342
vt 0.947801 0.651905
vt 0.941300 0.705782
vt 0.934253 0.655035
vt 0.934250 0.704589
vt 0.932429 0.655444
vt 0.932429 0.704273
vt 0.930668 0.655836
vt 0.920434 0.702121
vt 0.915781 0.659052
vt 0.915781 0.701255
vt 0.913330 0.659567
vt 0.909225 0.660419
vt 0.686850 0.783985
vt 0.758574 0.785822
vt 0.684869 0.787396
vt 0.757777 0.802037
vt 0.676207 0.804269
vt 0.757641 0.803875
vt 0.757432 0.806460
vt 0.674575 0.807963
vt 0.756304 0.817417
vt 0.671780 0.814746
vt 0.755598 0.822690
vt 0.755273 0.824847
vt 0.668560 0.823839
vt 0.669098 0.822162
vt 0.754222 0.830931
vt 0.911292 0.598594
vt 0.910881 0.600661
vt 0.825783 0.590828
vt 0.458549 0.800001
vt 0.468151 0.714780
vt 0.468151 0.802412
vt 0.909943 0.605371
vt 0.823257 0.599966
vt 0.822665 0.606988
vt 0.901483 0.647732
vt 0.822485 0.643995
vt 0.901977 0.645265
vt 0.822544 0.626476
vt 0.902916 0.640569
vt 0.909577 0.607207
vt 0.907160 0.619331
vt 0.822560 0.623297
vt 0.905721 0.626539
vt 0.905350 0.628396
vt 0.690850 0.773825
vt 0.688520 0.780658
vt 0.761173 0.819481
vt 0.299356 0.081746
vt 0.307833 0.078331
vt 0.309607 0.088917
vt 0.283766 0.108270
vt 0.296711 0.103907
vt 0.905459 0.648691
vt 0.912417 0.634836
vt 0.919370 0.641568
vt 0.912377 0.655600
vt 0.929307 0.651965
vt 0.957086 0.641246
vt 0.950617 0.643888
vt 0.943790 0.646566
vt 0.908931 0.652141
vt 0.926080 0.648482
vt 0.939427 0.641245
vt 0.919364 0.621208
vt 0.926178 0.608134
vt 0.924671 0.625922
vt 0.933319 0.613894
vt 0.908889 0.631573
vt 0.913952 0.616768
vt 0.916410 0.609726
vt 0.797592 0.778988
vt 0.808182 0.779097
vt 0.785498 0.778553
vt 0.790589 0.789582
vt 0.788725 0.799774
vt 0.782963 0.798999
vt 0.784555 0.789038
vt 0.788631 0.826238
vt 0.796335 0.810195
vt 0.797021 0.818840
vt 0.800926 0.810306
vt 0.298634 0.072813
vt 0.307142 0.068804
vt 0.791429 0.809805
vt 0.784408 0.825818
vt 0.786249 0.809143
vt 0.780005 0.825105
vt 0.780839 0.808216
vt 0.775452 0.824108
vt 0.775242 0.807033
vt 0.771823 0.787497
vt 0.765239 0.786512
vt 0.779038 0.778221
vt 0.778280 0.788341
vt 0.915049 0.600705
vt 0.918793 0.603005
vt 0.758011 0.832683
vt 0.761779 0.834212
vt 0.763667 0.803935
vt 0.922508 0.605485
vt 0.928009 0.593249
vt 0.923264 0.590774
vt 0.770776 0.822834
vt 0.766007 0.821289
vt 0.769504 0.805604
vt 0.932669 0.596026
vt 0.937216 0.599090
vt 0.941620 0.602422
vt 0.945853 0.606008
vt 0.340212 0.096997
vt 0.339263 0.083882
vt 0.338619 0.071780
vt 0.338301 0.061148
vt 0.321207 0.098782
vt 0.330527 0.097683
vt 0.318820 0.086680
vt 0.328779 0.084962
vt 0.317297 0.075425
vt 0.327645 0.073189
vt 0.316686 0.065403
vt 0.327163 0.062792
vt 0.804208 0.800740
vt 0.799397 0.800651
vt 0.806685 0.790246
vt 0.801708 0.790191
vt 0.794220 0.800328
vt 0.796326 0.789969
vt 0.304234 0.101955
vt 0.293724 0.094487
vt 0.287065 0.097621
vt 0.289880 0.106027
vt 0.967224 0.647015
vt 0.963136 0.638659
vt 0.952077 0.633997
vt 0.312412 0.100228
vt 0.301239 0.091553
vt 0.291853 0.085535
vt 0.963598 0.626907
vt 0.958008 0.630419
vt 0.957274 0.618060
vt 0.946380 0.626940
vt 0.962239 0.613841
vt 0.949889 0.609827
vt 0.954417 0.604936
vt 0.940091 0.620198
vt 0.929819 0.630867
vt 0.934754 0.635993
vt 0.029714 0.590406
vt 0.027240 0.584969
vt 0.029714 0.578119
vt 0.298596 0.183219
vt 0.912375 0.704765
vt 0.787425 0.310863
vt 0.790850 0.319337
vt 0.780272 0.321064
vt 0.765277 0.308195
vt 0.768967 0.323836
vt 0.926076 0.711457
vt 0.919366 0.718438
vt 0.908888 0.728250
vt 0.916410 0.748695
vt 0.911992 0.761854
vt 0.918794 0.754774
vt 0.760904 0.295349
vt 0.913952 0.742207
vt 0.908929 0.708240
vt 0.905458 0.711665
vt 0.912413 0.725087
vt 0.919362 0.737971
vt 0.939422 0.717957
vt 0.952069 0.724120
vt 0.934752 0.723322
vt 0.946380 0.731352
vt 0.929303 0.707882
vt 0.943785 0.712442
vt 0.950610 0.714572
vt 0.338608 0.220155
vt 0.338291 0.230818
vt 0.339257 0.208012
vt 0.328120 0.212988
vt 0.317955 0.211014
vt 0.318830 0.205237
vt 0.328770 0.206937
vt 0.291326 0.210725
vt 0.307341 0.218574
vt 0.298597 0.219207
vt 0.307136 0.223200
vt 0.796349 0.310196
vt 0.800368 0.318706
vt 0.307825 0.213641
vt 0.291830 0.206477
vt 0.308584 0.208440
vt 0.292628 0.202057
vt 0.309607 0.203017
vt 0.293711 0.197492
vt 0.310885 0.197415
vt 0.330520 0.194193
vt 0.331606 0.187614
vt 0.339696 0.201537
vt 0.329572 0.200653
vt 0.959300 0.712728
vt 0.957078 0.716576
vt 0.285367 0.179974
vt 0.283773 0.183741
vt 0.314171 0.185852
vt 0.954664 0.720379
vt 0.966293 0.724979
vt 0.282405 0.187477
vt 0.296703 0.188044
vt 0.295072 0.192811
vt 0.312410 0.191679
vt 0.963579 0.729722
vt 0.960564 0.734332
vt 0.957266 0.738780
vt 0.953699 0.743035
vt 0.772206 0.351579
vt 0.785315 0.350658
vt 0.797409 0.350060
vt 0.808030 0.349807
vt 0.770417 0.332611
vt 0.771517 0.341903
vt 0.782514 0.330260
vt 0.784230 0.340182
vt 0.793761 0.328787
vt 0.795995 0.339093
vt 0.803774 0.328240
vt 0.806382 0.338674
vt 0.316694 0.226586
vt 0.316880 0.221737
vt 0.327147 0.229178
vt 0.327303 0.224164
vt 0.317302 0.216531
vt 0.327628 0.218750
vt 0.767233 0.315676
vt 0.774690 0.305237
vt 0.771554 0.298638
vt 0.763152 0.301415
vt 0.921085 0.760384
vt 0.926178 0.749956
vt 0.777627 0.312705
vt 0.783634 0.303409
vt 0.932662 0.760576
vt 0.929476 0.755468
vt 0.941609 0.754396
vt 0.933319 0.744380
vt 0.945462 0.758821
vt 0.949883 0.747072
vt 0.954408 0.751061
vt 0.940094 0.738144
vt 0.929818 0.728481
vt 0.924670 0.733380
vt 0.687806 0.358992
vt 0.688102 0.361460
vt 0.684308 0.354516
vt 0.680542 0.347572
vt 0.683360 0.350779
vt 0.686577 0.355668
vt 0.688097 0.538350
vt 0.680537 0.538337
vt 0.664029 0.538275
vt 0.661313 0.538257
vt 0.661318 0.525312
vt 0.673107 0.341320
vt 0.673182 0.538317
vt 0.668790 0.337196
vt 0.664074 0.332370
vt 0.662724 0.330934
vt 0.037118 0.235163
vt 0.229356 0.240962
vt 0.657063 0.523305
vt 0.658570 0.326294
vt 0.234060 0.236948
vt 0.236608 0.234456
vt 0.037770 0.232942
vt 0.038438 0.229749
vt 0.038706 0.228014
vt 0.038920 0.226321
vt 0.237508 0.233518
vt 0.039034 0.225280
vt 0.039554 0.217955
vt 0.245870 0.223155
vt 0.039266 0.222715
vt 0.244315 0.225334
vt 0.240351 0.230345
vt 0.039758 0.207305
vt 0.254942 0.207302
vt 0.039736 0.211235
vt 0.252312 0.212552
vt 0.039657 0.215136
vt 0.250908 0.215109
vt 0.250464 0.215887
vt 0.677608 0.592342
vt 0.685672 0.592217
vt 0.688099 0.769090
vt 0.687118 0.773931
vt 0.685384 0.777284
vt 0.684150 0.776451
vt 0.680236 0.783812
vt 0.687941 0.771075
vt 0.689713 0.769066
vt 0.681368 0.784723
vt 0.682522 0.785628
vt 0.681943 0.785177
vt 0.683809 0.786609
vt 0.683692 0.786521
vt 0.664652 0.827111
vt 0.263464 0.077943
vt 0.262661 0.078586
vt 0.259950 0.074451
vt 0.257738 0.076226
vt 0.260572 0.080249
vt 0.257699 0.082521
vt 0.257317 0.082821
vt 0.254990 0.084647
vt 0.252847 0.080316
vt 0.820062 0.600167
vt 0.819213 0.607179
vt 0.815543 0.607835
vt 0.660278 0.817291
vt 0.664058 0.810929
vt 0.665884 0.812040
vt 0.664184 0.798963
vt 0.668092 0.794853
vt 0.669145 0.795690
vt 0.660584 0.802975
vt 0.662850 0.800420
vt 0.664038 0.801478
vt 0.235296 0.056076
vt 0.232373 0.053372
vt 0.236601 0.054859
vt 0.659356 0.807203
vt 0.660772 0.808491
vt 0.665332 0.802527
vt 0.666719 0.803553
vt 0.671409 0.797342
vt 0.672607 0.798146
vt 0.670315 0.792619
vt 0.673832 0.789269
vt 0.670252 0.796522
vt 0.675543 0.790539
vt 0.676431 0.791168
vt 0.671311 0.806382
vt 0.265817 0.076043
vt 0.264719 0.076934
vt 0.261900 0.072940
vt 0.814203 0.600954
vt 0.815583 0.600623
vt 0.814334 0.608170
vt 0.657009 0.823572
vt 0.659366 0.824994
vt 0.657097 0.831222
vt 0.811823 0.609100
vt 0.810790 0.605760
vt 0.812900 0.601374
vt 0.258988 0.069228
vt 0.259801 0.068668
vt 0.655773 0.830480
vt 0.654535 0.829660
vt 0.655655 0.826648
vt 0.817028 0.600380
vt 0.819704 0.607128
vt 0.661938 0.826182
vt 0.664630 0.819677
vt 0.662382 0.818561
vt 0.658496 0.831879
vt 0.659958 0.832450
vt 0.663015 0.833313
vt 0.065070 0.591378
vt 0.066837 0.586665
vt 0.066837 0.597617
vt 0.467985 0.805612
vt 0.254104 0.079246
vt 0.250587 0.076188
vt 0.248974 0.073475
vt 0.250330 0.070302
vt 0.247694 0.066721
vt 0.257153 0.070595
vt 0.255993 0.065792
vt 0.245767 0.068571
vt 0.244487 0.066774
vt 0.244989 0.063387
vt 0.240636 0.061850
vt 0.242231 0.060299
vt 0.242102 0.063644
vt 0.243234 0.065095
vt 0.237986 0.058843
vt 0.239431 0.057458
vt 0.236856 0.057647
vt 0.658358 0.815892
vt 0.662347 0.809740
vt 0.668187 0.804545
vt 0.669723 0.805491
vt 0.675104 0.799674
vt 0.243788 0.058966
vt 0.246697 0.061901
vt 0.249561 0.065089
vt 0.252885 0.074129
vt 0.252366 0.068535
vt 0.251323 0.063710
vt 0.654925 0.821954
vt 0.654809 0.817313
vt 0.656653 0.814397
vt 0.657204 0.810033
vt 0.255344 0.078202
vt 0.255096 0.072246
vt 0.254272 0.067017
vt 0.252930 0.062622
vt 0.667801 0.813055
vt 0.669776 0.813961
vt 0.819525 0.644030
vt 0.265520 0.095939
vt 0.262863 0.097238
vt 0.270021 0.128254
vt 0.268463 0.113485
vt 0.272977 0.128254
vt 0.271354 0.112866
vt 0.274584 0.128254
vt 0.275403 0.111995
vt 0.279007 0.111213
vt 0.278808 0.128252
vt 0.277119 0.128253
vt 0.811651 0.644543
vt 0.810012 0.662217
vt 0.808604 0.645000
vt 0.282405 0.128251
vt 0.280804 0.128251
vt 0.815367 0.644213
vt 0.813645 0.662390
vt 0.811631 0.662306
vt 0.819504 0.662523
vt 0.817892 0.662501
vt 0.815346 0.662444
vt 0.819599 0.623391
vt 0.815440 0.623868
vt 0.811723 0.624721
vt 0.272546 0.092470
vt 0.275242 0.091118
vt 0.810202 0.609918
vt 0.269239 0.094110
vt 0.281946 0.110568
vt 0.819504 0.697836
vt 0.817892 0.697814
vt 0.815346 0.697757
vt 0.813645 0.697703
vt 0.811631 0.697619
vt 0.810012 0.697530
vt 0.282405 0.163630
vt 0.280804 0.163631
vt 0.278808 0.163631
vt 0.277119 0.163632
vt 0.274584 0.163633
vt 0.272977 0.163633
vt 0.270021 0.163633
vt 0.271349 0.179046
vt 0.268458 0.178426
vt 0.262839 0.194697
vt 0.257267 0.209131
vt 0.265495 0.195998
vt 0.257648 0.209431
vt 0.269213 0.197828
vt 0.258962 0.210470
vt 0.272519 0.199468
vt 0.262606 0.213367
vt 0.260519 0.211704
vt 0.275214 0.200818
vt 0.264662 0.215019
vt 0.263408 0.214010
vt 0.815440 0.735319
vt 0.812856 0.749201
vt 0.811723 0.734216
vt 0.811824 0.748702
vt 0.265759 0.215909
vt 0.819705 0.751022
vt 0.819599 0.735939
vt 0.819214 0.750962
vt 0.815544 0.750188
vt 0.819525 0.716123
vt 0.815367 0.715784
vt 0.811651 0.715183
vt 0.808604 0.714354
vt 0.275398 0.179917
vt 0.279001 0.180697
vt 0.281940 0.181339
vt 0.062295 0.586665
vt 0.065070 0.587724
vt 0.062295 0.597023
vt 0.659061 0.324131
vt 0.660455 0.322840
vt 0.665166 0.328834
vt 0.813404 0.752894
vt 0.266325 0.216371
vt 0.263404 0.220249
vt 0.254017 0.212766
vt 0.246520 0.224543
vt 0.241142 0.231139
vt 0.235573 0.236748
vt 0.236215 0.237324
vt 0.254951 0.219823
vt 0.249321 0.227061
vt 0.253866 0.218910
vt 0.248406 0.226279
vt 0.252751 0.217945
vt 0.247470 0.225439
vt 0.251614 0.216935
vt 0.241928 0.231882
vt 0.242704 0.232570
vt 0.655464 0.317687
vt 0.656215 0.316910
vt 0.657895 0.315407
vt 0.256999 0.221469
vt 0.251068 0.228428
vt 0.255999 0.220679
vt 0.250210 0.227779
vt 0.653448 0.310189
vt 0.244940 0.234282
vt 0.654361 0.309315
vt 0.655353 0.308476
vt 0.251888 0.229005
vt 0.257945 0.222189
vt 0.659786 0.313994
vt 0.656417 0.307679
vt 0.658740 0.306230
vt 0.653795 0.301523
vt 0.656327 0.299929
vt 0.655485 0.296886
vt 0.658444 0.295611
vt 0.816346 0.753787
vt 0.681609 0.346692
vt 0.677375 0.339638
vt 0.682696 0.345818
vt 0.673725 0.332472
vt 0.683797 0.344953
vt 0.674951 0.331720
vt 0.676193 0.330998
vt 0.667362 0.318229
vt 0.669304 0.317301
vt 0.663955 0.304036
vt 0.665478 0.319262
vt 0.664072 0.311561
vt 0.675644 0.340870
vt 0.663895 0.329880
vt 0.670229 0.334867
vt 0.669146 0.335692
vt 0.261796 0.219067
vt 0.258828 0.222830
vt 0.252664 0.229506
vt 0.652666 0.302427
vt 0.662003 0.321586
vt 0.666526 0.327807
vt 0.658428 0.324783
vt 0.672525 0.333251
vt 0.667963 0.326812
vt 0.663684 0.320387
vt 0.661858 0.312704
vt 0.661277 0.305008
vt 0.659160 0.298662
vt 0.662192 0.297754
vt 0.817082 0.757041
vt 0.820103 0.757367
vt 0.243468 0.233201
vt 0.661341 0.291877
vt 0.689665 0.361461
vt 0.668134 0.594911
vt 0.668378 0.592497
vt 0.670351 0.592462
vt 0.038430 0.062165
vt 0.037256 0.057158
vt 0.039266 0.069192
vt 0.039055 0.066835
vt 0.039657 0.076971
vt 0.039508 0.073079
vt 0.039758 0.084650
vt 0.039756 0.083282
vt 0.038726 0.064075
vt 0.654535 0.607828
vt 0.667376 0.597222
vt 0.661546 0.604042
vt 0.034778 0.051784
vt 0.228353 0.050118
vt 0.659578 0.605354
vt 0.663522 0.602419
vt 0.666016 0.599598
vt 0.659178 0.603103
vt 0.032526 0.052307
vt 0.022669 0.059665
vt 0.022483 0.059172
vt 0.022699 0.058011
vt 0.022529 0.062410
vt 0.006611 0.583176
vt 0.005650 0.582158
vt 0.006299 0.581270
vt 0.005348 0.579137
vt 0.023261 0.065702
vt 0.022588 0.063569
vt 0.023122 0.062552
vt 0.022843 0.060381
vt 0.023265 0.059279
vt 0.023707 0.061544
vt 0.029714 0.291877
vt 0.022107 0.061159
vt 0.022107 0.061118
vt 0.022122 0.060647
vt 0.022107 0.061040
vt 0.022108 0.060889
vt 0.022106 0.061178
vt 0.022124 0.060650
vt 0.022285 0.060344
vt 0.022373 0.060811
vt 0.022456 0.061494
vt 0.023719 0.058191
vt 0.022930 0.056866
vt 0.024203 0.057123
vt 0.022160 0.060185
vt 0.025013 0.059574
vt 0.026335 0.062283
vt 0.024338 0.060550
vt 0.024681 0.063958
vt 0.024715 0.056079
vt 0.023439 0.054642
vt 0.023999 0.052542
vt 0.006965 0.293036
vt 0.006965 0.292999
vt 0.006971 0.293009
vt 0.006977 0.292932
vt 0.006965 0.292924
vt 0.006989 0.292782
vt 0.006965 0.292775
vt 0.007006 0.292540
vt 0.006965 0.292476
vt 0.007030 0.292078
vt 0.006965 0.291877
vt 0.022103 0.059991
vt 0.022101 0.058797
vt 0.022099 0.058024
vt 0.025729 0.058621
vt 0.027270 0.056799
vt 0.028190 0.060710
vt 0.028937 0.055120
vt 0.030213 0.059274
vt 0.030700 0.053615
vt 0.032367 0.058003
vt 0.034606 0.056919
vt 0.028253 0.050577
vt 0.027001 0.052236
vt 0.025815 0.054081
vt 0.024602 0.050606
vt 0.666333 0.592535
vt 0.662958 0.600135
vt 0.663765 0.595830
vt 0.025237 0.048868
vt 0.661620 0.598839
vt 0.031045 0.077525
vt 0.033786 0.077200
vt 0.032294 0.084649
vt 0.033797 0.084650
vt 0.036683 0.076951
vt 0.036543 0.084650
vt 0.004948 0.600209
vt 0.004948 0.590935
vt 0.007847 0.600209
vt 0.007407 0.589902
vt 0.008036 0.600209
vt 0.010323 0.594426
vt 0.010562 0.600209
vt 0.012658 0.593931
vt 0.011906 0.600209
vt 0.026347 0.078368
vt 0.028543 0.077918
vt 0.025361 0.084646
vt 0.014669 0.593480
vt 0.015122 0.600209
vt 0.028488 0.084648
vt 0.031020 0.084649
vt 0.006907 0.585272
vt 0.007176 0.587525
vt 0.004948 0.588776
vt 0.004948 0.586720
vt 0.004948 0.584801
vt 0.004948 0.583051
vt 0.004948 0.580159
vt 0.008658 0.583858
vt 0.009667 0.588897
vt 0.010164 0.582508
vt 0.011676 0.587944
vt 0.026536 0.066944
vt 0.028584 0.065690
vt 0.026478 0.072380
vt 0.028628 0.071505
vt 0.030850 0.064562
vt 0.031047 0.070730
vt 0.033286 0.063585
vt 0.033675 0.070077
vt 0.035833 0.062779
vt 0.036440 0.069559
vt 0.008060 0.581587
vt 0.005687 0.578119
vt 0.006893 0.580390
vt 0.022091 0.056446
vt 0.022072 0.054186
vt 0.022069 0.053866
vt 0.022038 0.051474
vt 0.022015 0.050087
vt 0.021972 0.048130
vt 0.664688 0.592568
vt 0.024744 0.066021
vt 0.007429 0.579524
vt 0.023940 0.064824
vt 0.008924 0.733805
vt 0.007281 0.733086
vt 0.007586 0.728071
vt 0.008090 0.738714
vt 0.006809 0.737702
vt 0.031867 0.239165
vt 0.022637 0.232146
vt 0.035580 0.218591
vt 0.035651 0.214890
vt 0.035413 0.235318
vt 0.035244 0.225621
vt 0.034930 0.228871
vt 0.035450 0.222181
vt 0.035680 0.211116
vt 0.035685 0.207305
vt 0.036543 0.207305
vt 0.004948 0.732111
vt 0.004948 0.722865
vt 0.007696 0.722865
vt 0.005424 0.736673
vt 0.004948 0.736333
vt 0.005284 0.740413
vt 0.004948 0.739996
vt 0.004948 0.741551
vt 0.023141 0.227799
vt 0.023060 0.229259
vt 0.022324 0.227807
vt 0.022312 0.228409
vt 0.022299 0.228951
vt 0.022283 0.229430
vt 0.022266 0.229847
vt 0.022247 0.230205
vt 0.022117 0.230784
vt 0.022115 0.230806
vt 0.022108 0.230720
vt 0.022188 0.230967
vt 0.022178 0.231050
vt 0.025847 0.233455
vt 0.024831 0.232096
vt 0.024494 0.233458
vt 0.024080 0.234537
vt 0.029193 0.231945
vt 0.030673 0.232927
vt 0.029313 0.237143
vt 0.030574 0.238204
vt 0.034460 0.231884
vt 0.033799 0.234621
vt 0.005939 0.743366
vt 0.006235 0.741680
vt 0.007074 0.742929
vt 0.024206 0.223148
vt 0.025265 0.228583
vt 0.024165 0.227363
vt 0.025088 0.230465
vt 0.009253 0.739699
vt 0.007794 0.744149
vt 0.025382 0.224134
vt 0.026477 0.229762
vt 0.028152 0.225979
vt 0.029717 0.226817
vt 0.029828 0.220811
vt 0.028167 0.220232
vt 0.026646 0.219605
vt 0.032214 0.233821
vt 0.031106 0.230385
vt 0.031382 0.227583
vt 0.031537 0.224553
vt 0.011222 0.728808
vt 0.012838 0.729152
vt 0.011834 0.735168
vt 0.013204 0.722864
vt 0.011906 0.722864
vt 0.011506 0.722864
vt 0.028124 0.217126
vt 0.007824 0.295035
vt 0.007030 0.298077
vt 0.007030 0.291877
vt 0.026522 0.213589
vt 0.028074 0.213912
vt 0.028031 0.210626
vt 0.014608 0.726187
vt 0.026443 0.207302
vt 0.028488 0.207303
vt 0.032294 0.207305
vt 0.031624 0.210907
vt 0.031638 0.214472
vt 0.031640 0.217959
vt 0.031613 0.221333
vt 0.026939 0.234758
vt 0.022107 0.230737
vt 0.022118 0.230758
vt 0.006933 0.291964
vt 0.006932 0.292342
vt 0.006932 0.291877
vt 0.022106 0.230736
vt 0.022119 0.230730
vt 0.022120 0.230699
vt 0.022167 0.231122
vt 0.022121 0.230666
vt 0.022123 0.230629
vt 0.022125 0.230547
vt 0.022208 0.230763
vt 0.022228 0.230510
vt 0.022802 0.231434
vt 0.022947 0.230476
vt 0.008036 0.722865
vt 0.009463 0.728446
vt 0.010448 0.734502
vt 0.010285 0.740646
vt 0.026703 0.225082
vt 0.027791 0.230886
vt 0.028097 0.235991
vt 0.085348 0.592359
vt 0.085348 0.586665
vt 0.086512 0.587444
vt 0.087585 0.592971
vt 0.086512 0.591751
vt 0.087585 0.586665
vt 0.730171 0.267108
vt 0.732192 0.270607
vt 0.717891 0.276530
vt 0.733237 0.274510
vt 0.733237 0.278551
vt 0.719912 0.261184
vt 0.723815 0.262230
vt 0.727314 0.264251
vt 0.708469 0.264250
vt 0.711968 0.262230
vt 0.715871 0.261184
vt 0.702546 0.274510
vt 0.703591 0.270607
vt 0.705612 0.267108
vt 0.705612 0.285953
vt 0.703591 0.282454
vt 0.702546 0.278551
vt 0.715871 0.291876
vt 0.711968 0.290830
vt 0.708469 0.288810
vt 0.727314 0.288810
vt 0.723815 0.290830
vt 0.719912 0.291876
vt 0.732192 0.282454
vt 0.730171 0.285953
vt 0.931255 0.460067
vt 0.931255 0.283220
vt 0.935261 0.460055
vt 0.935261 0.283207
vt 0.938995 0.460019
vt 0.938995 0.283172
vt 0.942203 0.459962
vt 0.942203 0.283114
vt 0.566977 0.806908
vt 0.566977 0.983798
vt 0.563757 0.806927
vt 0.563757 0.983817
vt 0.560014 0.806940
vt 0.560014 0.983829
vt 0.556005 0.806944
vt 0.556005 0.983833
vt 0.552002 0.806939
vt 0.552002 0.983829
vt 0.548279 0.806927
vt 0.548279 0.983816
vt 0.545088 0.806907
vt 0.545088 0.983797
vt 0.219442 0.982146
vt 0.219442 0.805271
vt 0.222642 0.982109
vt 0.222642 0.805234
vt 0.226371 0.982085
vt 0.226371 0.805210
vt 0.230376 0.982077
vt 0.230376 0.805202
vt 0.234383 0.982085
vt 0.234383 0.805210
vt 0.238120 0.982108
vt 0.238120 0.805233
vt 0.241332 0.982145
vt 0.241332 0.805270
vt 0.522168 0.983832
vt 0.522168 0.806942
vt 0.525365 0.983813
vt 0.525365 0.806923
vt 0.529092 0.983801
vt 0.529092 0.806911
vt 0.533096 0.983797
vt 0.533096 0.806907
vt 0.537104 0.983801
vt 0.537104 0.806911
vt 0.540843 0.983813
vt 0.540843 0.806923
vt 0.544058 0.983832
vt 0.544058 0.806942
vt 0.920313 0.459962
vt 0.920313 0.283114
vt 0.923517 0.460019
vt 0.923517 0.283171
vt 0.927249 0.460055
vt 0.927249 0.283207
vt 0.609425 0.270607
vt 0.610471 0.274510
vt 0.595125 0.276530
vt 0.610471 0.278551
vt 0.609425 0.282454
vt 0.601048 0.262230
vt 0.604548 0.264251
vt 0.607405 0.267108
vt 0.589202 0.262230
vt 0.593105 0.261184
vt 0.597145 0.261184
vt 0.580825 0.270607
vt 0.582845 0.267108
vt 0.585702 0.264251
vt 0.580825 0.282454
vt 0.579779 0.278551
vt 0.579779 0.274510
vt 0.589202 0.290830
vt 0.585702 0.288810
vt 0.582845 0.285953
vt 0.601048 0.290830
vt 0.597145 0.291876
vt 0.593105 0.291876
vt 0.607405 0.285953
vt 0.604548 0.288810
vt 0.909379 0.256499
vt 0.909379 0.079652
vt 0.913385 0.256487
vt 0.913385 0.079639
vt 0.917119 0.256451
vt 0.917119 0.079603
vt 0.920326 0.256394
vt 0.920326 0.079546
vt 0.304295 0.806921
vt 0.304295 0.983810
vt 0.301074 0.806940
vt 0.301074 0.983830
vt 0.297332 0.806952
vt 0.297332 0.983842
vt 0.293322 0.806956
vt 0.293322 0.983846
vt 0.289320 0.806952
vt 0.289320 0.983842
vt 0.285596 0.806939
vt 0.285596 0.983829
vt 0.282405 0.806920
vt 0.282405 0.983809
vt 0.241332 0.982146
vt 0.241332 0.805271
vt 0.244531 0.982109
vt 0.244531 0.805234
vt 0.248261 0.982085
vt 0.248261 0.805210
vt 0.252265 0.982077
vt 0.252265 0.805202
vt 0.256273 0.982085
vt 0.256273 0.805210
vt 0.260010 0.982108
vt 0.260010 0.805233
vt 0.263222 0.982145
vt 0.263222 0.805270
vt 0.961391 0.938779
vt 0.961391 0.761889
vt 0.964587 0.938760
vt 0.964587 0.761870
vt 0.968315 0.938748
vt 0.968315 0.761858
vt 0.972319 0.938744
vt 0.972319 0.761854
vt 0.976327 0.938748
vt 0.976327 0.761858
vt 0.980066 0.938759
vt 0.980066 0.761869
vt 0.983280 0.938778
vt 0.983280 0.761888
vt 0.898437 0.256393
vt 0.898437 0.079546
vt 0.901641 0.256451
vt 0.901641 0.079603
vt 0.905373 0.256487
vt 0.905373 0.079639
vt 0.638096 0.267108
vt 0.640117 0.270607
vt 0.625817 0.276530
vt 0.641162 0.274510
vt 0.641162 0.278551
vt 0.627837 0.261184
vt 0.631740 0.262230
vt 0.635239 0.264251
vt 0.616394 0.264251
vt 0.619893 0.262230
vt 0.623796 0.261184
vt 0.610471 0.274510
vt 0.611517 0.270607
vt 0.613537 0.267108
vt 0.613537 0.285953
vt 0.611517 0.282454
vt 0.610471 0.278551
vt 0.623796 0.291876
vt 0.619893 0.290830
vt 0.616394 0.288810
vt 0.635239 0.288810
vt 0.631740 0.290830
vt 0.627837 0.291876
vt 0.640117 0.282454
vt 0.638096 0.285953
vt 0.928553 0.938807
vt 0.928553 0.761959
vt 0.932560 0.938795
vt 0.932560 0.761947
vt 0.936294 0.938759
vt 0.936294 0.761911
vt 0.939501 0.938702
vt 0.939501 0.761854
vt 0.610756 0.806908
vt 0.610756 0.983798
vt 0.607535 0.806928
vt 0.607536 0.983817
vt 0.603793 0.806940
vt 0.603793 0.983829
vt 0.599784 0.806944
vt 0.599784 0.983833
vt 0.595781 0.806939
vt 0.595781 0.983829
vt 0.592057 0.806927
vt 0.592057 0.983816
vt 0.588867 0.806907
vt 0.588867 0.983797
vt 0.175663 0.982146
vt 0.175663 0.805271
vt 0.178863 0.982109
vt 0.178863 0.805234
vt 0.182592 0.982085
vt 0.182592 0.805210
vt 0.186596 0.982077
vt 0.186596 0.805202
vt 0.190604 0.982085
vt 0.190604 0.805210
vt 0.194341 0.982108
vt 0.194341 0.805233
vt 0.197553 0.982145
vt 0.197553 0.805270
vt 0.632646 0.983832
vt 0.632646 0.806942
vt 0.635842 0.983813
vt 0.635842 0.806923
vt 0.639570 0.983801
vt 0.639570 0.806911
vt 0.643574 0.983797
vt 0.643574 0.806907
vt 0.647582 0.983801
vt 0.647582 0.806911
vt 0.651321 0.983813
vt 0.651321 0.806923
vt 0.654535 0.983832
vt 0.654535 0.806942
vt 0.917611 0.938701
vt 0.917611 0.761854
vt 0.920815 0.938758
vt 0.920815 0.761911
vt 0.924547 0.938794
vt 0.924547 0.761947
vt 0.576713 0.267108
vt 0.578733 0.270607
vt 0.564433 0.276530
vt 0.579779 0.274510
vt 0.579779 0.278551
vt 0.566454 0.261184
vt 0.570357 0.262230
vt 0.573856 0.264251
vt 0.555011 0.264251
vt 0.558510 0.262230
vt 0.562413 0.261184
vt 0.549088 0.274510
vt 0.550133 0.270607
vt 0.552154 0.267108
vt 0.552154 0.285953
vt 0.550133 0.282454
vt 0.549088 0.278551
vt 0.562413 0.291876
vt 0.558510 0.290830
vt 0.555011 0.288810
vt 0.573856 0.288810
vt 0.570357 0.290830
vt 0.566454 0.291876
vt 0.578733 0.282454
vt 0.576713 0.285953
vt 0.931268 0.256499
vt 0.931268 0.079652
vt 0.935275 0.256487
vt 0.935275 0.079639
vt 0.939009 0.256451
vt 0.939009 0.079603
vt 0.942216 0.256394
vt 0.942216 0.079546
vt 0.326184 0.806921
vt 0.326184 0.983810
vt 0.322963 0.806940
vt 0.322963 0.983830
vt 0.319221 0.806952
vt 0.319221 0.983842
vt 0.315212 0.806956
vt 0.315212 0.983846
vt 0.311209 0.806952
vt 0.311209 0.983842
vt 0.307485 0.806939
vt 0.307485 0.983829
vt 0.304295 0.806920
vt 0.304295 0.983809
vt 0.942216 0.256490
vt 0.942216 0.079615
vt 0.945416 0.256453
vt 0.945416 0.079578
vt 0.949145 0.256429
vt 0.949145 0.079554
vt 0.953149 0.256421
vt 0.953149 0.079546
vt 0.957157 0.256429
vt 0.957157 0.079554
vt 0.960894 0.256452
vt 0.960894 0.079577
vt 0.964106 0.256489
vt 0.964106 0.079614
vt 0.500279 0.983832
vt 0.500279 0.806942
vt 0.503475 0.983813
vt 0.503475 0.806923
vt 0.507203 0.983801
vt 0.507203 0.806911
vt 0.511207 0.983797
vt 0.511207 0.806907
vt 0.515215 0.983801
vt 0.515215 0.806911
vt 0.518953 0.983813
vt 0.518953 0.806923
vt 0.522168 0.983832
vt 0.522168 0.806942
vt 0.920326 0.256393
vt 0.920326 0.079546
vt 0.923531 0.256451
vt 0.923531 0.079603
vt 0.927263 0.256487
vt 0.927263 0.079639
vt 0.701500 0.270607
vt 0.702546 0.274510
vt 0.687200 0.276530
vt 0.702546 0.278551
vt 0.701500 0.282454
vt 0.693123 0.262230
vt 0.696622 0.264250
vt 0.699480 0.267108
vt 0.681277 0.262230
vt 0.685180 0.261184
vt 0.689220 0.261184
vt 0.672900 0.270607
vt 0.674920 0.267108
vt 0.677777 0.264250
vt 0.672900 0.282454
vt 0.671854 0.278551
vt 0.671854 0.274510
vt 0.681277 0.290830
vt 0.677777 0.288810
vt 0.674920 0.285953
vt 0.693123 0.290830
vt 0.689220 0.291876
vt 0.685180 0.291876
vt 0.699480 0.285953
vt 0.696622 0.288810
vt 0.950443 0.938807
vt 0.950443 0.761959
vt 0.954449 0.938795
vt 0.954449 0.761947
vt 0.958183 0.938759
vt 0.958183 0.761911
vt 0.961391 0.938702
vt 0.961391 0.761854
vt 0.348073 0.806921
vt 0.348073 0.983810
vt 0.344853 0.806940
vt 0.344853 0.983830
vt 0.341110 0.806952
vt 0.341110 0.983842
vt 0.337101 0.806956
vt 0.337101 0.983846
vt 0.333098 0.806952
vt 0.333098 0.983841
vt 0.329375 0.806939
vt 0.329375 0.983829
vt 0.326184 0.806920
vt 0.326184 0.983809
vt 0.942203 0.460058
vt 0.942203 0.283183
vt 0.945402 0.460021
vt 0.945402 0.283146
vt 0.949131 0.459997
vt 0.949131 0.283122
vt 0.953136 0.459989
vt 0.953136 0.283114
vt 0.957143 0.459997
vt 0.957143 0.283122
vt 0.960880 0.460020
vt 0.960880 0.283145
vt 0.964092 0.460057
vt 0.964092 0.283182
vt 0.478389 0.983832
vt 0.478389 0.806942
vt 0.481586 0.983813
vt 0.481586 0.806923
vt 0.485313 0.983801
vt 0.485313 0.806911
vt 0.489317 0.983797
vt 0.489317 0.806907
vt 0.493325 0.983801
vt 0.493325 0.806911
vt 0.497064 0.983813
vt 0.497064 0.806923
vt 0.500278 0.983831
vt 0.500278 0.806941
vt 0.939501 0.938701
vt 0.939501 0.761854
vt 0.942705 0.938758
vt 0.942705 0.761911
vt 0.946437 0.938794
vt 0.946437 0.761947
vt 0.644229 0.285953
vt 0.642208 0.282454
vt 0.656508 0.276530
vt 0.641163 0.278551
vt 0.641163 0.274510
vt 0.654488 0.291876
vt 0.650585 0.290830
vt 0.647086 0.288810
vt 0.665931 0.288810
vt 0.662432 0.290830
vt 0.658529 0.291876
vt 0.671854 0.278551
vt 0.670808 0.282454
vt 0.668788 0.285953
vt 0.668788 0.267108
vt 0.670808 0.270607
vt 0.671854 0.274510
vt 0.658529 0.261184
vt 0.662432 0.262230
vt 0.665931 0.264250
vt 0.647086 0.264250
vt 0.650585 0.262230
vt 0.654488 0.261184
vt 0.642208 0.270607
vt 0.644229 0.267108
vt 0.018766 0.468830
vt 0.018766 0.291983
vt 0.022773 0.468818
vt 0.022773 0.291970
vt 0.026507 0.468782
vt 0.026507 0.291934
vt 0.029714 0.468725
vt 0.029714 0.291877
vt 0.588867 0.806908
vt 0.588867 0.983798
vt 0.585646 0.806928
vt 0.585646 0.983817
vt 0.581904 0.806940
vt 0.581904 0.983829
vt 0.577895 0.806944
vt 0.577895 0.983833
vt 0.573892 0.806939
vt 0.573892 0.983829
vt 0.570168 0.806927
vt 0.570168 0.983816
vt 0.566978 0.806907
vt 0.566978 0.983797
vt 0.197553 0.982146
vt 0.197553 0.805271
vt 0.200752 0.982109
vt 0.200752 0.805234
vt 0.204481 0.982085
vt 0.204481 0.805210
vt 0.208486 0.982077
vt 0.208486 0.805202
vt 0.212493 0.982085
vt 0.212493 0.805210
vt 0.216231 0.982108
vt 0.216231 0.805233
vt 0.219442 0.982145
vt 0.219442 0.805270
vt 0.610756 0.983832
vt 0.610756 0.806942
vt 0.613953 0.983813
vt 0.613953 0.806923
vt 0.617680 0.983801
vt 0.617680 0.806911
vt 0.621684 0.983797
vt 0.621684 0.806907
vt 0.625692 0.983801
vt 0.625692 0.806911
vt 0.629431 0.983813
vt 0.629431 0.806923
vt 0.632646 0.983832
vt 0.632646 0.806941
vt 0.007824 0.468725
vt 0.007824 0.291877
vt 0.011028 0.468782
vt 0.011028 0.291934
vt 0.014760 0.468818
vt 0.014760 0.291970
vt 0.108219 0.974456
vt 0.109818 0.973532
vt 0.112526 0.980070
vt 0.111603 0.973054
vt 0.113450 0.973054
vt 0.105511 0.979146
vt 0.105989 0.977362
vt 0.106912 0.975762
vt 0.106912 0.984377
vt 0.105989 0.982777
vt 0.105511 0.980993
vt 0.111603 0.987085
vt 0.109818 0.986607
vt 0.108219 0.985683
vt 0.116834 0.985683
vt 0.115234 0.986607
vt 0.113450 0.987085
vt 0.119541 0.980993
vt 0.119063 0.982777
vt 0.118140 0.984377
vt 0.118140 0.975762
vt 0.119063 0.977362
vt 0.119541 0.979146
vt 0.115234 0.973532
vt 0.116834 0.974456
vt 0.440601 0.975433
vt 0.441907 0.974127
vt 0.446214 0.979741
vt 0.443507 0.973204
vt 0.445291 0.972726
vt 0.439199 0.980664
vt 0.439199 0.978817
vt 0.439677 0.977033
vt 0.441907 0.985354
vt 0.440601 0.984048
vt 0.439677 0.982449
vt 0.447138 0.986756
vt 0.445291 0.986756
vt 0.443507 0.986278
vt 0.451828 0.984048
vt 0.450522 0.985354
vt 0.448922 0.986278
vt 0.453230 0.978817
vt 0.453230 0.980664
vt 0.452751 0.982449
vt 0.450522 0.974127
vt 0.451828 0.975433
vt 0.452751 0.977033
vt 0.447138 0.972726
vt 0.448922 0.973204
vt 0.773921 0.973677
vt 0.775705 0.973198
vt 0.776628 0.980214
vt 0.777552 0.973198
vt 0.779336 0.973677
vt 0.770091 0.977506
vt 0.771015 0.975906
vt 0.772321 0.974600
vt 0.770091 0.982921
vt 0.769613 0.981137
vt 0.769613 0.979290
vt 0.773921 0.986751
vt 0.772321 0.985827
vt 0.771015 0.984521
vt 0.779336 0.986751
vt 0.777552 0.987229
vt 0.775705 0.987229
vt 0.783166 0.982921
vt 0.782242 0.984521
vt 0.780936 0.985827
vt 0.783166 0.977506
vt 0.783644 0.979290
vt 0.783644 0.981137
vt 0.780936 0.974600
vt 0.782242 0.975906
vt 0.012250 0.976320
vt 0.013556 0.975013
vt 0.017863 0.980627
vt 0.015155 0.974090
vt 0.016940 0.973612
vt 0.010848 0.981551
vt 0.010848 0.979703
vt 0.011326 0.977919
vt 0.013556 0.986241
vt 0.012250 0.984935
vt 0.011326 0.983335
vt 0.018787 0.987642
vt 0.016940 0.987642
vt 0.015155 0.987164
vt 0.023477 0.984935
vt 0.022171 0.986241
vt 0.020571 0.987164
vt 0.024878 0.979703
vt 0.024878 0.981551
vt 0.024400 0.983335
vt 0.022171 0.975013
vt 0.023477 0.976320
vt 0.024400 0.977919
vt 0.018787 0.973612
vt 0.020571 0.974090
vt 0.135969 0.805202
vt 0.145205 0.805202
vt 0.140587 0.840278
vt 0.154126 0.807592
vt 0.162124 0.812210
vt 0.112519 0.818741
vt 0.119050 0.812210
vt 0.127048 0.807593
vt 0.105511 0.844896
vt 0.105511 0.835661
vt 0.107901 0.826740
vt 0.119050 0.868347
vt 0.112519 0.861816
vt 0.107901 0.853818
vt 0.145205 0.875355
vt 0.135969 0.875355
vt 0.127048 0.872964
vt 0.168655 0.861816
vt 0.162124 0.868346
vt 0.154126 0.872964
vt 0.175663 0.835660
vt 0.175663 0.844896
vt 0.173273 0.853817
vt 0.168655 0.818741
vt 0.173273 0.826739
s 0
usemtl finger_tip_2
f 1/1/1 2/2/1 3/3/1
f 2/2/1 4/4/1 3/3/1
f 3/3/1 4/4/1 5/5/1
f 6/6/1 7/7/1 3/3/1
f 7/7/1 8/8/1 3/3/1
f 3/3/1 8/8/1 1/1/1
f 9/9/1 10/10/1 3/3/1
f 10/10/1 11/11/1 3/3/1
f 3/3/1 11/11/1 6/6/1
f 12/12/1 13/13/1 3/3/1
f 13/13/1 14/14/1 3/3/1
f 3/3/1 14/14/1 9/9/1
f 15/15/1 16/16/1 3/3/1
f 16/16/1 17/17/1 3/3/1
f 3/3/1 17/17/1 12/12/1
f 18/18/1 19/19/1 3/3/1
f 19/19/1 20/20/1 3/3/1
f 3/3/1 20/20/1 15/15/1
f 21/21/1 22/22/1 3/3/1
f 22/22/1 23/23/1 3/3/1
f 3/3/1 23/23/1 18/18/1
f 5/5/1 24/24/1 3/3/1
f 24/24/1 25/25/1 3/3/1
f 3/3/1 25/25/1 21/21/1
f 26/26/1 27/27/1 28/28/1
f 27/27/1 29/29/1 28/28/1
f 28/28/1 29/29/1 30/30/1
f 31/31/1 32/32/1 28/28/1
f 32/32/1 33/33/1 28/28/1
f 28/28/1 33/33/1 26/26/1
f 34/34/1 35/35/1 28/28/1
f 35/35/1 36/36/1 28/28/1
f 28/28/1 36/36/1 31/31/1
f 37/37/1 38/38/1 28/28/1
f 38/38/1 39/39/1 28/28/1
f 28/28/1 39/39/1 34/34/1
f 40/40/1 41/41/1 28/28/1
f 41/41/1 42/42/1 28/28/1
f 28/28/1 42/42/1 37/37/1
f 43/43/1 44/44/1 28/28/1
f 44/44/1 45/45/1 28/28/1
f 28/28/1 45/45/1 40/40/1
f 46/46/1 47/47/1 28/28/1
f 47/47/1 48/48/1 28/28/1
f 28/28/1 48/48/1 43/43/1
f 30/30/1 49/49/1 28/28/1
f 49/49/1 50/50/1 28/28/1
f 28/28/1 50/50/1 46/46/1
f 51/51/1 52/52/1 53/53/1
f 52/52/1 54/54/1 53/53/1
f 53/53/1 54/54/1 55/55/1
f 56/56/1 57/57/1 53/53/1
f 57/57/1 58/58/1 53/53/1
f 53/53/1 58/58/1 51/51/1
f 59/59/1 60/60/1 53/53/1
f 60/60/1 61/61/1 53/53/1
f 53/53/1 61/61/1 56/56/1
f 62/62/1 63/63/1 53/53/1
f 63/63/1 64/64/1 53/53/1
f 53/53/1 64/64/1 59/59/1
f 65/65/1 66/66/1 53/53/1
f 66/66/1 67/67/1 53/53/1
f 53/53/1 67/67/1 62/62/1
f 68/68/1 69/69/1 53/53/1
f 69/69/1 70/70/1 53/53/1
f 53/53/1 70/70/1 65/65/1
f 71/71/1 72/72/1 53/53/1
f 72/72/1 73/73/1 53/53/1
f 53/53/1 73/73/1 68/68/1
f 55/55/1 74/74/1 53/53/1
f 74/74/1 75/75/1 53/53/1
f 53/53/1 75/75/1 71/71/1
f 76/76/1 77/77/1 78/78/1
f 77/77/1 79/79/1 78/78/1
f 78/78/1 79/79/1 80/80/1
f 81/81/1 82/82/1 78/78/1
f 82/82/1 83/83/1 78/78/1
f 78/78/1 83/83/1 76/76/1
f 84/84/1 85/85/1 78/78/1
f 85/85/1 86/86/1 78/78/1
f 78/78/1 86/86/1 81/81/1
f 87/87/1 88/88/1 78/78/1
f 88/88/1 89/89/1 78/78/1
f 78/78/1 89/89/1 84/84/1
f 90/90/1 91/91/1 78/78/1
f 91/91/1 92/92/1 78/78/1
f 78/78/1 92/92/1 87/87/1
f 93/93/1 94/94/1 78/78/1
f 94/94/1 95/95/1 78/78/1
f 78/78/1 95/95/1 90/90/1
f 96/96/1 97/97/1 78/78/1
f 97/97/1 98/98/1 78/78/1
f 78/78/1 98/98/1 93/93/1
f 80/80/1 99/99/1 78/78/1
f 99/99/1 100/100/1 78/78/1
f 78/78/1 100/100/1 96/96/1
f 101/101/1 102/102/1 103/103/1
f 102/102/1 104/104/1 103/103/1
f 103/103/1 104/104/1 105/105/1
f 106/106/1 107/107/1 103/103/1
f 107/107/1 108/108/1 103/103/1
f 103/103/1 108/108/1 101/101/1
f 109/109/1 110/110/1 103/103/1
f 110/110/1 111/111/1 103/103/1
f 103/103/1 111/111/1 106/106/1
f 112/112/1 113/113/1 103/103/1
f 113/113/1 114/114/1 103/103/1
f 103/103/1 114/114/1 109/109/1
f 115/115/1 116/116/1 103/103/1
f 116/116/1 117/117/1 103/103/1
f 103/103/1 117/117/1 112/112/1
f 118/118/1 119/119/1 103/103/1
f 119/119/1 120/120/1 103/103/1
f 103/103/1 120/120/1 115/115/1
f 121/121/1 122/122/1 103/103/1
f 122/122/1 123/123/1 103/103/1
f 103/103/1 123/123/1 118/118/1
f 105/105/1 124/124/1 103/103/1
f 124/124/1 125/125/1 103/103/1
f 103/103/1 125/125/1 121/121/1
f 126/126/1 127/127/1 128/128/1
f 127/127/1 129/129/1 128/128/1
f 128/128/1 129/129/1 130/130/1
f 131/131/1 132/132/1 128/128/1
f 132/132/1 133/133/1 128/128/1
f 128/128/1 133/133/1 126/126/1
f 134/134/1 135/135/1 128/128/1
f 135/135/1 136/136/1 128/128/1
f 128/128/1 136/136/1 131/131/1
f 137/137/1 138/138/1 128/128/1
f 138/138/1 139/139/1 128/128/1
f 128/128/1 139/139/1 134/134/1
f 140/140/1 141/141/1 128/128/1
f 141/141/1 142/142/1 128/128/1
f 128/128/1 142/142/1 137/137/1
f 143/143/1 144/144/1 128/128/1
f 144/144/1 145/145/1 128/128/1
f 128/128/1 145/145/1 140/140/1
f 146/146/1 147/147/1 128/128/1
f 147/147/1 148/148/1 128/128/1
f 128/128/1 148/148/1 143/143/1
f 130/130/1 149/149/1 128/128/1
f 149/149/1 150/150/1 128/128/1
f 128/128/1 150/150/1 146/146/1
f 151/151/1 152/152/1 153/153/1
f 152/152/1 154/154/1 153/153/1
f 153/153/1 154/154/1 155/155/1
f 156/156/1 157/157/1 153/153/1
f 157/157/1 158/158/1 153/153/1
f 153/153/1 158/158/1 151/151/1
f 159/159/1 160/160/1 153/153/1
f 160/160/1 161/161/1 153/153/1
f 153/153/1 161/161/1 156/156/1
f 162/162/1 163/163/1 153/153/1
f 163/163/1 164/164/1 153/153/1
f 153/153/1 164/164/1 159/159/1
f 165/165/1 166/166/1 153/153/1
f 166/166/1 167/167/1 153/153/1
f 153/153/1 167/167/1 162/162/1
f 168/168/1 169/169/1 153/153/1
f 169/169/1 170/170/1 153/153/1
f 153/153/1 170/170/1 165/165/1
f 171/171/1 172/172/1 153/153/1
f 172/172/1 173/173/1 153/153/1
f 153/153/1 173/173/1 168/168/1
f 155/155/1 174/174/1 153/153/1
f 174/174/1 175/175/1 153/153/1
f 153/153/1 175/175/1 171/171/1
f 176/176/1 177/177/1 178/178/1
f 177/177/1 179/179/1 178/178/1
f 178/178/1 179/179/1 180/180/1
f 181/181/1 182/182/1 178/178/1
f 182/182/1 183/183/1 178/178/1
f 178/178/1 183/183/1 176/176/1
f 184/184/1 185/185/1 178/178/1
f 185/185/1 186/186/1 178/178/1
f 178/178/1 186/186/1 181/181/1
f 187/187/1 188/188/1 178/178/1
f 188/188/1 189/189/1 178/178/1
f 178/178/1 189/189/1 184/184/1
f 190/190/1 191/191/1 178/178/1
f 191/191/1 192/192/1 178/178/1
f 178/178/1 192/192/1 187/187/1
f 193/193/1 194/194/1 178/178/1
f 194/194/1 195/195/1 178/178/1
f 178/178/1 195/195/1 190/190/1
f 196/196/1 197/197/1 178/178/1
f 197/197/1 198/198/1 178/178/1
f 178/178/1 198/198/1 193/193/1
f 180/180/1 199/199/1 178/178/1
f 199/199/1 200/200/1 178/178/1
f 178/178/1 200/200/1 196/196/1
f 201/201/1 202/202/1 203/203/1
f 202/202/1 204/204/1 203/203/1
f 203/203/1 204/204/1 205/205/1
f 206/206/1 207/207/1 203/203/1
f 207/207/1 208/208/1 203/203/1
f 203/203/1 208/208/1 201/201/1
f 209/209/1 210/210/1 203/203/1
f 210/210/1 211/211/1 203/203/1
f 203/203/1 211/211/1 206/206/1
f 212/212/1 213/213/1 203/203/1
f 213/213/1 214/214/1 203/203/1
f 203/203/1 214/214/1 209/209/1
f 215/215/1 216/216/1 203/203/1
f 216/216/1 217/217/1 203/203/1
f 203/203/1 217/217/1 212/212/1
f 218/218/1 219/219/1 203/203/1
f 219/219/1 220/220/1 203/203/1
f 203/203/1 220/220/1 215/215/1
f 221/221/1 222/222/1 203/203/1
f 222/222/1 223/223/1 203/203/1
f 203/203/1 223/223/1 218/218/1
f 205/205/1 224/224/1 203/203/1
f 224/224/1 225/225/1 203/203/1
f 203/203/1 225/225/1 221/221/1
f 226/226/1 227/227/1 228/228/1
f 227/227/1 229/229/1 228/228/1
f 228/228/1 229/229/1 230/230/1
f 231/231/1 232/232/1 228/228/1
f 232/232/1 233/233/1 228/228/1
f 228/228/1 233/233/1 226/226/1
f 234/234/1 235/235/1 228/228/1
f 235/235/1 236/236/1 228/228/1
f 228/228/1 236/236/1 231/231/1
f 237/237/1 238/238/1 228/228/1
f 238/238/1 239/239/1 228/228/1
f 228/228/1 239/239/1 234/234/1
f 240/240/1 241/241/1 228/228/1
f 241/241/1 242/242/1 228/228/1
f 228/228/1 242/242/1 237/237/1
f 243/243/1 244/244/1 228/228/1
f 244/244/1 245/245/1 228/228/1
f 228/228/1 245/245/1 240/240/1
f 246/246/1 247/247/1 228/228/1
f 247/247/1 248/248/1 228/228/1
f 228/228/1 248/248/1 243/243/1
f 230/230/1 249/249/1 228/228/1
f 249/249/1 250/250/1 228/228/1
f 228/228/1 250/250/1 246/246/1
f 251/251/1 252/252/1 253/253/1
f 252/252/1 254/254/1 253/253/1
f 253/253/1 254/254/1 255/255/1
f 256/256/1 257/257/1 253/253/1
f 257/257/1 258/258/1 253/253/1
f 253/253/1 258/258/1 251/251/1
f 259/259/1 260/260/1 253/253/1
f 260/260/1 261/261/1 253/253/1
f 253/253/1 261/261/1 256/256/1
f 262/262/1 263/263/1 253/253/1
f 263/263/1 264/264/1 253/253/1
f 253/253/1 264/264/1 259/259/1
f 265/265/1 266/266/1 253/253/1
f 266/266/1 267/267/1 253/253/1
f 253/253/1 267/267/1 262/262/1
f 268/268/1 269/269/1 253/253/1
f 269/269/1 270/270/1 253/253/1
f 253/253/1 270/270/1 265/265/1
f 271/271/1 272/272/1 253/253/1
f 272/272/1 273/273/1 253/253/1
f 253/253/1 273/273/1 268/268/1
f 255/255/1 274/274/1 253/253/1
f 274/274/1 275/275/1 253/253/1
f 253/253/1 275/275/1 271/271/1
f 276/276/1 277/277/1 278/278/1
f 277/277/1 279/279/1 278/278/1
f 278/278/1 279/279/1 280/280/1
f 281/281/1 282/282/1 278/278/1
f 282/282/1 283/283/1 278/278/1
f 278/278/1 283/283/1 276/276/1
f 284/284/1 285/285/1 278/278/1
f 285/285/1 286/286/1 278/278/1
f 278/278/1 286/286/1 281/281/1
f 287/287/1 288/288/1 278/278/1
f 288/288/1 289/289/1 278/278/1
f 278/278/1 289/289/1 284/284/1
f 290/290/1 291/291/1 278/278/1
f 291/291/1 292/292/1 278/278/1
f 278/278/1 292/292/1 287/287/1
f 293/293/1 294/294/1 278/278/1
f 294/294/1 295/295/1 278/278/1
f 278/278/1 295/295/1 290/290/1
f 296/296/1 297/297/1 278/278/1
f 297/297/1 298/298/1 278/278/1
f 278/278/1 298/298/1 293/293/1
f 280/280/1 299/299/1 278/278/1
f 299/299/1 300/300/1 278/278/1
f 278/278/1 300/300/1 296/296/1
f 301/301/2 302/302/2 303/303/2
f 301/301/2 303/303/2 304/304/2
f 303/303/3 305/305/3 304/304/3
f 304/304/3 305/305/3 306/306/3
f 305/307/4 307/308/4 306/309/4
f 306/309/4 307/308/4 308/310/4
f 307/308/5 309/311/5 308/310/5
f 308/310/5 309/311/5 310/312/5
f 309/311/6 311/313/6 310/312/6
f 310/312/6 311/313/6 312/314/6
f 301/315/7 313/316/7 302/317/7
f 313/316/7 314/318/7 302/317/7
f 302/317/7 314/318/7 315/319/7
f 314/318/7 316/320/7 315/319/7
f 314/318/7 317/321/7 318/322/7
f 318/322/7 319/323/7 314/318/7
f 319/323/7 320/324/7 314/318/7
f 314/318/7 320/324/7 316/320/7
f 321/325/8 322/326/8 318/327/8
f 323/328/9 324/329/9 319/330/9
f 324/329/10 325/331/10 319/330/10
f 319/330/11 325/331/11 320/332/11
f 318/327/12 322/326/12 319/333/12
f 322/326/13 326/334/13 319/333/13
f 319/333/14 326/334/14 323/335/14
f 317/336/15 314/337/15 327/338/15
f 327/338/16 328/339/16 317/336/16
f 328/339/17 329/340/17 317/336/17
f 317/336/18 329/340/18 318/327/18
f 329/340/19 330/341/19 318/327/19
f 318/327/20 330/341/20 321/325/20
f 331/342/21 315/343/21 332/344/21
f 315/343/22 316/345/22 332/344/22
f 325/331/23 333/346/23 320/332/23
f 333/346/24 334/347/24 320/332/24
f 320/332/25 334/347/25 316/345/25
f 334/347/26 335/348/26 316/345/26
f 316/345/27 335/348/27 332/344/27
f 336/349/28 337/350/28 338/351/28
f 337/350/28 339/352/28 338/351/28
f 340/353/28 331/354/28 341/355/28
f 331/354/28 332/356/28 341/355/28
f 341/355/29 332/356/29 335/357/29
f 324/358/28 342/359/28 325/360/28
f 342/359/28 341/355/28 325/360/28
f 335/357/28 334/361/28 341/355/28
f 334/361/28 333/362/28 341/355/28
f 341/355/28 333/362/28 325/360/28
f 338/351/30 339/352/30 343/363/30
f 339/352/30 344/364/30 343/363/30
f 345/365/31 346/366/31 347/367/31
f 345/365/31 347/367/31 348/368/31
f 347/367/32 349/369/32 348/368/32
f 348/368/32 349/369/32 350/370/32
f 349/369/33 351/371/33 350/370/33
f 350/370/34 351/371/34 352/372/34
f 351/373/35 353/374/35 352/375/35
f 352/375/35 353/374/35 354/376/35
f 353/374/36 355/377/36 354/376/36
f 354/376/36 355/377/36 356/378/36
f 355/377/37 357/379/37 356/378/37
f 356/378/37 357/379/37 358/380/37
f 357/379/38 359/381/38 358/380/38
f 358/380/38 359/381/38 360/382/38
f 359/381/39 343/363/39 360/382/39
f 360/382/39 343/363/39 344/364/39
f 361/383/40 362/384/40 363/385/40
f 362/384/40 364/386/40 363/385/40
f 346/366/40 345/365/40 365/387/40
f 345/365/40 366/388/40 365/387/40
f 367/389/40 368/390/40 369/391/40
f 368/390/40 370/392/40 369/391/40
f 371/393/40 372/394/40 373/395/40
f 372/394/40 374/396/40 373/395/40
f 363/397/41 364/398/41 375/399/41
f 364/398/41 376/400/41 375/399/41
f 377/401/42 378/402/42 379/403/42
f 378/402/42 380/404/42 379/403/42
f 379/403/43 380/404/43 381/405/43
f 380/404/43 382/406/43 381/405/43
f 381/405/44 382/406/44 383/407/44
f 382/406/44 384/408/44 383/407/44
f 383/407/45 384/408/45 385/409/45
f 384/408/45 386/410/45 385/409/45
f 385/409/46 386/410/46 387/411/46
f 386/410/46 388/412/46 387/411/46
f 387/413/47 388/414/47 389/415/47
f 388/414/47 390/416/47 389/415/47
f 389/415/48 390/416/48 391/417/48
f 390/416/48 392/418/48 391/417/48
f 391/417/49 392/418/49 393/419/49
f 392/418/49 394/420/49 393/419/49
f 393/419/50 394/420/50 395/421/50
f 394/420/50 396/422/50 395/421/50
f 395/421/51 396/422/51 397/423/51
f 396/422/51 398/424/51 397/423/51
f 397/423/52 398/424/52 399/425/52
f 398/424/52 400/426/52 399/425/52
f 399/427/53 400/428/53 401/429/53
f 400/428/53 402/430/53 401/429/53
f 401/429/54 402/430/54 403/431/54
f 402/430/54 404/432/54 403/431/54
f 403/431/55 404/432/55 405/433/55
f 404/432/55 406/434/55 405/433/55
f 405/433/56 406/434/56 407/435/56
f 406/434/56 408/436/56 407/435/56
f 407/435/57 408/436/57 409/437/57
f 408/436/57 410/438/57 409/437/57
f 409/437/58 410/438/58 411/439/58
f 410/438/58 412/440/58 411/439/58
f 411/441/59 412/442/59 413/443/59
f 412/442/59 414/444/59 413/443/59
f 413/443/60 414/444/60 415/445/60
f 414/444/60 416/446/60 415/445/60
f 415/445/61 416/446/61 417/447/61
f 416/446/61 418/448/61 417/447/61
f 417/447/62 418/448/62 419/449/62
f 418/448/62 420/450/62 419/449/62
f 419/449/63 420/450/63 421/451/63
f 420/450/63 422/452/63 421/451/63
f 421/451/64 422/452/64 376/400/64
f 422/452/64 375/399/64 376/400/64
f 378/453/65 377/454/65 423/455/65
f 377/454/65 424/456/65 423/455/65
f 425/457/28 426/458/28 427/459/28
f 426/458/28 423/455/28 427/459/28
f 427/459/28 423/455/28 424/456/28
f 426/458/30 425/457/30 428/460/30
f 425/457/30 429/461/30 428/460/30
f 430/462/31 431/463/31 432/464/31
f 430/462/31 432/464/31 433/465/31
f 432/464/32 434/466/32 433/465/32
f 433/465/32 434/466/32 435/467/32
f 434/466/34 436/468/34 435/467/34
f 435/467/66 436/468/66 437/469/66
f 436/470/35 438/471/35 437/472/35
f 437/472/35 438/471/35 439/473/35
f 438/471/36 440/474/36 439/473/36
f 439/473/36 440/474/36 441/475/36
f 440/474/37 442/476/37 441/475/37
f 441/475/37 442/476/37 443/477/37
f 442/476/38 444/478/38 443/477/38
f 443/477/38 444/478/38 445/479/38
f 444/478/39 428/460/39 445/479/39
f 445/479/39 428/460/39 429/461/39
f 446/480/40 447/481/40 448/482/40
f 447/481/40 449/483/40 448/482/40
f 448/482/40 449/483/40 450/484/40
f 431/463/40 430/462/40 451/485/40
f 430/462/40 452/486/40 451/485/40
f 453/487/40 454/488/40 455/489/40
f 454/488/40 456/490/40 455/489/40
f 457/491/40 458/492/40 459/493/40
f 458/492/40 460/494/40 459/493/40
f 459/493/40 460/494/40 461/495/40
f 460/494/40 462/496/40 461/495/40
f 463/497/40 464/498/40 465/499/40
f 464/498/40 466/500/40 465/499/40
f 467/501/40 468/502/40 469/503/40
f 468/502/40 470/504/40 469/503/40
f 471/505/28 472/506/28 473/507/28
f 472/506/28 450/508/28 473/507/28
f 473/507/28 450/508/28 474/509/28
f 450/508/28 449/510/28 474/509/28
f 475/511/30 476/512/30 477/513/30
f 476/512/30 478/514/30 477/513/30
f 472/506/30 471/505/30 479/515/30
f 471/505/30 480/516/30 479/515/30
f 477/517/67 478/518/67 481/519/67
f 478/518/67 482/520/67 481/519/67
f 481/519/67 482/520/67 483/521/67
f 484/522/7 485/523/7 486/524/7
f 485/523/7 487/525/7 486/524/7
f 488/526/7 489/527/7 490/528/7
f 489/527/7 483/529/7 490/528/7
f 490/528/7 483/529/7 482/530/7
f 486/524/68 487/525/68 491/531/68
f 487/525/68 492/532/68 491/531/68
f 493/533/69 494/534/69 495/535/69
f 493/533/69 495/535/69 496/536/69
f 495/535/70 497/537/70 496/536/70
f 496/536/70 497/537/70 498/538/70
f 497/537/71 499/539/71 498/538/71
f 498/538/72 499/539/72 500/540/72
f 499/541/73 501/542/73 500/543/73
f 500/543/74 501/542/74 502/544/74
f 501/542/75 503/545/75 502/544/75
f 502/544/75 503/545/75 504/546/75
f 503/545/76 505/547/76 504/546/76
f 504/546/76 505/547/76 506/548/76
f 505/547/77 507/549/77 506/548/77
f 506/548/77 507/549/77 508/550/77
f 507/549/78 491/531/78 508/550/78
f 508/550/78 491/531/78 492/532/78
f 509/551/67 510/552/67 511/553/67
f 510/552/67 512/554/67 511/553/67
f 494/534/67 493/533/67 513/555/67
f 493/533/67 514/556/67 513/555/67
f 511/553/79 512/554/79 515/557/79
f 511/553/79 515/557/79 516/558/79
f 515/557/80 517/559/80 516/558/80
f 516/558/80 517/559/80 518/560/80
f 517/559/81 519/561/81 518/560/81
f 518/560/81 519/561/81 520/562/81
f 519/563/82 521/564/82 520/565/82
f 520/565/83 521/564/83 522/566/83
f 521/564/39 523/567/39 522/566/39
f 522/566/39 523/567/39 524/568/39
f 523/567/38 525/569/38 524/568/38
f 524/568/38 525/569/38 526/570/38
f 525/569/37 527/571/37 526/570/37
f 526/570/37 527/571/37 528/572/37
f 527/571/36 529/573/36 528/572/36
f 528/572/36 529/573/36 530/574/36
f 530/574/28 529/573/28 531/575/28
f 529/573/28 532/576/28 531/575/28
f 533/577/30 534/578/30 535/579/30
f 534/578/30 536/580/30 535/579/30
f 531/575/30 532/576/30 537/581/30
f 532/576/30 538/582/30 537/581/30
f 539/583/67 535/584/67 536/585/67
f 540/586/67 541/587/67 542/588/67
f 541/587/67 539/583/67 542/588/67
f 542/588/67 539/583/67 543/589/67
f 539/583/67 536/585/67 543/589/67
f 544/590/7 545/591/7 546/592/7
f 545/591/7 547/593/7 546/592/7
f 541/594/7 540/595/7 548/596/7
f 540/595/7 549/597/7 548/596/7
f 546/592/68 547/593/68 550/598/68
f 547/593/68 551/599/68 550/598/68
f 552/600/69 553/601/69 554/602/69
f 552/600/69 554/602/69 555/603/69
f 554/602/70 556/604/70 555/603/70
f 555/603/70 556/604/70 557/605/70
f 556/604/71 558/606/71 557/605/71
f 557/605/72 558/606/72 559/607/72
f 558/608/73 560/609/73 559/610/73
f 559/610/74 560/609/74 561/611/74
f 560/609/75 562/612/75 561/611/75
f 561/611/75 562/612/75 563/613/75
f 562/612/76 564/614/76 563/613/76
f 563/613/76 564/614/76 565/615/76
f 564/614/77 566/616/77 565/615/77
f 565/615/77 566/616/77 567/617/77
f 566/616/78 550/598/78 567/617/78
f 567/617/78 550/598/78 551/599/78
f 568/618/67 569/619/67 570/620/67
f 569/619/67 571/621/67 570/620/67
f 553/601/67 552/600/67 572/622/67
f 552/600/67 573/623/67 572/622/67
f 570/620/79 571/621/79 574/624/79
f 570/620/79 574/624/79 575/625/79
f 574/624/80 576/626/80 575/625/80
f 575/625/80 576/626/80 577/627/80
f 576/626/84 578/628/84 577/627/84
f 577/627/81 578/628/81 579/629/81
f 578/630/82 580/631/82 579/632/82
f 579/632/85 580/631/85 581/633/85
f 580/631/39 582/634/39 581/633/39
f 581/633/39 582/634/39 583/635/39
f 582/634/38 584/636/38 583/635/38
f 583/635/38 584/636/38 585/637/38
f 584/636/37 586/638/37 585/637/37
f 585/637/37 586/638/37 587/639/37
f 586/638/36 588/640/36 587/639/36
f 587/639/36 588/640/36 589/641/36
f 589/641/28 588/640/28 590/642/28
f 588/640/28 591/643/28 590/642/28
f 592/644/30 593/645/30 594/646/30
f 593/645/30 595/647/30 594/646/30
f 590/642/30 591/643/30 596/648/30
f 591/643/30 597/649/30 596/648/30
f 594/650/67 595/651/67 598/652/67
f 595/651/67 599/653/67 598/652/67
f 598/652/67 599/653/67 600/654/67
f 599/653/67 601/655/67 600/654/67
f 602/656/7 603/657/7 604/658/7
f 603/657/7 605/659/7 604/658/7
f 600/660/7 601/661/7 606/662/7
f 601/661/7 607/663/7 606/662/7
f 462/664/68 604/658/68 605/659/68
f 605/659/68 608/665/68 462/664/68
f 608/665/68 609/666/68 462/664/68
f 462/664/68 609/666/68 461/667/68
f 610/668/86 603/669/86 611/670/86
f 603/669/86 602/671/86 611/670/86
f 612/672/7 610/673/7 613/674/7
f 610/673/7 611/675/7 613/674/7
f 602/676/87 606/677/87 611/675/87
f 606/677/87 613/674/87 611/675/87
f 606/678/88 607/679/88 613/680/88
f 607/679/88 612/681/88 613/680/88
f 614/682/89 593/683/89 615/684/89
f 593/683/89 592/685/89 615/684/89
f 616/686/30 614/687/30 617/688/30
f 614/687/30 615/689/30 617/688/30
f 592/690/90 596/691/90 615/689/90
f 596/691/90 617/688/90 615/689/90
f 596/692/91 597/693/91 617/694/91
f 597/693/91 616/695/91 617/694/91
f 618/696/92 569/697/92 619/698/92
f 569/697/92 568/699/92 619/698/92
f 620/700/67 618/701/67 621/702/67
f 618/701/67 619/703/67 621/702/67
f 568/704/93 572/705/93 619/703/93
f 572/705/93 621/702/93 619/703/93
f 572/706/94 573/707/94 621/708/94
f 573/707/94 620/709/94 621/708/94
f 622/710/86 545/711/86 623/712/86
f 545/711/86 544/713/86 623/712/86
f 624/714/7 622/715/7 625/716/7
f 622/715/7 623/717/7 625/716/7
f 544/718/87 548/719/87 623/717/87
f 548/719/87 625/716/87 623/717/87
f 548/720/88 549/721/88 625/722/88
f 549/721/88 624/723/88 625/722/88
f 626/724/89 534/725/89 627/726/89
f 534/725/89 533/727/89 627/726/89
f 628/728/30 626/729/30 629/730/30
f 626/729/30 627/731/30 629/730/30
f 533/732/90 537/733/90 627/731/90
f 537/733/90 629/730/90 627/731/90
f 537/734/91 538/735/91 629/736/91
f 538/735/91 628/737/91 629/736/91
f 630/738/92 510/739/92 631/740/92
f 510/739/92 509/741/92 631/740/92
f 632/742/67 630/743/67 633/744/67
f 630/743/67 631/745/67 633/744/67
f 509/746/93 513/747/93 631/745/93
f 513/747/93 633/744/93 631/745/93
f 513/748/94 514/749/94 633/750/94
f 514/749/94 632/751/94 633/750/94
f 634/752/86 485/753/86 635/754/86
f 485/753/86 484/755/86 635/754/86
f 636/756/7 634/757/7 637/758/7
f 634/757/7 635/759/7 637/758/7
f 484/760/87 489/761/87 635/759/87
f 489/761/87 637/758/87 635/759/87
f 489/762/88 488/763/88 637/764/88
f 488/763/88 636/765/88 637/764/88
f 638/766/89 476/767/89 639/768/89
f 476/767/89 475/769/89 639/768/89
f 640/770/30 638/771/30 641/772/30
f 638/771/30 639/773/30 641/772/30
f 475/774/90 479/775/90 639/773/90
f 479/775/90 641/772/90 639/773/90
f 479/776/91 480/777/91 641/778/91
f 480/777/91 640/779/91 641/778/91
f 447/780/94 446/781/94 642/782/94
f 446/781/94 643/783/94 642/782/94
f 642/782/94 643/783/94 644/784/94
f 645/785/40 644/786/40 646/787/40
f 644/786/40 643/788/40 646/787/40
f 446/789/95 451/790/95 643/788/95
f 451/790/95 646/787/95 643/788/95
f 645/791/92 646/792/92 647/793/92
f 646/792/92 451/794/92 647/793/92
f 647/793/92 451/794/92 452/795/92
f 455/489/96 456/490/96 648/796/96
f 455/489/96 648/796/96 649/797/96
f 648/796/97 650/798/97 649/797/97
f 649/797/97 650/798/97 651/799/97
f 650/798/98 652/800/98 651/799/98
f 651/799/99 652/800/99 653/801/99
f 652/802/100 654/803/100 653/804/100
f 653/804/100 654/803/100 655/805/100
f 654/803/78 656/806/78 655/805/78
f 655/805/78 656/806/78 657/807/78
f 656/806/77 658/808/77 657/807/77
f 657/807/77 658/808/77 659/809/77
f 658/808/76 660/810/76 659/809/76
f 659/809/76 660/810/76 661/811/76
f 660/810/75 662/812/75 661/811/75
f 661/811/75 662/812/75 663/813/75
f 663/813/7 662/812/7 664/814/7
f 662/812/7 665/815/7 664/814/7
f 664/814/68 665/815/68 666/816/68
f 665/815/68 667/817/68 666/816/68
f 666/816/101 667/817/101 668/818/101
f 667/817/101 669/819/101 668/818/101
f 670/820/102 671/821/102 672/822/102
f 671/821/102 673/823/102 672/822/102
f 672/822/103 673/823/103 674/824/103
f 673/823/103 675/825/103 674/824/103
f 674/824/104 675/825/104 676/826/104
f 675/825/104 677/827/104 676/826/104
f 676/826/105 677/827/105 678/828/105
f 677/827/105 679/829/105 678/828/105
f 678/828/106 679/829/106 680/830/106
f 679/829/106 681/831/106 680/830/106
f 680/830/107 681/831/107 682/832/107
f 681/831/107 683/833/107 682/832/107
f 682/834/108 683/835/108 684/836/108
f 683/835/108 685/837/108 684/836/108
f 684/836/109 685/837/109 686/838/109
f 685/837/109 687/839/109 686/838/109
f 686/838/110 687/839/110 688/840/110
f 687/839/110 689/841/110 688/840/110
f 688/840/111 689/841/111 690/842/111
f 689/841/111 691/843/111 690/842/111
f 690/842/112 691/843/112 692/844/112
f 691/843/112 693/845/112 692/844/112
f 692/844/113 693/845/113 694/846/113
f 693/845/113 695/847/113 694/846/113
f 694/848/114 695/849/114 696/850/114
f 695/849/114 697/851/114 696/850/114
f 696/850/115 697/851/115 698/852/115
f 697/851/115 699/853/115 698/852/115
f 698/852/116 699/853/116 700/854/116
f 699/853/116 701/855/116 700/854/116
f 700/854/117 701/855/117 702/856/117
f 701/855/117 703/857/117 702/856/117
f 702/856/118 703/857/118 704/858/118
f 703/857/118 705/859/118 704/858/118
f 704/858/119 705/859/119 706/860/119
f 705/859/119 707/861/119 706/860/119
f 706/862/120 707/863/120 708/864/120
f 707/863/120 709/865/120 708/864/120
f 708/864/121 709/865/121 710/866/121
f 709/865/121 711/867/121 710/866/121
f 710/866/122 711/867/122 712/868/122
f 711/867/122 713/869/122 712/868/122
f 712/868/123 713/869/123 714/870/123
f 713/869/123 715/871/123 714/870/123
f 714/870/124 715/871/124 669/872/124
f 715/871/124 668/873/124 669/872/124
f 671/821/125 670/820/125 371/874/125
f 670/820/125 372/875/125 371/874/125
f 454/876/94 453/877/94 716/878/94
f 453/877/94 717/879/94 716/878/94
f 716/878/94 717/879/94 718/880/94
f 719/881/40 718/882/40 720/883/40
f 718/882/40 717/884/40 720/883/40
f 453/885/95 458/886/95 717/884/95
f 458/886/95 720/883/95 717/884/95
f 719/887/92 720/888/92 721/889/92
f 720/888/92 458/890/92 721/889/92
f 721/889/92 458/890/92 457/891/92
f 722/892/92 723/893/92 724/894/92
f 723/893/92 465/895/92 724/894/92
f 724/894/92 465/895/92 466/896/92
f 467/897/95 465/898/95 725/899/95
f 465/898/95 723/900/95 725/899/95
f 722/901/40 726/902/40 723/900/40
f 726/902/40 725/899/40 723/900/40
f 468/903/94 467/904/94 727/905/94
f 467/904/94 725/906/94 727/905/94
f 727/905/94 725/906/94 726/907/94
f 464/498/31 463/497/31 728/908/31
f 464/498/31 728/908/31 729/909/31
f 728/908/32 730/910/32 729/909/32
f 729/909/32 730/910/32 731/911/32
f 730/910/34 732/912/34 731/911/34
f 731/911/66 732/912/66 733/913/66
f 732/914/35 734/915/35 733/916/35
f 733/916/35 734/915/35 735/917/35
f 734/915/36 736/918/36 735/917/36
f 735/917/36 736/918/36 737/919/36
f 736/918/37 738/920/37 737/919/37
f 737/919/37 738/920/37 739/921/37
f 738/920/38 740/922/38 739/921/38
f 739/921/38 740/922/38 741/923/38
f 741/923/126 740/922/126 742/924/126
f 740/922/127 743/925/127 742/924/127
f 742/924/128 743/925/128 744/926/128
f 745/927/30 746/928/30 743/925/30
f 746/928/30 744/926/30 743/925/30
f 747/929/28 748/930/28 745/927/28
f 748/930/28 746/928/28 745/927/28
f 749/931/79 750/932/79 751/933/79
f 749/931/79 751/933/79 752/934/79
f 751/933/80 753/935/80 752/934/80
f 752/934/80 753/935/80 754/936/80
f 753/935/84 755/937/84 754/936/84
f 754/936/84 755/937/84 756/938/84
f 755/939/83 757/940/83 756/941/83
f 756/941/83 757/940/83 758/942/83
f 757/940/39 759/943/39 758/942/39
f 758/942/39 759/943/39 760/944/39
f 759/943/38 761/945/38 760/944/38
f 760/944/38 761/945/38 762/946/38
f 761/945/37 763/947/37 762/946/37
f 762/946/37 763/947/37 764/948/37
f 764/948/36 763/947/36 747/929/36
f 763/947/129 765/949/129 747/929/129
f 747/929/130 765/949/130 748/930/130
f 766/950/67 767/951/67 749/931/67
f 767/951/67 750/932/67 749/931/67
f 768/952/67 769/953/67 770/954/67
f 769/953/67 771/955/67 770/954/67
f 767/956/92 766/957/92 772/958/92
f 766/957/92 773/959/92 772/958/92
f 772/958/92 773/959/92 774/960/92
f 775/961/67 774/962/67 776/963/67
f 774/962/67 773/964/67 776/963/67
f 766/965/93 770/966/93 773/964/93
f 770/966/93 776/963/93 773/964/93
f 775/967/94 776/968/94 777/969/94
f 776/968/94 770/970/94 777/969/94
f 777/969/94 770/970/94 771/971/94
f 769/953/69 768/952/69 778/972/69
f 769/953/69 778/972/69 779/973/69
f 778/972/70 780/974/70 779/973/70
f 779/973/70 780/974/70 781/975/70
f 780/974/71 782/976/71 781/975/71
f 781/975/71 782/976/71 783/977/71
f 782/978/74 784/979/74 783/980/74
f 783/980/73 784/979/73 785/981/73
f 784/979/75 786/982/75 785/981/75
f 785/981/75 786/982/75 787/983/75
f 786/982/76 788/984/76 787/983/76
f 787/983/76 788/984/76 789/985/76
f 788/984/77 790/986/77 789/985/77
f 789/985/77 790/986/77 791/987/77
f 790/986/78 792/988/78 791/987/78
f 791/987/78 792/988/78 793/989/78
f 794/990/68 795/991/68 792/988/68
f 795/991/68 793/989/68 792/988/68
f 796/992/7 797/993/7 794/990/7
f 797/993/7 795/991/7 794/990/7
f 469/503/96 470/504/96 798/994/96
f 469/503/96 798/994/96 799/995/96
f 798/994/97 800/996/97 799/995/97
f 799/995/97 800/996/97 801/997/97
f 800/996/98 802/998/98 801/997/98
f 801/997/99 802/998/99 803/999/99
f 802/1000/100 804/1001/100 803/1002/100
f 803/1002/100 804/1001/100 805/1003/100
f 804/1001/78 806/1004/78 805/1003/78
f 805/1003/78 806/1004/78 807/1005/78
f 806/1004/77 808/1006/77 807/1005/77
f 807/1005/77 808/1006/77 809/1007/77
f 808/1006/76 810/1008/76 809/1007/76
f 809/1007/76 810/1008/76 811/1009/76
f 810/1008/75 797/993/75 811/1009/75
f 811/1009/75 797/993/75 796/992/75
f 812/1010/94 362/1011/94 813/1012/94
f 362/1011/94 361/1013/94 813/1012/94
f 814/1014/40 812/1015/40 815/1016/40
f 812/1015/40 813/1017/40 815/1016/40
f 361/1018/95 365/1019/95 813/1017/95
f 365/1019/95 815/1016/95 813/1017/95
f 365/1020/92 366/1021/92 815/1022/92
f 366/1021/92 814/1023/92 815/1022/92
f 369/391/96 370/392/96 816/1024/96
f 369/391/96 816/1024/96 817/1025/96
f 816/1024/97 818/1026/97 817/1025/97
f 817/1025/97 818/1026/97 819/1027/97
f 818/1026/98 820/1028/98 819/1027/98
f 819/1027/98 820/1028/98 821/1029/98
f 820/1030/100 822/1031/100 821/1032/100
f 821/1032/100 822/1031/100 823/1033/100
f 822/1031/78 824/1034/78 823/1033/78
f 823/1033/78 824/1034/78 825/1035/78
f 824/1034/77 826/1036/77 825/1035/77
f 825/1035/77 826/1036/77 827/1037/77
f 826/1036/76 828/1038/76 827/1037/76
f 827/1037/76 828/1038/76 829/1039/76
f 828/1038/75 830/1040/75 829/1039/75
f 829/1039/75 830/1040/75 831/1041/75
f 831/1041/7 830/1040/7 832/1042/7
f 830/1040/7 833/1043/7 832/1042/7
f 834/1044/94 368/1045/94 835/1046/94
f 368/1045/94 367/1047/94 835/1046/94
f 836/1048/40 834/1049/40 837/1050/40
f 834/1049/40 835/1051/40 837/1050/40
f 367/1052/95 373/1053/95 835/1051/95
f 373/1053/95 837/1050/95 835/1051/95
f 373/1054/92 374/1055/92 837/1056/92
f 374/1055/92 836/1057/92 837/1056/92
f 838/1058/88 337/1059/88 839/1060/88
f 337/1059/88 336/1061/88 839/1060/88
f 840/1062/28 838/1063/28 841/1064/28
f 838/1063/28 839/1065/28 841/1064/28
f 336/1066/131 340/1067/131 839/1065/131
f 340/1067/131 841/1064/131 839/1065/131
f 340/1068/86 341/1069/86 841/1070/86
f 341/1069/86 840/1071/86 841/1070/86
f 324/358/92 323/1072/92 342/359/92
f 323/1072/92 326/1073/92 342/359/92
f 342/359/92 326/1073/92 322/1074/92
f 322/1074/92 321/1075/92 342/359/92
f 321/1075/92 330/1076/92 342/359/92
f 342/359/132 330/1076/132 329/1077/132
f 329/1077/92 328/1078/92 342/359/92
f 328/1078/92 327/1079/92 342/359/92
f 342/359/92 327/1079/92 842/1080/92
f 843/1081/30 844/1082/30 845/1083/30
f 844/1082/30 846/1084/30 845/1083/30
f 844/1085/7 847/1086/7 846/1087/7
f 847/1086/7 848/1088/7 846/1087/7
f 849/1089/92 850/1090/92 851/1091/92
f 851/1091/92 852/1092/92 849/1089/92
f 852/1092/92 853/1093/92 849/1089/92
f 849/1089/92 853/1093/92 854/1094/92
f 855/1095/92 856/1096/92 857/1097/92
f 856/1096/92 858/1098/92 857/1097/92
f 857/1097/92 858/1098/92 859/1099/92
f 851/1100/7 860/1101/7 852/1102/7
f 860/1101/7 861/1103/7 852/1102/7
f 849/1104/133 854/1105/133 862/1106/133
f 854/1105/133 863/1107/133 862/1106/133
f 862/1108/134 863/1109/134 864/1110/134
f 863/1109/134 865/1111/134 864/1110/134
f 866/1112/135 867/1113/135 868/1114/135
f 865/1115/135 863/1107/135 869/1116/135
f 869/1116/135 870/1117/135 865/1115/135
f 870/1117/135 871/1118/135 865/1115/135
f 865/1115/135 871/1118/135 868/1114/135
f 871/1118/135 872/1119/135 868/1114/135
f 868/1114/135 872/1119/135 866/1112/135
f 873/1120/136 868/1121/136 874/1122/136
f 868/1121/136 867/1123/136 874/1122/136
f 859/1124/137 858/1125/137 867/1113/137
f 858/1125/137 874/1126/137 867/1113/137
f 875/1127/68 855/1128/68 876/1129/68
f 855/1128/68 857/1130/68 876/1129/68
f 877/1131/92 878/1132/92 879/1133/92
f 878/1132/92 880/1134/92 879/1133/92
f 881/1135/138 882/1136/138 883/1137/138
f 881/1135/138 883/1137/138 884/1138/138
f 883/1137/139 880/1139/139 884/1138/139
f 884/1138/139 880/1139/139 878/1140/139
f 881/1141/68 877/1142/68 882/1143/68
f 877/1142/68 879/1144/68 882/1143/68
f 885/1145/91 886/1146/91 887/1147/91
f 886/1146/91 888/1148/91 887/1147/91
f 889/1149/140 890/1150/140 891/1151/140
f 889/1149/140 891/1151/140 892/1152/140
f 891/1151/141 893/1153/141 892/1152/141
f 892/1152/141 893/1153/141 894/1154/141
f 893/1153/142 895/1155/142 894/1154/142
f 894/1154/142 895/1155/142 896/1156/142
f 895/1155/143 897/1157/143 896/1156/143
f 896/1156/143 897/1157/143 898/1158/143
f 897/1159/144 899/1160/144 898/1161/144
f 898/1161/144 899/1160/144 900/1162/144
f 899/1160/145 888/1163/145 900/1162/145
f 900/1162/145 888/1163/145 886/1164/145
f 901/1165/146 902/1166/146 903/1167/146
f 901/1165/146 903/1167/146 904/1168/146
f 903/1167/147 890/1169/147 904/1168/147
f 904/1168/147 890/1169/147 889/1170/147
f 901/1171/92 885/1172/92 902/1173/92
f 885/1172/92 887/1174/92 902/1173/92
f 905/1175/7 906/1176/7 907/1177/7
f 906/1176/7 908/1178/7 907/1177/7
f 909/1179/30 905/1180/30 910/1181/30
f 905/1180/30 907/1182/30 910/1181/30
f 911/1183/94 912/1184/94 913/1185/94
f 912/1184/94 914/1186/94 913/1185/94
f 913/1185/94 914/1186/94 915/1187/94
f 914/1186/94 916/1188/94 915/1187/94
f 917/1189/94 918/1190/94 919/1191/94
f 918/1190/94 920/1192/94 919/1191/94
f 919/1191/94 920/1192/94 921/1193/94
f 922/1194/30 911/1195/30 923/1196/30
f 911/1195/30 913/1197/30 923/1196/30
f 916/1198/133 914/1199/133 924/1200/133
f 914/1199/133 925/1201/133 924/1200/133
f 926/1202/148 927/1203/148 925/1204/148
f 927/1203/148 924/1205/148 925/1204/148
f 919/1206/137 921/1207/137 928/1208/137
f 921/1207/137 929/1209/137 928/1208/137
f 918/1210/28 930/1211/28 920/1212/28
f 930/1211/28 931/1213/28 920/1212/28
f 932/1214/149 933/1215/149 934/1216/149
f 932/1214/149 934/1216/149 935/1217/149
f 934/1216/150 936/1218/150 935/1217/150
f 935/1217/150 936/1218/150 937/1219/150
f 932/1220/94 938/1221/94 933/1222/94
f 938/1221/94 939/1223/94 933/1222/94
f 938/1224/28 937/1225/28 939/1226/28
f 937/1225/28 936/1227/28 939/1226/28
f 940/1228/151 941/1229/151 942/1230/151
f 940/1228/151 942/1230/151 943/1231/151
f 942/1230/152 944/1232/152 943/1231/152
f 943/1231/152 944/1232/152 945/1233/152
f 944/1234/153 946/1235/153 945/1236/153
f 945/1236/153 946/1235/153 947/1237/153
f 946/1235/154 948/1238/154 947/1237/154
f 947/1237/154 948/1238/154 949/1239/154
f 948/1238/155 950/1240/155 949/1239/155
f 949/1239/155 950/1240/155 951/1241/155
f 950/1240/156 952/1242/156 951/1241/156
f 951/1241/156 952/1242/156 953/1243/156
f 940/1244/86 954/1245/86 941/1246/86
f 954/1245/86 955/1247/86 941/1246/86
f 954/1248/94 956/1249/94 955/1250/94
f 956/1249/94 957/1251/94 955/1250/94
f 953/1252/157 952/1253/157 958/1254/157
f 953/1252/157 958/1254/157 959/1255/157
f 958/1254/158 957/1256/158 959/1255/158
f 959/1255/158 957/1256/158 956/1257/158
f 960/1258/28 961/1259/28 962/1260/28
f 961/1259/28 963/1261/28 962/1260/28
f 964/1262/68 960/1263/68 965/1264/68
f 960/1263/68 962/1265/68 965/1264/68
f 966/1266/159 967/1267/159 968/1268/159
f 966/1266/159 968/1268/159 969/1269/159
f 968/1268/160 970/1270/160 969/1269/160
f 969/1269/160 970/1270/160 971/1271/160
f 966/1272/92 972/1273/92 967/1274/92
f 972/1273/92 973/1275/92 967/1274/92
f 972/1276/7 971/1277/7 973/1278/7
f 971/1277/7 970/1279/7 973/1278/7
f 974/1280/161 975/1281/161 976/1282/161
f 975/1281/161 977/1283/161 976/1282/161
f 976/1282/162 977/1283/162 978/1284/162
f 977/1283/162 979/1285/162 978/1284/162
f 978/1286/163 979/1287/163 980/1288/163
f 979/1287/163 981/1289/163 980/1288/163
f 980/1288/164 981/1289/164 982/1290/164
f 981/1289/164 983/1291/164 982/1290/164
f 982/1290/165 983/1291/165 984/1292/165
f 983/1291/165 985/1293/165 984/1292/165
f 984/1292/166 985/1293/166 986/1294/166
f 985/1293/166 987/1295/166 986/1294/166
f 986/1294/167 987/1295/167 988/1296/167
f 987/1295/167 989/1297/167 988/1296/167
f 988/1296/168 989/1297/168 990/1298/168
f 989/1297/168 991/1299/168 990/1298/168
f 975/1281/169 974/1280/169 992/1300/169
f 975/1281/169 992/1300/169 993/1301/169
f 992/1300/170 994/1302/170 993/1301/170
f 993/1301/170 994/1302/170 995/1303/170
f 996/1304/171 997/1305/171 998/1306/171
f 996/1304/171 998/1306/171 999/1307/171
f 998/1306/172 1000/1308/172 999/1307/172
f 999/1307/172 1000/1308/172 1001/1309/172
f 995/1303/173 994/1302/173 1002/1310/173
f 994/1302/173 1003/1311/173 1002/1310/173
f 1002/1310/174 1003/1311/174 1004/1312/174
f 1003/1311/174 1005/1313/174 1004/1312/174
f 1004/1312/175 1005/1313/175 1006/1314/175
f 1005/1313/175 1007/1315/175 1006/1314/175
f 1006/1314/176 1007/1315/176 1008/1316/176
f 1007/1315/176 1009/1317/176 1008/1316/176
f 1008/1316/177 1009/1317/177 1010/1318/177
f 1009/1317/177 1011/1319/177 1010/1318/177
f 1010/1318/178 1011/1319/178 1012/1320/178
f 1011/1319/178 1013/1321/178 1012/1320/178
f 1013/1321/179 1014/1322/179 1012/1320/179
f 1014/1322/179 1015/1323/179 1012/1320/179
f 1016/1324/135 1017/1325/135 1018/1326/135
f 1017/1325/135 1019/1327/135 1018/1326/135
f 1020/1328/180 1021/1329/180 1022/1330/180
f 1021/1329/180 1023/1331/180 1022/1330/180
f 1022/1330/181 1023/1331/181 1024/1332/181
f 1023/1331/181 1025/1333/181 1024/1332/181
f 1024/1332/182 1025/1333/182 1026/1334/182
f 1025/1333/182 1027/1335/182 1026/1334/182
f 1026/1334/183 1027/1335/183 1028/1336/183
f 1027/1335/183 1029/1337/183 1028/1336/183
f 1028/1336/184 1029/1337/184 1030/1338/184
f 1029/1337/184 1031/1339/184 1030/1338/184
f 1030/1338/185 1031/1339/185 1014/1340/185
f 1031/1339/185 1015/1341/185 1014/1340/185
f 1021/1329/186 1020/1328/186 1032/1342/186
f 1021/1329/186 1032/1342/186 1033/1343/186
f 1032/1342/187 1034/1344/187 1033/1343/187
f 1033/1343/187 1034/1344/187 1035/1345/187
f 1036/1346/188 1037/1347/188 1038/1348/188
f 1036/1346/188 1038/1348/188 1039/1349/188
f 1038/1348/189 1040/1350/189 1039/1349/189
f 1039/1349/189 1040/1350/189 1041/1351/189
f 1040/1350/190 1042/1352/190 1041/1351/190
f 1041/1351/190 1042/1352/190 1043/1353/190
f 1043/1353/191 1042/1352/191 1044/1354/191
f 1042/1352/191 1045/1355/191 1044/1354/191
f 1044/1354/192 1045/1355/192 1046/1356/192
f 1045/1355/192 1047/1357/192 1046/1356/192
f 1046/1356/193 1047/1357/193 1048/1358/193
f 1047/1357/193 1049/1359/193 1048/1358/193
f 1048/1358/194 1049/1359/194 1050/1360/194
f 1049/1359/194 1051/1361/194 1050/1360/194
f 1050/1360/195 1051/1361/195 1052/1362/195
f 1051/1361/195 1053/1363/195 1052/1362/195
f 1052/1362/196 1053/1363/196 1054/1364/196
f 1053/1363/196 1055/1365/196 1054/1364/196
f 1056/1366/197 1057/1367/197 1058/1368/197
f 1057/1367/197 1059/1369/197 1058/1368/197
f 1055/1365/198 1060/1370/198 1054/1364/198
f 1060/1370/198 1061/1371/198 1054/1364/198
f 1062/1372/199 1063/1373/199 1064/1374/199
f 1063/1373/199 1065/1375/199 1064/1374/199
f 1064/1374/200 1065/1375/200 1066/1376/200
f 1065/1375/200 1067/1377/200 1066/1376/200
f 1066/1376/201 1067/1377/201 1068/1378/201
f 1067/1377/201 1069/1379/201 1068/1378/201
f 1068/1378/202 1069/1379/202 1070/1380/202
f 1069/1379/202 1071/1381/202 1070/1380/202
f 1070/1380/203 1071/1381/203 1072/1382/203
f 1071/1381/203 1073/1383/203 1072/1382/203
f 1072/1382/204 1073/1383/204 1057/1384/204
f 1073/1383/204 1059/1385/204 1057/1384/204
f 1074/1386/205 1075/1387/205 1076/1388/205
f 1074/1386/205 1076/1388/205 1077/1389/205
f 1076/1388/206 1078/1390/206 1077/1389/206
f 1077/1389/206 1078/1390/206 1079/1391/206
f 1063/1373/207 1062/1372/207 1080/1392/207
f 1063/1373/207 1080/1392/207 1081/1393/207
f 1080/1392/208 1082/1394/208 1081/1393/208
f 1081/1393/208 1082/1394/208 1083/1395/208
f 1082/1394/209 1084/1396/209 1083/1395/209
f 1083/1395/209 1084/1396/209 1085/1397/209
f 1079/1391/210 1078/1390/210 1086/1398/210
f 1078/1390/210 1087/1399/210 1086/1398/210
f 1086/1398/211 1087/1399/211 1088/1400/211
f 1087/1399/211 1089/1401/211 1088/1400/211
f 1088/1400/212 1089/1401/212 1090/1402/212
f 1089/1401/212 1091/1403/212 1090/1402/212
f 1090/1402/213 1091/1403/213 1092/1404/213
f 1091/1403/213 1093/1405/213 1092/1404/213
f 1092/1404/214 1093/1405/214 1094/1406/214
f 1093/1405/214 1095/1407/214 1094/1406/214
f 1094/1406/215 1095/1407/215 1018/1326/215
f 1095/1407/215 1016/1324/215 1018/1326/215
f 1075/1387/216 1074/1386/216 1096/1408/216
f 1074/1386/216 1097/1409/216 1096/1408/216
f 1096/1408/217 1097/1409/217 1098/1410/217
f 1097/1409/217 1099/1411/217 1098/1410/217
f 1098/1412/218 1099/1413/218 1100/1414/218
f 1099/1413/218 1101/1415/218 1100/1414/218
f 1100/1414/219 1101/1415/219 1102/1416/219
f 1101/1415/219 1103/1417/219 1102/1416/219
f 1102/1416/220 1103/1417/220 1104/1418/220
f 1103/1417/220 1105/1419/220 1104/1418/220
f 1104/1418/221 1105/1419/221 1106/1420/221
f 1105/1419/221 1107/1421/221 1106/1420/221
f 1106/1420/222 1107/1421/222 1108/1422/222
f 1107/1421/222 1109/1423/222 1108/1422/222
f 1108/1422/223 1109/1423/223 1110/1424/223
f 1109/1423/223 1111/1425/223 1110/1424/223
f 1112/1426/224 1113/1427/224 1114/1428/224
f 1113/1427/224 1115/1429/224 1114/1428/224
f 1114/1430/225 1115/1431/225 1111/1425/225
f 1115/1431/225 1110/1424/225 1111/1425/225
f 1113/1427/226 1112/1426/226 1116/1432/226
f 1112/1426/226 1117/1433/226 1116/1432/226
f 1116/1432/227 1117/1433/227 1118/1434/227
f 1117/1433/227 1119/1435/227 1118/1434/227
f 1118/1434/228 1119/1435/228 1120/1436/228
f 1119/1435/228 1121/1437/228 1120/1436/228
f 1120/1436/229 1121/1437/229 1122/1438/229
f 1121/1437/229 1123/1439/229 1122/1438/229
f 1122/1438/230 1123/1439/230 1124/1440/230
f 1123/1439/230 1125/1441/230 1124/1440/230
f 1124/1440/231 1125/1441/231 1126/1442/231
f 1125/1441/231 1127/1443/231 1126/1442/231
f 1126/1444/232 1127/1445/232 1128/1446/232
f 1127/1445/232 1129/1447/232 1128/1446/232
f 1128/1446/233 1129/1447/233 1000/1308/233
f 1129/1447/233 1001/1309/233 1000/1308/233
f 1085/1397/234 1084/1396/234 1130/1448/234
f 1084/1396/234 1131/1449/234 1130/1448/234
f 1132/1450/235 1133/1451/235 1134/1452/235
f 1133/1451/235 1135/1453/235 1134/1452/235
f 1134/1452/236 1135/1453/236 1136/1454/236
f 1135/1453/236 1137/1455/236 1136/1454/236
f 1136/1454/237 1137/1455/237 1138/1456/237
f 1137/1455/237 1139/1457/237 1138/1456/237
f 1138/1458/238 1139/1459/238 1140/1460/238
f 1139/1459/238 1141/1461/238 1140/1460/238
f 1140/1460/239 1141/1461/239 1142/1462/239
f 1141/1461/239 1143/1463/239 1142/1462/239
f 1142/1462/240 1143/1463/240 1131/1449/240
f 1143/1463/240 1130/1448/240 1131/1449/240
f 1144/1464/241 1145/1465/241 1132/1450/241
f 1145/1465/241 1133/1451/241 1132/1450/241
f 1145/1465/92 1144/1464/92 1146/1466/92
f 1144/1464/92 1147/1467/92 1146/1466/92
f 1148/1468/242 1149/1469/242 1150/1470/242
f 1149/1469/242 1151/1471/242 1150/1470/242
f 1150/1470/243 1151/1471/243 1152/1472/243
f 1151/1471/243 1153/1473/243 1152/1472/243
f 1152/1472/244 1153/1473/244 1154/1474/244
f 1153/1473/244 1155/1475/244 1154/1474/244
f 1154/1474/245 1155/1475/245 1156/1476/245
f 1155/1475/245 1157/1477/245 1156/1476/245
f 1156/1476/246 1157/1477/246 1158/1478/246
f 1157/1477/246 1159/1479/246 1158/1478/246
f 1158/1478/247 1159/1479/247 1058/1368/247
f 1159/1479/247 1056/1366/247 1058/1368/247
f 1160/1480/248 1161/1481/248 1162/1482/248
f 1160/1480/248 1162/1482/248 1163/1483/248
f 1162/1482/249 1164/1484/249 1163/1483/249
f 1163/1483/249 1164/1484/249 1165/1485/249
f 1164/1484/250 1149/1469/250 1165/1485/250
f 1165/1485/250 1149/1469/250 1148/1468/250
f 1166/1486/251 1167/1487/251 1168/1488/251
f 1166/1486/251 1168/1488/251 1169/1489/251
f 1168/1488/252 1170/1490/252 1169/1489/252
f 1169/1489/252 1170/1490/252 1171/1491/252
f 1170/1490/253 1172/1492/253 1171/1491/253
f 1171/1491/253 1172/1492/253 1173/1493/253
f 1167/1487/254 1166/1486/254 1174/1494/254
f 1166/1486/254 1175/1495/254 1174/1494/254
f 1174/1494/255 1175/1495/255 1176/1496/255
f 1175/1495/255 1177/1497/255 1176/1496/255
f 1176/1496/256 1177/1497/256 1178/1498/256
f 1177/1497/256 1179/1499/256 1178/1498/256
f 1178/1498/257 1179/1499/257 1180/1500/257
f 1179/1499/257 1181/1501/257 1180/1500/257
f 1180/1500/258 1181/1501/258 1182/1502/258
f 1181/1501/258 1183/1503/258 1182/1502/258
f 1182/1502/259 1183/1503/259 1060/1504/259
f 1183/1503/259 1061/1505/259 1060/1504/259
f 1173/1493/92 1172/1492/92 1184/1506/92
f 1172/1492/92 1185/1507/92 1184/1506/92
f 1037/1347/234 1036/1346/234 1186/1508/234
f 1036/1346/234 1187/1509/234 1186/1508/234
f 1186/1508/260 1187/1509/260 1188/1510/260
f 1187/1509/260 1189/1511/260 1188/1510/260
f 1188/1510/261 1189/1511/261 1190/1512/261
f 1189/1511/261 1191/1513/261 1190/1512/261
f 1190/1512/262 1191/1513/262 1192/1514/262
f 1191/1513/262 1193/1515/262 1192/1514/262
f 1192/1516/263 1193/1517/263 1194/1518/263
f 1193/1517/263 1195/1519/263 1194/1518/263
f 1194/1518/264 1195/1519/264 1196/1520/264
f 1195/1519/264 1197/1521/264 1196/1520/264
f 1196/1520/265 1197/1521/265 1198/1522/265
f 1197/1521/265 1199/1523/265 1198/1522/265
f 1200/1524/266 1201/1525/266 1199/1523/266
f 1201/1525/266 1198/1522/266 1199/1523/266
f 1201/1525/94 1200/1524/94 1202/1526/94
f 1200/1524/94 1203/1527/94 1202/1526/94
f 997/1305/267 996/1304/267 1204/1528/267
f 996/1304/267 1205/1529/267 1204/1528/267
f 1204/1528/268 1205/1529/268 1206/1530/268
f 1205/1529/268 1207/1531/268 1206/1530/268
f 1206/1530/269 1207/1531/269 1208/1532/269
f 1207/1531/269 1209/1533/269 1208/1532/269
f 1208/1532/270 1209/1533/270 1210/1534/270
f 1209/1533/270 1211/1535/270 1210/1534/270
f 1210/1534/271 1211/1535/271 1212/1536/271
f 1211/1535/271 1213/1537/271 1212/1536/271
f 1212/1536/272 1213/1537/272 1017/1538/272
f 1213/1537/272 1019/1539/272 1017/1538/272
f 1214/1540/273 1215/1541/273 1216/1542/273
f 1215/1541/273 1217/1543/273 1216/1542/273
f 1216/1542/274 1217/1543/274 1218/1544/274
f 1217/1543/274 1219/1545/274 1218/1544/274
f 1218/1544/275 1219/1545/275 1220/1546/275
f 1219/1545/275 1221/1547/275 1220/1546/275
f 1220/1548/276 1221/1549/276 1222/1550/276
f 1221/1549/276 1223/1551/276 1222/1550/276
f 1222/1550/277 1223/1551/277 1224/1552/277
f 1223/1551/277 1225/1553/277 1224/1552/277
f 1224/1552/278 1225/1553/278 1226/1554/278
f 1225/1553/278 1227/1555/278 1226/1554/278
f 1226/1554/279 1227/1555/279 1228/1556/279
f 1227/1555/279 1229/1557/279 1228/1556/279
f 1228/1556/280 1229/1557/280 1230/1558/280
f 1229/1557/280 1231/1559/280 1230/1558/280
f 1230/1558/281 1231/1559/281 1232/1560/281
f 1231/1559/281 1233/1561/281 1232/1560/281
f 1232/1562/282 1233/1563/282 1234/1564/282
f 1233/1563/282 1235/1565/282 1234/1564/282
f 1234/1564/283 1235/1565/283 1236/1566/283
f 1235/1565/283 1237/1567/283 1236/1566/283
f 1236/1566/284 1237/1567/284 1238/1568/284
f 1237/1567/284 1239/1569/284 1238/1568/284
f 1238/1568/285 1239/1569/285 1240/1570/285
f 1239/1569/285 1241/1571/285 1240/1570/285
f 1240/1570/286 1241/1571/286 1242/1572/286
f 1241/1571/286 1243/1573/286 1242/1572/286
f 1242/1572/287 1243/1573/287 1244/1574/287
f 1243/1573/287 1245/1575/287 1244/1574/287
f 1244/1576/288 1245/1577/288 1246/1578/288
f 1245/1577/288 1247/1579/288 1246/1578/288
f 1246/1578/289 1247/1579/289 1248/1580/289
f 1247/1579/289 1249/1581/289 1248/1580/289
f 1248/1580/290 1249/1581/290 1250/1582/290
f 1249/1581/290 1251/1583/290 1250/1582/290
f 1250/1582/291 1251/1583/291 1252/1584/291
f 1251/1583/291 1253/1585/291 1252/1584/291
f 1252/1584/292 1253/1585/292 1254/1586/292
f 1253/1585/292 1255/1587/292 1254/1586/292
f 1254/1586/293 1255/1587/293 1256/1588/293
f 1255/1587/293 1257/1589/293 1256/1588/293
f 1256/1590/294 1257/1591/294 1258/1592/294
f 1257/1591/294 1259/1593/294 1258/1592/294
f 1258/1592/295 1259/1593/295 1260/1594/295
f 1259/1593/295 1261/1595/295 1260/1594/295
f 1260/1594/296 1261/1595/296 1214/1540/296
f 1261/1595/296 1215/1541/296 1214/1540/296
f 1262/1596/285 1263/1597/285 1264/1598/285
f 1263/1597/285 1265/1599/285 1264/1598/285
f 1264/1598/286 1265/1599/286 1266/1600/286
f 1265/1599/286 1267/1601/286 1266/1600/286
f 1266/1600/287 1267/1601/287 1268/1602/287
f 1267/1601/287 1269/1603/287 1268/1602/287
f 1268/1604/288 1269/1605/288 1270/1606/288
f 1269/1605/288 1271/1607/288 1270/1606/288
f 1270/1606/289 1271/1607/289 1272/1608/289
f 1271/1607/289 1273/1609/289 1272/1608/289
f 1272/1608/290 1273/1609/290 1274/1610/290
f 1273/1609/290 1275/1611/290 1274/1610/290
f 1274/1610/291 1275/1611/291 1276/1612/291
f 1275/1611/291 1277/1613/291 1276/1612/291
f 1276/1612/292 1277/1613/292 1278/1614/292
f 1277/1613/292 1279/1615/292 1278/1614/292
f 1278/1614/293 1279/1615/293 1280/1616/293
f 1279/1615/293 1281/1617/293 1280/1616/293
f 1280/1618/294 1281/1619/294 1282/1620/294
f 1281/1619/294 1283/1621/294 1282/1620/294
f 1282/1620/295 1283/1621/295 1284/1622/295
f 1283/1621/295 1285/1623/295 1284/1622/295
f 1284/1622/296 1285/1623/296 1286/1624/296
f 1285/1623/296 1287/1625/296 1286/1624/296
f 1286/1624/273 1287/1625/273 1288/1626/273
f 1287/1625/273 1289/1627/273 1288/1626/273
f 1288/1626/274 1289/1627/274 1290/1628/274
f 1289/1627/274 1291/1629/274 1290/1628/274
f 1290/1628/275 1291/1629/275 1292/1630/275
f 1291/1629/275 1293/1631/275 1292/1630/275
f 1292/1632/276 1293/1633/276 1294/1634/276
f 1293/1633/276 1295/1635/276 1294/1634/276
f 1294/1634/277 1295/1635/277 1296/1636/277
f 1295/1635/277 1297/1637/277 1296/1636/277
f 1296/1636/278 1297/1637/278 1298/1638/278
f 1297/1637/278 1299/1639/278 1298/1638/278
f 1298/1638/279 1299/1639/279 1300/1640/279
f 1299/1639/279 1301/1641/279 1300/1640/279
f 1300/1640/280 1301/1641/280 1302/1642/280
f 1301/1641/280 1303/1643/280 1302/1642/280
f 1302/1642/281 1303/1643/281 1304/1644/281
f 1303/1643/281 1305/1645/281 1304/1644/281
f 1304/1646/282 1305/1647/282 1306/1648/282
f 1305/1647/282 1307/1649/282 1306/1648/282
f 1306/1648/283 1307/1649/283 1308/1650/283
f 1307/1649/283 1309/1651/283 1308/1650/283
f 1308/1650/284 1309/1651/284 1262/1596/284
f 1309/1651/284 1263/1597/284 1262/1596/284
f 1310/1652/297 1311/1653/297 1312/1654/297
f 1311/1653/298 1313/1655/298 1312/1654/298
f 1312/1656/287 1313/1657/287 1314/1658/287
f 1313/1657/287 1315/1659/287 1314/1658/287
f 1314/1658/286 1315/1659/286 1316/1660/286
f 1315/1659/286 1317/1661/286 1316/1660/286
f 1316/1660/285 1317/1661/285 1318/1662/285
f 1317/1661/285 1319/1663/285 1318/1662/285
f 1318/1662/284 1319/1663/284 1320/1664/284
f 1319/1663/284 1321/1665/284 1320/1664/284
f 1320/1664/283 1321/1665/283 1322/1666/283
f 1321/1665/283 1323/1667/283 1322/1666/283
f 1322/1666/282 1323/1667/282 1324/1668/282
f 1323/1667/282 1325/1669/282 1324/1668/282
f 1324/1670/281 1325/1671/281 1326/1672/281
f 1325/1671/281 1327/1673/281 1326/1672/281
f 1326/1672/280 1327/1673/280 1328/1674/280
f 1327/1673/280 1329/1675/280 1328/1674/280
f 1328/1674/279 1329/1675/279 1330/1676/279
f 1329/1675/279 1331/1677/279 1330/1676/279
f 1330/1676/278 1331/1677/278 1332/1678/278
f 1331/1677/278 1333/1679/278 1332/1678/278
f 1332/1678/277 1333/1679/277 1334/1680/277
f 1333/1679/277 1335/1681/277 1334/1680/277
f 1334/1680/276 1335/1681/276 1336/1682/276
f 1335/1681/276 1337/1683/276 1336/1682/276
f 1337/1684/299 1338/1685/299 1336/1686/299
f 1336/1686/300 1338/1685/300 1339/1687/300
f 1338/1685/301 1340/1688/301 1339/1687/301
f 1339/1687/274 1340/1688/274 1341/1689/274
f 1340/1688/274 1342/1690/274 1341/1689/274
f 1341/1689/273 1342/1690/273 1343/1691/273
f 1342/1690/273 1344/1692/273 1343/1691/273
f 1343/1691/296 1344/1692/296 1345/1693/296
f 1344/1692/296 1346/1694/296 1345/1693/296
f 1345/1693/295 1346/1694/295 1347/1695/295
f 1346/1694/295 1348/1696/295 1347/1695/295
f 1347/1695/294 1348/1696/294 1349/1697/294
f 1348/1696/294 1350/1698/294 1349/1697/294
f 1349/1699/293 1350/1700/293 1351/1701/293
f 1350/1700/293 1352/1702/293 1351/1701/293
f 1351/1701/292 1352/1702/292 1353/1703/292
f 1352/1702/292 1354/1704/292 1353/1703/292
f 1353/1703/291 1354/1704/291 1355/1705/291
f 1354/1704/291 1356/1706/291 1355/1705/291
f 1355/1705/290 1356/1706/290 1357/1707/290
f 1356/1706/290 1358/1708/290 1357/1707/290
f 1357/1707/289 1358/1708/289 1310/1652/289
f 1358/1708/289 1359/1709/289 1310/1652/289
f 1310/1652/302 1359/1709/302 1311/1653/302
f 1360/1710/92 1361/1711/92 1362/1712/92
f 1361/1711/92 1363/1713/92 1362/1712/92
f 1364/1714/279 1365/1715/279 1366/1716/279
f 1365/1715/279 1367/1717/279 1366/1716/279
f 1366/1716/280 1367/1717/280 1368/1718/280
f 1367/1717/280 1369/1719/280 1368/1718/280
f 1368/1718/281 1369/1719/281 1370/1720/281
f 1369/1719/281 1371/1721/281 1370/1720/281
f 1370/1722/282 1371/1723/282 1372/1724/282
f 1371/1723/282 1373/1725/282 1372/1724/282
f 1372/1724/283 1373/1725/283 1374/1726/283
f 1373/1725/283 1375/1727/283 1374/1726/283
f 1374/1726/284 1375/1727/284 1376/1728/284
f 1375/1727/284 1377/1729/284 1376/1728/284
f 1376/1728/285 1377/1729/285 1378/1730/285
f 1377/1729/285 1379/1731/285 1378/1730/285
f 1378/1730/286 1379/1731/286 1380/1732/286
f 1379/1731/286 1381/1733/286 1380/1732/286
f 1380/1732/287 1381/1733/287 1382/1734/287
f 1381/1733/287 1383/1735/287 1382/1734/287
f 1382/1736/288 1383/1737/288 1384/1738/288
f 1383/1737/288 1385/1739/288 1384/1738/288
f 1384/1738/289 1385/1739/289 1386/1740/289
f 1385/1739/289 1387/1741/289 1386/1740/289
f 1386/1740/290 1387/1741/290 1360/1710/290
f 1387/1741/290 1361/1711/290 1360/1710/290
f 1365/1715/94 1364/1714/94 1388/1742/94
f 1364/1714/94 1389/1743/94 1388/1742/94
f 1390/1744/67 1391/1745/67 1392/1746/67
f 1391/1745/67 1393/1747/67 1392/1746/67
f 1392/1746/67 1393/1747/67 1394/1748/67
f 1392/1746/67 1395/1749/67 1396/1750/67
f 1395/1749/67 1397/1751/67 1396/1750/67
f 1396/1750/67 1397/1751/67 1398/1752/67
f 1398/1752/67 1399/1753/67 1396/1750/67
f 1399/1753/67 1400/1754/67 1396/1750/67
f 1396/1750/67 1400/1754/67 1401/1755/67
f 1401/1755/67 1402/1756/67 1396/1750/67
f 1402/1756/67 1403/1757/67 1396/1750/67
f 1396/1750/67 1403/1757/67 1404/1758/67
f 1394/1748/67 1405/1759/67 1392/1746/67
f 1405/1759/67 1406/1760/67 1392/1746/67
f 1392/1746/67 1406/1760/67 1395/1749/67
f 1402/1756/67 1407/1761/67 1403/1757/67
f 1407/1761/67 1408/1762/67 1403/1757/67
f 1403/1757/67 1408/1762/67 1409/1763/67
f 1409/1763/67 1410/1764/67 1403/1757/67
f 1410/1764/67 1411/1765/67 1403/1757/67
f 1403/1757/67 1411/1765/67 1412/1766/67
f 1413/1767/67 1414/1768/67 1415/1769/67
f 1416/1770/67 1417/1771/67 1392/1746/67
f 1417/1771/67 1418/1772/67 1392/1746/67
f 1392/1746/67 1418/1772/67 1390/1744/67
f 1415/1769/67 1419/1773/67 1413/1767/67
f 1419/1773/67 1420/1774/67 1413/1767/67
f 1413/1767/67 1420/1774/67 1404/1758/67
f 1420/1774/67 1421/1775/67 1404/1758/67
f 1404/1758/67 1421/1775/67 1396/1750/67
f 1422/1776/67 1423/1777/67 1392/1746/67
f 1423/1777/67 1424/1778/67 1392/1746/67
f 1392/1746/67 1424/1778/67 1416/1770/67
f 1425/1779/67 1426/1780/67 1427/1781/67
f 1427/1781/67 1426/1780/67 1428/1782/67
f 1429/1783/67 1430/1784/67 1431/1785/67
f 1432/1786/67 1428/1782/67 1433/1787/67
f 1431/1785/67 1434/1788/67 1429/1783/67
f 1434/1788/67 1435/1789/67 1429/1783/67
f 1429/1783/67 1435/1789/67 1436/1790/67
f 1436/1790/67 1437/1791/67 1429/1783/67
f 1437/1791/67 1438/1792/67 1429/1783/67
f 1429/1783/67 1438/1792/67 1439/1793/67
f 1426/1780/67 1440/1794/67 1430/1784/67
f 1440/1794/67 1441/1795/67 1430/1784/67
f 1430/1784/67 1441/1795/67 1442/1796/67
f 1442/1796/67 1443/1797/67 1430/1784/67
f 1443/1797/67 1444/1798/67 1430/1784/67
f 1430/1784/67 1444/1798/67 1431/1785/67
f 1426/1780/67 1430/1784/67 1428/1782/67
f 1430/1784/67 1445/1799/67 1428/1782/67
f 1428/1782/67 1445/1799/67 1433/1787/67
f 1446/1800/67 1427/1781/67 1447/1801/67
f 1427/1781/67 1448/1802/67 1447/1801/67
f 1446/1800/67 1449/1803/67 1427/1781/67
f 1449/1803/67 1450/1804/67 1427/1781/67
f 1427/1781/67 1450/1804/67 1425/1779/67
f 1439/1793/67 1451/1805/67 1429/1783/67
f 1451/1805/67 1452/1806/67 1429/1783/67
f 1429/1783/67 1452/1806/67 1453/1807/67
f 1453/1807/67 1454/1808/67 1429/1783/67
f 1454/1808/67 1455/1809/67 1429/1783/67
f 1429/1783/67 1455/1809/67 1456/1810/67
f 1432/1786/67 1433/1787/67 1457/1811/67
f 1433/1787/67 1458/1812/67 1457/1811/67
f 1457/1811/67 1458/1812/67 1459/1813/67
f 1460/1814/67 1461/1815/67 1462/1816/67
f 1461/1815/67 1463/1817/67 1462/1816/67
f 1460/1814/67 1462/1816/67 1464/1818/67
f 1462/1816/67 1465/1819/67 1464/1818/67
f 1464/1818/67 1465/1819/67 1466/1820/67
f 1463/1817/67 1467/1821/67 1462/1816/67
f 1467/1821/67 1468/1822/67 1462/1816/67
f 1462/1816/67 1468/1822/67 1469/1823/67
f 1468/1822/67 1470/1824/67 1469/1823/67
f 1466/1820/67 1471/1825/67 1464/1818/67
f 1471/1825/67 1472/1826/67 1464/1818/67
f 1464/1818/67 1472/1826/67 1473/1827/67
f 1466/1820/67 1474/1828/67 1471/1825/67
f 1474/1828/67 1475/1829/67 1471/1825/67
f 1471/1825/67 1475/1829/67 1476/1830/67
f 1463/1817/67 1477/1831/67 1467/1821/67
f 1477/1831/67 1478/1832/67 1467/1821/67
f 1467/1821/67 1478/1832/67 1479/1833/67
f 1479/1833/67 1480/1834/67 1467/1821/67
f 1480/1834/67 1481/1835/67 1467/1821/67
f 1467/1821/67 1481/1835/67 1482/1836/67
f 1476/1830/67 1483/1837/67 1471/1825/67
f 1483/1837/67 1484/1838/67 1471/1825/67
f 1471/1825/67 1484/1838/67 1485/1839/67
f 1468/1822/67 1486/1840/67 1470/1824/67
f 1486/1840/67 1487/1841/67 1470/1824/67
f 1470/1824/67 1487/1841/67 1488/1842/67
f 1487/1841/67 1489/1843/67 1488/1842/67
f 1490/1844/199 1469/1845/199 1491/1846/199
f 1469/1845/199 1470/1847/199 1491/1846/199
f 1491/1846/200 1470/1847/200 1492/1848/200
f 1470/1847/200 1488/1849/200 1492/1848/200
f 1492/1848/201 1488/1849/201 1493/1850/201
f 1488/1849/201 1489/1851/201 1493/1850/201
f 1493/1850/202 1489/1851/202 1494/1852/202
f 1489/1851/202 1487/1853/202 1494/1852/202
f 1494/1852/203 1487/1853/203 1495/1854/203
f 1487/1853/203 1486/1855/203 1495/1854/203
f 1495/1854/204 1486/1855/204 1496/1856/204
f 1486/1855/204 1468/1857/204 1496/1856/204
f 1429/1858/205 1497/1859/205 1498/1860/205
f 1429/1858/205 1498/1860/205 1430/1861/205
f 1498/1860/206 1499/1862/206 1430/1861/206
f 1430/1861/206 1499/1862/206 1445/1863/206
f 1469/1845/207 1490/1844/207 1500/1864/207
f 1469/1845/207 1500/1864/207 1462/1865/207
f 1500/1864/208 1501/1866/208 1462/1865/208
f 1462/1865/208 1501/1866/208 1465/1867/208
f 1501/1866/209 1502/1868/209 1465/1867/209
f 1465/1867/209 1502/1868/209 1466/1869/209
f 1445/1863/210 1499/1862/210 1433/1870/210
f 1499/1862/210 1503/1871/210 1433/1870/210
f 1433/1870/211 1503/1871/211 1458/1872/211
f 1503/1871/211 1504/1873/211 1458/1872/211
f 1458/1872/212 1504/1873/212 1459/1874/212
f 1504/1873/212 1505/1875/212 1459/1874/212
f 1459/1874/213 1505/1875/213 1457/1876/213
f 1505/1875/213 1506/1877/213 1457/1876/213
f 1457/1876/214 1506/1877/214 1432/1878/214
f 1506/1877/214 1507/1879/214 1432/1878/214
f 1432/1878/215 1507/1879/215 1428/1880/215
f 1507/1879/215 1508/1881/215 1428/1880/215
f 1497/1859/216 1429/1858/216 1509/1882/216
f 1429/1858/216 1456/1883/216 1509/1882/216
f 1509/1882/217 1456/1883/217 1510/1884/217
f 1456/1883/217 1455/1885/217 1510/1884/217
f 1510/1886/218 1455/1887/218 1511/1888/218
f 1455/1887/218 1454/1889/218 1511/1888/218
f 1511/1888/219 1454/1889/219 1512/1890/219
f 1454/1889/219 1453/1891/219 1512/1890/219
f 1512/1890/220 1453/1891/220 1513/1892/220
f 1453/1891/220 1452/1893/220 1513/1892/220
f 1513/1892/221 1452/1893/221 1514/1894/221
f 1452/1893/221 1451/1895/221 1514/1894/221
f 1514/1894/222 1451/1895/222 1515/1896/222
f 1451/1895/222 1439/1897/222 1515/1896/222
f 1515/1896/223 1439/1897/223 1516/1898/223
f 1439/1897/223 1438/1899/223 1516/1898/223
f 1436/1900/224 1517/1901/224 1437/1902/224
f 1517/1901/224 1518/1903/224 1437/1902/224
f 1437/1904/225 1518/1905/225 1438/1899/225
f 1518/1905/225 1516/1898/225 1438/1899/225
f 1517/1901/226 1436/1900/226 1519/1906/226
f 1436/1900/226 1435/1907/226 1519/1906/226
f 1519/1906/227 1435/1907/227 1520/1908/227
f 1435/1907/227 1434/1909/227 1520/1908/227
f 1520/1908/228 1434/1909/228 1521/1910/228
f 1434/1909/228 1431/1911/228 1521/1910/228
f 1521/1910/229 1431/1911/229 1522/1912/229
f 1431/1911/229 1444/1913/229 1522/1912/229
f 1522/1912/230 1444/1913/230 1523/1914/230
f 1444/1913/230 1443/1915/230 1523/1914/230
f 1523/1914/231 1443/1915/231 1524/1916/231
f 1443/1915/231 1442/1917/231 1524/1916/231
f 1524/1918/232 1442/1919/232 1525/1920/232
f 1442/1919/232 1441/1921/232 1525/1920/232
f 1525/1920/233 1441/1921/233 1526/1922/233
f 1441/1921/233 1440/1923/233 1526/1922/233
f 1466/1869/234 1502/1868/234 1474/1924/234
f 1502/1868/234 1527/1925/234 1474/1924/234
f 1528/1926/235 1471/1927/235 1529/1928/235
f 1471/1927/235 1485/1929/235 1529/1928/235
f 1529/1928/236 1485/1929/236 1530/1930/236
f 1485/1929/236 1484/1931/236 1530/1930/236
f 1530/1930/237 1484/1931/237 1531/1932/237
f 1484/1931/237 1483/1933/237 1531/1932/237
f 1531/1934/238 1483/1935/238 1532/1936/238
f 1483/1935/238 1476/1937/238 1532/1936/238
f 1532/1936/239 1476/1937/239 1533/1938/239
f 1476/1937/239 1475/1939/239 1533/1938/239
f 1533/1938/240 1475/1939/240 1527/1925/240
f 1475/1939/240 1474/1924/240 1527/1925/240
f 1534/1940/241 1472/1941/241 1528/1926/241
f 1472/1941/241 1471/1927/241 1528/1926/241
f 1535/1942/94 1536/1943/94 1537/1944/94
f 1536/1943/94 1538/1945/94 1537/1944/94
f 1539/1946/267 1425/1947/267 1540/1948/267
f 1425/1947/267 1450/1949/267 1540/1948/267
f 1540/1948/268 1450/1949/268 1541/1950/268
f 1450/1949/268 1449/1951/268 1541/1950/268
f 1541/1950/269 1449/1951/269 1542/1952/269
f 1449/1951/269 1446/1953/269 1542/1952/269
f 1542/1952/270 1446/1953/270 1543/1954/270
f 1446/1953/270 1447/1955/270 1543/1954/270
f 1543/1954/271 1447/1955/271 1544/1956/271
f 1447/1955/271 1448/1957/271 1544/1956/271
f 1544/1956/272 1448/1957/272 1545/1958/272
f 1448/1957/272 1427/1959/272 1545/1958/272
f 1536/1943/266 1535/1942/266 1546/1960/266
f 1535/1942/266 1547/1961/266 1546/1960/266
f 1548/1962/260 1549/1963/260 1550/1964/260
f 1549/1963/260 1551/1965/260 1550/1964/260
f 1550/1964/261 1551/1965/261 1552/1966/261
f 1551/1965/261 1553/1967/261 1552/1966/261
f 1552/1966/262 1553/1967/262 1554/1968/262
f 1553/1967/262 1555/1969/262 1554/1968/262
f 1554/1970/263 1555/1971/263 1556/1972/263
f 1555/1971/263 1557/1973/263 1556/1972/263
f 1556/1972/264 1557/1973/264 1558/1974/264
f 1557/1973/264 1559/1975/264 1558/1974/264
f 1558/1974/265 1559/1975/265 1547/1961/265
f 1559/1975/265 1546/1960/265 1547/1961/265
f 1560/1976/234 1561/1977/234 1548/1962/234
f 1561/1977/234 1549/1963/234 1548/1962/234
f 1472/1941/92 1534/1940/92 1473/1978/92
f 1534/1940/92 1562/1979/92 1473/1978/92
f 1563/1980/94 1460/1981/94 1564/1982/94
f 1460/1981/94 1464/1983/94 1564/1982/94
f 1477/1984/242 1565/1985/242 1478/1986/242
f 1565/1985/242 1566/1987/242 1478/1986/242
f 1478/1986/243 1566/1987/243 1479/1988/243
f 1566/1987/243 1567/1989/243 1479/1988/243
f 1479/1988/244 1567/1989/244 1480/1990/244
f 1567/1989/244 1568/1991/244 1480/1990/244
f 1480/1990/245 1568/1991/245 1481/1992/245
f 1568/1991/245 1569/1993/245 1481/1992/245
f 1481/1992/246 1569/1993/246 1482/1994/246
f 1569/1993/246 1570/1995/246 1482/1994/246
f 1482/1994/247 1570/1995/247 1467/1996/247
f 1570/1995/247 1571/1997/247 1467/1996/247
f 1460/1981/248 1563/1980/248 1572/1998/248
f 1460/1981/248 1572/1998/248 1461/1999/248
f 1572/1998/249 1573/2000/249 1461/1999/249
f 1461/1999/249 1573/2000/249 1463/2001/249
f 1573/2000/250 1565/1985/250 1463/2001/250
f 1463/2001/250 1565/1985/250 1477/1984/250
f 1574/2002/251 1575/2003/251 1576/2004/251
f 1574/2002/251 1576/2004/251 1577/2005/251
f 1576/2004/252 1578/2006/252 1577/2005/252
f 1577/2005/252 1578/2006/252 1579/2007/252
f 1578/2006/253 1580/2008/253 1579/2007/253
f 1579/2007/253 1580/2008/253 1581/2009/253
f 1575/2003/254 1574/2002/254 1582/2010/254
f 1574/2002/254 1583/2011/254 1582/2010/254
f 1582/2010/255 1583/2011/255 1584/2012/255
f 1583/2011/255 1585/2013/255 1584/2012/255
f 1584/2012/256 1585/2013/256 1586/2014/256
f 1585/2013/256 1587/2015/256 1586/2014/256
f 1586/2014/257 1587/2015/257 1588/2016/257
f 1587/2015/257 1589/2017/257 1588/2016/257
f 1588/2016/258 1589/2017/258 1590/2018/258
f 1589/2017/258 1591/2019/258 1590/2018/258
f 1590/2018/259 1591/2019/259 1592/2020/259
f 1591/2019/259 1593/2021/259 1592/2020/259
f 1571/1997/197 1496/2022/197 1467/1996/197
f 1496/2022/197 1468/2023/197 1467/1996/197
f 1594/2024/198 1592/2025/198 1595/2026/198
f 1592/2025/198 1593/2027/198 1595/2026/198
f 1596/2028/191 1597/2029/191 1598/2030/191
f 1597/2029/191 1599/2031/191 1598/2030/191
f 1598/2030/192 1599/2031/192 1600/2032/192
f 1599/2031/192 1601/2033/192 1600/2032/192
f 1600/2032/193 1601/2033/193 1602/2034/193
f 1601/2033/193 1603/2035/193 1602/2034/193
f 1602/2034/194 1603/2035/194 1604/2036/194
f 1603/2035/194 1605/2037/194 1604/2036/194
f 1604/2036/195 1605/2037/195 1606/2038/195
f 1605/2037/195 1607/2039/195 1606/2038/195
f 1606/2038/196 1607/2039/196 1595/2026/196
f 1607/2039/196 1594/2024/196 1595/2026/196
f 1421/2040/186 1608/2041/186 1609/2042/186
f 1421/2040/186 1609/2042/186 1396/2043/186
f 1609/2042/187 1610/2044/187 1396/2043/187
f 1396/2043/187 1610/2044/187 1392/2045/187
f 1561/1977/188 1560/1976/188 1611/2046/188
f 1561/1977/188 1611/2046/188 1612/2047/188
f 1611/2046/189 1613/2048/189 1612/2047/189
f 1612/2047/189 1613/2048/189 1614/2049/189
f 1613/2048/190 1597/2029/190 1614/2049/190
f 1614/2049/190 1597/2029/190 1596/2028/190
f 1608/2041/180 1421/2040/180 1615/2050/180
f 1421/2040/180 1420/2051/180 1615/2050/180
f 1615/2050/181 1420/2051/181 1616/2052/181
f 1420/2051/181 1419/2053/181 1616/2052/181
f 1616/2052/182 1419/2053/182 1617/2054/182
f 1419/2053/182 1415/2055/182 1617/2054/182
f 1617/2054/183 1415/2055/183 1618/2056/183
f 1415/2055/183 1414/2057/183 1618/2056/183
f 1618/2056/184 1414/2057/184 1619/2058/184
f 1414/2057/184 1413/2059/184 1619/2058/184
f 1619/2058/185 1413/2059/185 1620/2060/185
f 1413/2059/185 1404/2061/185 1620/2060/185
f 1508/1881/135 1545/2062/135 1428/1880/135
f 1545/2062/135 1427/2063/135 1428/1880/135
f 1621/2064/179 1620/2065/179 1403/2066/179
f 1620/2065/179 1404/2067/179 1403/2066/179
f 1407/2068/173 1622/2069/173 1408/2070/173
f 1622/2069/173 1623/2071/173 1408/2070/173
f 1408/2070/174 1623/2071/174 1409/2072/174
f 1623/2071/174 1624/2073/174 1409/2072/174
f 1409/2072/175 1624/2073/175 1410/2074/175
f 1624/2073/175 1625/2075/175 1410/2074/175
f 1410/2074/176 1625/2075/176 1411/2076/176
f 1625/2075/176 1626/2077/176 1411/2076/176
f 1411/2076/177 1626/2077/177 1412/2078/177
f 1626/2077/177 1627/2079/177 1412/2078/177
f 1412/2078/178 1627/2079/178 1403/2066/178
f 1627/2079/178 1621/2064/178 1403/2066/178
f 1425/1947/171 1539/1946/171 1628/2080/171
f 1425/1947/171 1628/2080/171 1426/2081/171
f 1628/2080/172 1526/1922/172 1426/2081/172
f 1426/2081/172 1526/1922/172 1440/1923/172
f 1401/2082/169 1629/2083/169 1630/2084/169
f 1401/2082/169 1630/2084/169 1402/2085/169
f 1630/2084/170 1622/2069/170 1402/2085/170
f 1402/2085/170 1622/2069/170 1407/2068/170
f 1629/2083/161 1401/2082/161 1631/2086/161
f 1401/2082/161 1400/2087/161 1631/2086/161
f 1631/2086/162 1400/2087/162 1632/2088/162
f 1400/2087/162 1399/2089/162 1632/2088/162
f 1632/2090/163 1399/2091/163 1633/2092/163
f 1399/2091/163 1398/2093/163 1633/2092/163
f 1633/2092/164 1398/2093/164 1634/2094/164
f 1398/2093/164 1397/2095/164 1634/2094/164
f 1634/2094/165 1397/2095/165 1635/2096/165
f 1397/2095/165 1395/2097/165 1635/2096/165
f 1635/2096/166 1395/2097/166 1636/2098/166
f 1395/2097/166 1406/2099/166 1636/2098/166
f 1636/2098/167 1406/2099/167 1637/2100/167
f 1406/2099/167 1405/2101/167 1637/2100/167
f 1637/2100/168 1405/2101/168 1638/2102/168
f 1405/2101/168 1394/2103/168 1638/2102/168
f 1391/2104/303 1639/2105/303 1393/2106/303
f 1639/2105/303 1640/2107/303 1393/2106/303
f 1393/2108/304 1640/2109/304 1394/2103/304
f 1640/2109/304 1638/2102/304 1394/2103/304
f 1639/2105/305 1391/2104/305 1641/2110/305
f 1391/2104/305 1390/2111/305 1641/2110/305
f 1641/2110/306 1390/2111/306 1642/2112/306
f 1390/2111/306 1418/2113/306 1642/2112/306
f 1642/2112/307 1418/2113/307 1643/2114/307
f 1418/2113/307 1417/2115/307 1643/2114/307
f 1643/2114/308 1417/2115/308 1644/2116/308
f 1417/2115/308 1416/2117/308 1644/2116/308
f 1644/2116/309 1416/2117/309 1645/2118/309
f 1416/2117/309 1424/2119/309 1645/2118/309
f 1645/2118/310 1424/2119/310 1646/2120/310
f 1424/2119/310 1423/2121/310 1646/2120/310
f 1646/2122/311 1423/2123/311 1647/2124/311
f 1423/2123/311 1422/2125/311 1647/2124/311
f 1647/2124/312 1422/2125/312 1610/2044/312
f 1422/2125/312 1392/2045/312 1610/2044/312
f 1549/2126/67 1561/2127/67 1546/2128/67
f 1648/2129/67 1538/2130/67 1536/2131/67
f 1577/2132/67 1579/2133/67 1614/2134/67
f 1579/2133/67 1581/2135/67 1614/2134/67
f 1614/2134/67 1581/2135/67 1612/2136/67
f 1581/2135/67 1648/2129/67 1612/2136/67
f 1612/2136/67 1648/2129/67 1561/2127/67
f 1648/2129/67 1536/2131/67 1561/2127/67
f 1561/2127/67 1536/2131/67 1546/2128/67
f 1583/2137/67 1574/2138/67 1593/2139/67
f 1574/2138/67 1577/2132/67 1593/2139/67
f 1593/2139/67 1577/2132/67 1595/2140/67
f 1577/2132/67 1614/2134/67 1595/2140/67
f 1555/2141/67 1546/2128/67 1557/2142/67
f 1546/2128/67 1559/2143/67 1557/2142/67
f 1555/2141/67 1553/2144/67 1546/2128/67
f 1553/2144/67 1551/2145/67 1546/2128/67
f 1546/2128/67 1551/2145/67 1549/2126/67
f 1602/2146/67 1604/2147/67 1606/2148/67
f 1593/2139/67 1591/2149/67 1589/2150/67
f 1589/2150/67 1587/2151/67 1593/2139/67
f 1587/2151/67 1585/2152/67 1593/2139/67
f 1593/2139/67 1585/2152/67 1583/2137/67
f 1614/2134/67 1596/2153/67 1595/2140/67
f 1596/2153/67 1598/2154/67 1595/2140/67
f 1595/2140/67 1598/2154/67 1606/2148/67
f 1598/2154/67 1600/2155/67 1606/2148/67
f 1606/2148/67 1600/2155/67 1602/2146/67
f 1649/2156/303 1650/2157/303 1651/2158/303
f 1650/2157/303 1652/2159/303 1651/2158/303
f 1651/2160/304 1652/2161/304 991/1299/304
f 1652/2161/304 990/1298/304 991/1299/304
f 1650/2157/305 1649/2156/305 1653/2162/305
f 1649/2156/305 1654/2163/305 1653/2162/305
f 1653/2162/306 1654/2163/306 1655/2164/306
f 1654/2163/306 1656/2165/306 1655/2164/306
f 1655/2164/307 1656/2165/307 1657/2166/307
f 1656/2165/307 1658/2167/307 1657/2166/307
f 1657/2166/308 1658/2167/308 1659/2168/308
f 1658/2167/308 1660/2169/308 1659/2168/308
f 1659/2168/309 1660/2169/309 1661/2170/309
f 1660/2169/309 1662/2171/309 1661/2170/309
f 1661/2170/310 1662/2171/310 1663/2172/310
f 1662/2171/310 1664/2173/310 1663/2172/310
f 1663/2174/311 1664/2175/311 1665/2176/311
f 1664/2175/311 1666/2177/311 1665/2176/311
f 1665/2176/312 1666/2177/312 1034/1344/312
f 1666/2177/312 1035/1345/312 1034/1344/312
f 1172/2178/40 1170/2179/40 1040/2180/40
f 1170/2179/40 1168/2181/40 1040/2180/40
f 1172/2178/40 1040/2180/40 1185/2182/40
f 1040/2180/40 1038/2183/40 1185/2182/40
f 1185/2182/40 1038/2183/40 1037/2184/40
f 1168/2181/40 1060/2185/40 1040/2180/40
f 1060/2185/40 1055/2186/40 1040/2180/40
f 1040/2180/40 1055/2186/40 1042/2187/40
f 1055/2186/40 1045/2188/40 1042/2187/40
f 1037/2184/40 1198/2189/40 1185/2182/40
f 1198/2189/40 1201/2190/40 1185/2182/40
f 1185/2182/40 1201/2190/40 1202/2191/40
f 1037/2184/40 1186/2192/40 1198/2189/40
f 1186/2192/40 1188/2193/40 1198/2189/40
f 1198/2189/40 1188/2193/40 1190/2194/40
f 1168/2181/40 1167/2195/40 1060/2185/40
f 1167/2195/40 1174/2196/40 1060/2185/40
f 1060/2185/40 1174/2196/40 1176/2197/40
f 1176/2197/40 1178/2198/40 1060/2185/40
f 1178/2198/40 1180/2199/40 1060/2185/40
f 1060/2185/40 1180/2199/40 1182/2200/40
f 1190/2194/40 1192/2201/40 1198/2189/40
f 1192/2201/40 1194/2202/40 1198/2189/40
f 1198/2189/40 1194/2202/40 1196/2203/40
f 1055/2186/40 1053/2204/40 1045/2188/40
f 1053/2204/40 1051/2205/40 1045/2188/40
f 1045/2188/40 1051/2205/40 1047/2206/40
f 1051/2205/40 1049/2207/40 1047/2206/40
f 1131/2208/40 1084/2209/40 1132/2210/40
f 1149/2211/40 1164/2212/40 1056/2213/40
f 1056/2213/40 1164/2212/40 1057/2214/40
f 1667/2215/40 1147/2216/40 1144/2217/40
f 1131/2208/40 1132/2210/40 1142/2218/40
f 1164/2212/40 1162/2219/40 1080/2220/40
f 1162/2219/40 1161/2221/40 1080/2220/40
f 1080/2220/40 1161/2221/40 1082/2222/40
f 1161/2221/40 1667/2215/40 1082/2222/40
f 1082/2222/40 1667/2215/40 1084/2209/40
f 1667/2215/40 1144/2217/40 1084/2209/40
f 1084/2209/40 1144/2217/40 1132/2210/40
f 1132/2210/40 1134/2223/40 1136/2224/40
f 1164/2212/40 1080/2220/40 1057/2214/40
f 1080/2220/40 1062/2225/40 1057/2214/40
f 1057/2214/40 1062/2225/40 1064/2226/40
f 1136/2224/40 1138/2227/40 1132/2210/40
f 1138/2227/40 1140/2228/40 1132/2210/40
f 1132/2210/40 1140/2228/40 1142/2218/40
f 1155/2229/40 1056/2213/40 1157/2230/40
f 1056/2213/40 1159/2231/40 1157/2230/40
f 1155/2229/40 1153/2232/40 1056/2213/40
f 1153/2232/40 1151/2233/40 1056/2213/40
f 1056/2213/40 1151/2233/40 1149/2211/40
f 1064/2226/40 1066/2234/40 1068/2235/40
f 1068/2235/40 1070/2236/40 1064/2226/40
f 1070/2236/40 1072/2237/40 1064/2226/40
f 1064/2226/40 1072/2237/40 1057/2214/40
f 1120/2238/40 1076/2239/40 1075/2240/40
f 1075/2240/40 1115/2241/40 1113/2242/40
f 1120/2238/40 1122/2243/40 1076/2239/40
f 1122/2243/40 1124/2244/40 1076/2239/40
f 1076/2239/40 1124/2244/40 1126/2245/40
f 998/2246/40 1017/2247/40 1076/2239/40
f 1017/2247/40 1016/2248/40 1076/2239/40
f 1076/2239/40 1016/2248/40 1078/2249/40
f 1016/2248/40 1087/2250/40 1078/2249/40
f 1113/2242/40 1116/2251/40 1075/2240/40
f 1116/2251/40 1118/2252/40 1075/2240/40
f 1075/2240/40 1118/2252/40 1120/2238/40
f 1126/2245/40 1128/2253/40 1076/2239/40
f 1128/2253/40 1000/2254/40 1076/2239/40
f 1076/2239/40 1000/2254/40 998/2246/40
f 998/2246/40 997/2255/40 1017/2247/40
f 997/2255/40 1204/2256/40 1017/2247/40
f 1017/2247/40 1204/2256/40 1206/2257/40
f 1206/2257/40 1208/2258/40 1017/2247/40
f 1208/2258/40 1210/2259/40 1017/2247/40
f 1017/2247/40 1210/2259/40 1212/2260/40
f 1016/2248/40 1095/2261/40 1087/2250/40
f 1095/2261/40 1093/2262/40 1087/2250/40
f 1087/2250/40 1093/2262/40 1089/2263/40
f 1093/2262/40 1091/2264/40 1089/2263/40
f 1115/2241/40 1075/2240/40 1110/2265/40
f 1075/2240/40 1096/2266/40 1110/2265/40
f 1110/2265/40 1096/2266/40 1108/2267/40
f 1096/2266/40 1098/2268/40 1108/2267/40
f 1108/2267/40 1098/2268/40 1100/2269/40
f 1100/2269/40 1102/2270/40 1108/2267/40
f 1102/2270/40 1104/2271/40 1108/2267/40
f 1108/2267/40 1104/2271/40 1106/2272/40
f 1034/2273/40 1032/2274/40 984/2275/40
f 1030/2276/40 1014/2277/40 1022/2278/40
f 1003/2279/40 994/2280/40 1013/2281/40
f 994/2280/40 992/2282/40 1013/2281/40
f 1013/2281/40 992/2282/40 1014/2277/40
f 984/2275/40 986/2283/40 1034/2273/40
f 986/2283/40 988/2284/40 1034/2273/40
f 1034/2273/40 988/2284/40 990/2285/40
f 992/2282/40 974/2286/40 1032/2274/40
f 974/2286/40 976/2287/40 1032/2274/40
f 1032/2274/40 976/2287/40 978/2288/40
f 978/2288/40 980/2289/40 1032/2274/40
f 980/2289/40 982/2290/40 1032/2274/40
f 1032/2274/40 982/2290/40 984/2275/40
f 990/2285/40 1652/2291/40 1034/2273/40
f 1652/2291/40 1650/2292/40 1034/2273/40
f 1034/2273/40 1650/2292/40 1665/2293/40
f 1650/2292/40 1653/2294/40 1665/2293/40
f 1665/2293/40 1653/2294/40 1663/2295/40
f 992/2282/40 1032/2274/40 1014/2277/40
f 1032/2274/40 1020/2296/40 1014/2277/40
f 1014/2277/40 1020/2296/40 1022/2278/40
f 1013/2281/40 1011/2297/40 1009/2298/40
f 1009/2298/40 1007/2299/40 1013/2281/40
f 1007/2299/40 1005/2300/40 1013/2281/40
f 1013/2281/40 1005/2300/40 1003/2279/40
f 1030/2276/40 1022/2278/40 1028/2301/40
f 1022/2278/40 1024/2302/40 1028/2301/40
f 1028/2301/40 1024/2302/40 1026/2303/40
f 1653/2294/40 1655/2304/40 1663/2295/40
f 1655/2304/40 1657/2305/40 1663/2295/40
f 1663/2295/40 1657/2305/40 1661/2306/40
f 1657/2305/40 1659/2307/40 1661/2306/40
f 1668/2308/92 1669/2309/92 1670/2310/92
f 1669/2309/92 1671/2311/92 1670/2310/92
f 1672/2312/279 1673/2313/279 1674/2314/279
f 1673/2313/279 1675/2315/279 1674/2314/279
f 1674/2314/280 1675/2315/280 1676/2316/280
f 1675/2315/280 1677/2317/280 1676/2316/280
f 1676/2316/281 1677/2317/281 1678/2318/281
f 1677/2317/281 1679/2319/281 1678/2318/281
f 1678/2320/282 1679/2321/282 1680/2322/282
f 1679/2321/282 1681/2323/282 1680/2322/282
f 1680/2322/283 1681/2323/283 1682/2324/283
f 1681/2323/283 1683/2325/283 1682/2324/283
f 1682/2324/284 1683/2325/284 1684/2326/284
f 1683/2325/284 1685/2327/284 1684/2326/284
f 1684/2326/285 1685/2327/285 1686/2328/285
f 1685/2327/285 1687/2329/285 1686/2328/285
f 1686/2328/286 1687/2329/286 1688/2330/286
f 1687/2329/286 1689/2331/286 1688/2330/286
f 1688/2330/287 1689/2331/287 1690/2332/287
f 1689/2331/287 1691/2333/287 1690/2332/287
f 1690/2334/288 1691/2335/288 1692/2336/288
f 1691/2335/288 1693/2337/288 1692/2336/288
f 1692/2336/289 1693/2337/289 1694/2338/289
f 1693/2337/289 1695/2339/289 1694/2338/289
f 1694/2338/290 1695/2339/290 1668/2308/290
f 1695/2339/290 1669/2309/290 1668/2308/290
f 1673/2313/94 1672/2312/94 1696/2340/94
f 1672/2312/94 1697/2341/94 1696/2340/94
f 1698/2342/313 1699/2343/313 1700/2344/313
f 1699/2343/299 1701/1284/299 1700/2344/299
f 1700/2345/276 1701/2346/276 1702/2347/276
f 1701/2346/276 1703/2348/276 1702/2347/276
f 1702/2347/277 1703/2348/277 1704/2349/277
f 1703/2348/277 1705/2350/277 1704/2349/277
f 1704/2349/278 1705/2350/278 1706/2351/278
f 1705/2350/278 1707/2352/278 1706/2351/278
f 1706/2351/279 1707/2352/279 1708/2353/279
f 1707/2352/279 1709/2354/279 1708/2353/279
f 1708/2353/280 1709/2354/280 1710/2355/280
f 1709/2354/280 1711/2356/280 1710/2355/280
f 1710/2355/281 1711/2356/281 1712/2357/281
f 1711/2356/281 1713/2358/281 1712/2357/281
f 1712/2359/282 1713/2360/282 1714/2361/282
f 1713/2360/282 1715/2362/282 1714/2361/282
f 1714/2361/283 1715/2362/283 1716/2363/283
f 1715/2362/283 1717/2364/283 1716/2363/283
f 1716/2363/284 1717/2364/284 1718/2365/284
f 1717/2364/284 1719/2366/284 1718/2365/284
f 1718/2365/285 1719/2366/285 1720/2367/285
f 1719/2366/285 1721/2368/285 1720/2367/285
f 1720/2367/286 1721/2368/286 1722/2369/286
f 1721/2368/286 1723/2370/286 1722/2369/286
f 1722/2369/287 1723/2370/287 1724/2371/287
f 1723/2370/287 1725/2372/287 1724/2371/287
f 1725/2373/298 1726/2374/298 1724/2375/298
f 1724/2375/314 1726/2374/314 1727/2376/314
f 1726/2374/302 1728/2377/302 1727/2376/302
f 1727/2376/289 1728/2377/289 1729/2378/289
f 1728/2377/289 1730/2379/289 1729/2378/289
f 1729/2378/290 1730/2379/290 1731/2380/290
f 1730/2379/290 1732/2381/290 1731/2380/290
f 1731/2380/291 1732/2381/291 1733/2382/291
f 1732/2381/291 1734/2383/291 1733/2382/291
f 1733/2382/292 1734/2383/292 1735/2384/292
f 1734/2383/292 1736/2385/292 1735/2384/292
f 1735/2384/293 1736/2385/293 1737/2386/293
f 1736/2385/293 1738/2387/293 1737/2386/293
f 1737/2388/294 1738/2389/294 1739/2390/294
f 1738/2389/294 1740/2391/294 1739/2390/294
f 1739/2390/295 1740/2391/295 1741/2392/295
f 1740/2391/295 1742/2393/295 1741/2392/295
f 1741/2392/296 1742/2393/296 1743/2394/296
f 1742/2393/296 1744/2395/296 1743/2394/296
f 1743/2394/273 1744/2395/273 1745/2396/273
f 1744/2395/273 1746/2397/273 1745/2396/273
f 1745/2396/274 1746/2397/274 1698/2342/274
f 1746/2397/274 1747/2398/274 1698/2342/274
f 1698/2342/301 1747/2398/301 1699/2343/301
f 1748/2399/285 1749/2400/285 1750/2401/285
f 1749/2400/285 1751/2402/285 1750/2401/285
f 1750/2401/286 1751/2402/286 1752/2403/286
f 1751/2402/286 1753/2404/286 1752/2403/286
f 1752/2403/287 1753/2404/287 1754/2405/287
f 1753/2404/287 1755/2406/287 1754/2405/287
f 1754/2407/288 1755/2408/288 1756/2409/288
f 1755/2408/288 1757/2410/288 1756/2409/288
f 1756/2409/289 1757/2410/289 1758/2411/289
f 1757/2410/289 1759/2412/289 1758/2411/289
f 1758/2411/290 1759/2412/290 1760/2413/290
f 1759/2412/290 1761/2414/290 1760/2413/290
f 1760/2413/291 1761/2414/291 1762/2415/291
f 1761/2414/291 1763/2416/291 1762/2415/291
f 1762/2415/292 1763/2416/292 1764/2417/292
f 1763/2416/292 1765/2418/292 1764/2417/292
f 1764/2417/293 1765/2418/293 1766/2419/293
f 1765/2418/293 1767/2420/293 1766/2419/293
f 1766/2421/294 1767/2422/294 1768/2423/294
f 1767/2422/294 1769/2424/294 1768/2423/294
f 1768/2423/295 1769/2424/295 1770/2425/295
f 1769/2424/295 1771/2426/295 1770/2425/295
f 1770/2425/296 1771/2426/296 1772/2427/296
f 1771/2426/296 1773/2428/296 1772/2427/296
f 1772/2427/273 1773/2428/273 1774/2429/273
f 1773/2428/273 1775/2430/273 1774/2429/273
f 1774/2429/274 1775/2430/274 1776/2431/274
f 1775/2430/274 1777/2432/274 1776/2431/274
f 1776/2431/275 1777/2432/275 1778/2433/275
f 1777/2432/275 1779/2434/275 1778/2433/275
f 1778/2435/276 1779/2436/276 1780/2437/276
f 1779/2436/276 1781/2438/276 1780/2437/276
f 1780/2437/277 1781/2438/277 1782/2439/277
f 1781/2438/277 1783/2440/277 1782/2439/277
f 1782/2439/278 1783/2440/278 1784/2441/278
f 1783/2440/278 1785/2442/278 1784/2441/278
f 1784/2441/279 1785/2442/279 1786/2443/279
f 1785/2442/279 1787/2444/279 1786/2443/279
f 1786/2443/280 1787/2444/280 1788/2445/280
f 1787/2444/280 1789/2446/280 1788/2445/280
f 1788/2445/281 1789/2446/281 1790/2447/281
f 1789/2446/281 1791/2448/281 1790/2447/281
f 1790/2449/282 1791/2450/282 1792/2451/282
f 1791/2450/282 1793/2452/282 1792/2451/282
f 1792/2451/283 1793/2452/283 1794/2453/283
f 1793/2452/283 1795/2454/283 1794/2453/283
f 1794/2453/284 1795/2454/284 1748/2399/284
f 1795/2454/284 1749/2400/284 1748/2399/284
f 1796/2455/273 1797/2456/273 1798/2457/273
f 1797/2456/273 1799/2458/273 1798/2457/273
f 1798/2457/274 1799/2458/274 1800/2459/274
f 1799/2458/274 1801/2460/274 1800/2459/274
f 1800/2459/275 1801/2460/275 1802/2461/275
f 1801/2460/275 1803/2462/275 1802/2461/275
f 1802/2463/276 1803/2464/276 1804/2465/276
f 1803/2464/276 1805/2466/276 1804/2465/276
f 1804/2465/277 1805/2466/277 1806/2467/277
f 1805/2466/277 1807/2468/277 1806/2467/277
f 1806/2467/278 1807/2468/278 1808/2469/278
f 1807/2468/278 1809/2470/278 1808/2469/278
f 1808/2469/279 1809/2470/279 1810/2471/279
f 1809/2470/279 1811/2472/279 1810/2471/279
f 1810/2471/280 1811/2472/280 1812/2473/280
f 1811/2472/280 1813/2474/280 1812/2473/280
f 1812/2473/281 1813/2474/281 1814/2475/281
f 1813/2474/281 1815/2476/281 1814/2475/281
f 1814/2477/282 1815/2478/282 1816/2479/282
f 1815/2478/282 1817/2480/282 1816/2479/282
f 1816/2479/283 1817/2480/283 1818/2481/283
f 1817/2480/283 1819/2482/283 1818/2481/283
f 1818/2481/284 1819/2482/284 1820/2483/284
f 1819/2482/284 1821/2484/284 1820/2483/284
f 1820/2483/285 1821/2484/285 1822/2485/285
f 1821/2484/285 1823/2486/285 1822/2485/285
f 1822/2485/286 1823/2486/286 1824/2487/286
f 1823/2486/286 1825/2488/286 1824/2487/286
f 1824/2487/287 1825/2488/287 1826/2489/287
f 1825/2488/287 1827/2490/287 1826/2489/287
f 1826/2491/288 1827/2492/288 1828/2493/288
f 1827/2492/288 1829/2494/288 1828/2493/288
f 1828/2493/289 1829/2494/289 1830/2495/289
f 1829/2494/289 1831/2496/289 1830/2495/289
f 1830/2495/290 1831/2496/290 1832/2497/290
f 1831/2496/290 1833/2498/290 1832/2497/290
f 1832/2497/291 1833/2498/291 1834/2499/291
f 1833/2498/291 1835/2500/291 1834/2499/291
f 1834/2499/292 1835/2500/292 1836/2501/292
f 1835/2500/292 1837/2502/292 1836/2501/292
f 1836/2501/293 1837/2502/293 1838/2503/293
f 1837/2502/293 1839/2504/293 1838/2503/293
f 1838/2505/294 1839/2506/294 1840/2507/294
f 1839/2506/294 1841/2508/294 1840/2507/294
f 1840/2507/295 1841/2508/295 1842/2509/295
f 1841/2508/295 1843/2510/295 1842/2509/295
f 1842/2509/296 1843/2510/296 1796/2455/296
f 1843/2510/296 1797/2456/296 1796/2455/296
f 1844/2511/315 1845/2512/315 1846/2513/315
f 1845/2512/315 1847/2514/315 1846/2513/315
f 1848/2515/316 1849/2516/316 1850/2517/316
f 1850/2517/316 1851/2518/316 1848/2515/316
f 1851/2518/316 1852/2519/316 1848/2515/316
f 1848/2515/316 1852/2519/316 1853/2520/316
f 1846/2521/316 1847/2522/316 1854/2523/316
f 1847/2522/316 1853/2520/316 1854/2523/316
f 1854/2523/316 1853/2520/316 1855/2524/316
f 1853/2520/316 1852/2519/316 1855/2524/316
f 1850/2525/317 1849/2526/317 1856/2527/317
f 1849/2526/317 1857/2528/317 1856/2527/317
f 1858/2529/198 1857/2530/198 1859/2531/198
f 1857/2530/198 1849/2516/198 1859/2531/198
f 1860/2532/69 4/2533/69 1861/2534/69
f 4/2533/69 2/2535/69 1861/2534/69
f 1861/2534/70 2/2535/70 1862/2536/70
f 2/2535/70 1/2537/70 1862/2536/70
f 1862/2536/71 1/2537/71 1863/2538/71
f 1/2537/71 8/2539/71 1863/2538/71
f 1863/2540/74 8/2541/74 1864/2542/74
f 8/2541/74 7/2543/74 1864/2542/74
f 1864/2542/75 7/2543/75 1865/2544/75
f 7/2543/75 6/2545/75 1865/2544/75
f 1865/2544/76 6/2545/76 1866/2546/76
f 6/2545/76 11/2547/76 1866/2546/76
f 1866/2546/77 11/2547/77 1867/2548/77
f 11/2547/77 10/2549/77 1867/2548/77
f 1867/2548/78 10/2549/78 1868/2550/78
f 10/2549/78 9/2551/78 1868/2550/78
f 1868/2550/100 9/2551/100 1869/2552/100
f 9/2551/100 14/2553/100 1869/2552/100
f 1869/2554/98 14/2555/98 1870/2556/98
f 14/2555/98 13/2557/98 1870/2556/98
f 1870/2556/97 13/2557/97 1871/2558/97
f 13/2557/97 12/2559/97 1871/2558/97
f 1871/2558/96 12/2559/96 1872/2560/96
f 12/2559/96 17/2561/96 1872/2560/96
f 1872/2560/31 17/2561/31 1873/2562/31
f 17/2561/31 16/2563/31 1873/2562/31
f 1873/2562/32 16/2563/32 1874/2564/32
f 16/2563/32 15/2565/32 1874/2564/32
f 1874/2564/34 15/2565/34 1875/2566/34
f 15/2565/34 20/2567/34 1875/2566/34
f 1875/2568/35 20/2569/35 1876/2570/35
f 20/2569/35 19/2571/35 1876/2570/35
f 1876/2570/36 19/2571/36 1877/2572/36
f 19/2571/36 18/2573/36 1877/2572/36
f 1877/2572/37 18/2573/37 1878/2574/37
f 18/2573/37 23/2575/37 1878/2574/37
f 1878/2574/38 23/2575/38 1879/2576/38
f 23/2575/38 22/2577/38 1879/2576/38
f 1879/2576/39 22/2577/39 1880/2578/39
f 22/2577/39 21/2579/39 1880/2578/39
f 1880/2578/83 21/2579/83 1881/2580/83
f 21/2579/83 25/2581/83 1881/2580/83
f 1881/2582/81 25/2583/81 1882/2584/81
f 25/2583/84 24/2585/84 1882/2584/84
f 1882/2584/80 24/2585/80 1883/2586/80
f 24/2585/80 5/2587/80 1883/2586/80
f 1883/2586/79 5/2587/79 1860/2532/79
f 5/2587/79 4/2533/79 1860/2532/79
f 1884/2588/69 29/2589/69 1885/2590/69
f 29/2589/69 27/2591/69 1885/2590/69
f 1885/2590/70 27/2591/70 1886/2592/70
f 27/2591/70 26/2593/70 1886/2592/70
f 1886/2592/71 26/2593/71 1887/2594/71
f 26/2593/71 33/2595/71 1887/2594/71
f 1887/2596/74 33/2597/74 1888/2598/74
f 33/2597/74 32/2599/74 1888/2598/74
f 1888/2598/75 32/2599/75 1889/2600/75
f 32/2599/75 31/2601/75 1889/2600/75
f 1889/2600/76 31/2601/76 1890/2602/76
f 31/2601/76 36/2603/76 1890/2602/76
f 1890/2602/77 36/2603/77 1891/2604/77
f 36/2603/77 35/2605/77 1891/2604/77
f 1891/2604/78 35/2605/78 1892/2606/78
f 35/2605/78 34/2607/78 1892/2606/78
f 1892/2606/100 34/2607/100 1893/2608/100
f 34/2607/100 39/2609/100 1893/2608/100
f 1893/2610/98 39/2611/98 1894/2612/98
f 39/2611/98 38/2613/98 1894/2612/98
f 1894/2612/97 38/2613/97 1895/2614/97
f 38/2613/97 37/2615/97 1895/2614/97
f 1895/2614/96 37/2615/96 1896/2616/96
f 37/2615/96 42/2617/96 1896/2616/96
f 1896/2616/31 42/2617/31 1897/2618/31
f 42/2617/31 41/2619/31 1897/2618/31
f 1897/2618/32 41/2619/32 1898/2620/32
f 41/2619/32 40/2621/32 1898/2620/32
f 1898/2620/34 40/2621/34 1899/2622/34
f 40/2621/34 45/2623/34 1899/2622/34
f 1899/2624/35 45/2625/35 1900/2626/35
f 45/2625/35 44/2627/35 1900/2626/35
f 1900/2626/36 44/2627/36 1901/2628/36
f 44/2627/36 43/2629/36 1901/2628/36
f 1901/2628/37 43/2629/37 1902/2630/37
f 43/2629/37 48/2631/37 1902/2630/37
f 1902/2630/38 48/2631/38 1903/2632/38
f 48/2631/38 47/2633/38 1903/2632/38
f 1903/2632/39 47/2633/39 1904/2634/39
f 47/2633/39 46/2635/39 1904/2634/39
f 1904/2634/83 46/2635/83 1905/2636/83
f 46/2635/83 50/2637/83 1905/2636/83
f 1905/2638/84 50/2639/84 1906/2640/84
f 50/2639/84 49/2641/84 1906/2640/84
f 1906/2640/80 49/2641/80 1907/2642/80
f 49/2641/80 30/2643/80 1907/2642/80
f 1907/2642/79 30/2643/79 1884/2588/79
f 30/2643/79 29/2589/79 1884/2588/79
f 1908/2644/69 54/2645/69 1909/2646/69
f 54/2645/69 52/2647/69 1909/2646/69
f 1909/2646/70 52/2647/70 1910/2648/70
f 52/2647/70 51/2649/70 1910/2648/70
f 1910/2648/71 51/2649/71 1911/2650/71
f 51/2649/71 58/2651/71 1911/2650/71
f 1911/2652/74 58/2653/74 1912/2654/74
f 58/2653/74 57/2655/74 1912/2654/74
f 1912/2654/75 57/2655/75 1913/2656/75
f 57/2655/75 56/2657/75 1913/2656/75
f 1913/2656/76 56/2657/76 1914/2658/76
f 56/2657/76 61/2659/76 1914/2658/76
f 1914/2658/77 61/2659/77 1915/2660/77
f 61/2659/77 60/2661/77 1915/2660/77
f 1915/2660/78 60/2661/78 1916/2662/78
f 60/2661/78 59/2663/78 1916/2662/78
f 1916/2662/100 59/2663/100 1917/2664/100
f 59/2663/100 64/2665/100 1917/2664/100
f 1917/2666/98 64/2667/98 1918/2668/98
f 64/2667/98 63/2669/98 1918/2668/98
f 1918/2668/97 63/2669/97 1919/2670/97
f 63/2669/97 62/2671/97 1919/2670/97
f 1919/2670/96 62/2671/96 1920/2672/96
f 62/2671/96 67/2673/96 1920/2672/96
f 1920/2672/31 67/2673/31 1921/2674/31
f 67/2673/31 66/2675/31 1921/2674/31
f 1921/2674/32 66/2675/32 1922/2676/32
f 66/2675/32 65/2677/32 1922/2676/32
f 1922/2676/34 65/2677/34 1923/2678/34
f 65/2677/34 70/2679/34 1923/2678/34
f 1923/2680/35 70/2681/35 1924/2682/35
f 70/2681/35 69/2683/35 1924/2682/35
f 1924/2682/36 69/2683/36 1925/2684/36
f 69/2683/36 68/2685/36 1925/2684/36
f 1925/2684/37 68/2685/37 1926/2686/37
f 68/2685/37 73/2687/37 1926/2686/37
f 1926/2686/38 73/2687/38 1927/2688/38
f 73/2687/38 72/2689/38 1927/2688/38
f 1927/2688/39 72/2689/39 1928/2690/39
f 72/2689/39 71/2691/39 1928/2690/39
f 1928/2690/83 71/2691/83 1929/2692/83
f 71/2691/83 75/2693/83 1929/2692/83
f 1929/2694/84 75/2695/84 1930/2696/84
f 75/2695/84 74/2697/84 1930/2696/84
f 1930/2696/80 74/2697/80 1931/2698/80
f 74/2697/80 55/2699/80 1931/2698/80
f 1931/2698/79 55/2699/79 1908/2644/79
f 55/2699/79 54/2645/79 1908/2644/79
f 1932/2700/69 79/2701/69 1933/2702/69
f 79/2701/69 77/2703/69 1933/2702/69
f 1933/2702/70 77/2703/70 1934/2704/70
f 77/2703/70 76/2705/70 1934/2704/70
f 1934/2704/71 76/2705/71 1935/2706/71
f 76/2705/71 83/2707/71 1935/2706/71
f 1935/2708/74 83/2709/74 1936/2710/74
f 83/2709/74 82/2711/74 1936/2710/74
f 1936/2710/75 82/2711/75 1937/2712/75
f 82/2711/75 81/2713/75 1937/2712/75
f 1937/2712/76 81/2713/76 1938/2714/76
f 81/2713/76 86/2715/76 1938/2714/76
f 1938/2714/77 86/2715/77 1939/2716/77
f 86/2715/77 85/2717/77 1939/2716/77
f 1939/2716/78 85/2717/78 1940/2718/78
f 85/2717/78 84/2719/78 1940/2718/78
f 1940/2718/100 84/2719/100 1941/2720/100
f 84/2719/100 89/2721/100 1941/2720/100
f 1941/2722/98 89/2723/98 1942/2724/98
f 89/2723/98 88/2725/98 1942/2724/98
f 1942/2724/97 88/2725/97 1943/2726/97
f 88/2725/97 87/2727/97 1943/2726/97
f 1943/2726/96 87/2727/96 1944/2728/96
f 87/2727/96 92/2729/96 1944/2728/96
f 1944/2728/31 92/2729/31 1945/2730/31
f 92/2729/31 91/2731/31 1945/2730/31
f 1945/2730/32 91/2731/32 1946/2732/32
f 91/2731/32 90/2733/32 1946/2732/32
f 1946/2732/34 90/2733/34 1947/2734/34
f 90/2733/33 95/2735/33 1947/2734/33
f 1947/2736/35 95/2737/35 1948/2738/35
f 95/2737/35 94/2739/35 1948/2738/35
f 1948/2738/36 94/2739/36 1949/2740/36
f 94/2739/36 93/2741/36 1949/2740/36
f 1949/2740/37 93/2741/37 1950/2742/37
f 93/2741/37 98/2743/37 1950/2742/37
f 1950/2742/38 98/2743/38 1951/2744/38
f 98/2743/38 97/2745/38 1951/2744/38
f 1951/2744/39 97/2745/39 1952/2746/39
f 97/2745/39 96/2747/39 1952/2746/39
f 1952/2746/83 96/2747/83 1953/2748/83
f 96/2747/83 100/2749/83 1953/2748/83
f 1953/2750/84 100/2751/84 1954/2752/84
f 100/2751/84 99/2753/84 1954/2752/84
f 1954/2752/80 99/2753/80 1955/2754/80
f 99/2753/80 80/2755/80 1955/2754/80
f 1955/2754/79 80/2755/79 1932/2700/79
f 80/2755/79 79/2701/79 1932/2700/79
f 1956/2756/69 104/2757/69 1957/2758/69
f 104/2757/69 102/2759/69 1957/2758/69
f 1957/2758/70 102/2759/70 1958/2760/70
f 102/2759/70 101/2761/70 1958/2760/70
f 1958/2760/71 101/2761/71 1959/2762/71
f 101/2761/71 108/2763/71 1959/2762/71
f 1959/2764/74 108/2765/74 1960/2766/74
f 108/2765/74 107/2767/74 1960/2766/74
f 1960/2766/75 107/2767/75 1961/2768/75
f 107/2767/75 106/2769/75 1961/2768/75
f 1961/2768/76 106/2769/76 1962/2770/76
f 106/2769/76 111/2771/76 1962/2770/76
f 1962/2770/77 111/2771/77 1963/2772/77
f 111/2771/77 110/2773/77 1963/2772/77
f 1963/2772/78 110/2773/78 1964/2774/78
f 110/2773/78 109/2775/78 1964/2774/78
f 1964/2774/100 109/2775/100 1965/2776/100
f 109/2775/100 114/2777/100 1965/2776/100
f 1965/2778/98 114/2779/98 1966/2780/98
f 114/2779/98 113/2781/98 1966/2780/98
f 1966/2780/97 113/2781/97 1967/2782/97
f 113/2781/97 112/2783/97 1967/2782/97
f 1967/2782/96 112/2783/96 1968/2784/96
f 112/2783/96 117/2785/96 1968/2784/96
f 1968/2784/31 117/2785/31 1969/2786/31
f 117/2785/31 116/2787/31 1969/2786/31
f 1969/2786/32 116/2787/32 1970/2788/32
f 116/2787/32 115/2789/32 1970/2788/32
f 1970/2788/34 115/2789/34 1971/2790/34
f 115/2789/34 120/2791/34 1971/2790/34
f 1971/2792/35 120/2793/35 1972/2794/35
f 120/2793/35 119/2795/35 1972/2794/35
f 1972/2794/36 119/2795/36 1973/2796/36
f 119/2795/36 118/2797/36 1973/2796/36
f 1973/2796/37 118/2797/37 1974/2798/37
f 118/2797/37 123/2799/37 1974/2798/37
f 1974/2798/38 123/2799/38 1975/2800/38
f 123/2799/38 122/2801/38 1975/2800/38
f 1975/2800/39 122/2801/39 1976/2802/39
f 122/2801/39 121/2803/39 1976/2802/39
f 1976/2802/83 121/2803/83 1977/2804/83
f 121/2803/83 125/2805/83 1977/2804/83
f 1977/2806/84 125/2807/84 1978/2808/84
f 125/2807/84 124/2809/84 1978/2808/84
f 1978/2808/80 124/2809/80 1979/2810/80
f 124/2809/80 105/2811/80 1979/2810/80
f 1979/2810/79 105/2811/79 1956/2756/79
f 105/2811/79 104/2757/79 1956/2756/79
f 1980/2812/69 129/2813/69 1981/2814/69
f 129/2813/69 127/2815/69 1981/2814/69
f 1981/2814/70 127/2815/70 1982/2816/70
f 127/2815/70 126/2817/70 1982/2816/70
f 1982/2816/71 126/2817/71 1983/2818/71
f 126/2817/71 133/2819/71 1983/2818/71
f 1983/2820/74 133/2821/74 1984/2822/74
f 133/2821/74 132/2823/74 1984/2822/74
f 1984/2822/75 132/2823/75 1985/2824/75
f 132/2823/75 131/2825/75 1985/2824/75
f 1985/2824/76 131/2825/76 1986/2826/76
f 131/2825/76 136/2827/76 1986/2826/76
f 1986/2826/77 136/2827/77 1987/2828/77
f 136/2827/77 135/2829/77 1987/2828/77
f 1987/2828/78 135/2829/78 1988/2830/78
f 135/2829/78 134/2831/78 1988/2830/78
f 1988/2830/100 134/2831/100 1989/2832/100
f 134/2831/100 139/2833/100 1989/2832/100
f 1989/2834/98 139/2835/98 1990/2836/98
f 139/2835/98 138/2837/98 1990/2836/98
f 1990/2836/97 138/2837/97 1991/2838/97
f 138/2837/97 137/2839/97 1991/2838/97
f 1991/2838/96 137/2839/96 1992/2840/96
f 137/2839/96 142/2841/96 1992/2840/96
f 1992/2840/31 142/2841/31 1993/2842/31
f 142/2841/31 141/2843/31 1993/2842/31
f 1993/2842/32 141/2843/32 1994/2844/32
f 141/2843/32 140/2845/32 1994/2844/32
f 1994/2844/34 140/2845/34 1995/2846/34
f 140/2845/34 145/2847/34 1995/2846/34
f 1995/2848/35 145/2849/35 1996/2850/35
f 145/2849/35 144/2851/35 1996/2850/35
f 1996/2850/36 144/2851/36 1997/2852/36
f 144/2851/36 143/2853/36 1997/2852/36
f 1997/2852/37 143/2853/37 1998/2854/37
f 143/2853/37 148/2855/37 1998/2854/37
f 1998/2854/38 148/2855/38 1999/2856/38
f 148/2855/38 147/2857/38 1999/2856/38
f 1999/2856/39 147/2857/39 2000/2858/39
f 147/2857/39 146/2859/39 2000/2858/39
f 2000/2858/83 146/2859/83 2001/2860/83
f 146/2859/83 150/2861/83 2001/2860/83
f 2001/2862/84 150/2863/84 2002/2864/84
f 150/2863/84 149/2865/84 2002/2864/84
f 2002/2864/80 149/2865/80 2003/2866/80
f 149/2865/80 130/2867/80 2003/2866/80
f 2003/2866/79 130/2867/79 1980/2812/79
f 130/2867/79 129/2813/79 1980/2812/79
f 2004/2868/69 2005/2869/69 2006/2870/69
f 2005/2869/69 2007/2871/69 2006/2870/69
f 2006/2870/70 2007/2871/70 2008/2872/70
f 2007/2871/70 2009/2873/70 2008/2872/70
f 2008/2872/71 2009/2873/71 2010/2874/71
f 2009/2873/71 2011/2875/71 2010/2874/71
f 2010/2876/74 2011/2877/74 2012/2878/74
f 2011/2877/74 2013/2879/74 2012/2878/74
f 2012/2878/75 2013/2879/75 2014/2880/75
f 2013/2879/75 2015/2881/75 2014/2880/75
f 2014/2880/76 2015/2881/76 2016/2882/76
f 2015/2881/76 2017/2883/76 2016/2882/76
f 2016/2882/77 2017/2883/77 2018/2884/77
f 2017/2883/77 2019/2885/77 2018/2884/77
f 2018/2884/78 2019/2885/78 2020/2886/78
f 2019/2885/78 2021/2887/78 2020/2886/78
f 2020/2886/100 2021/2887/100 2022/2888/100
f 2021/2887/100 2023/2889/100 2022/2888/100
f 2022/2890/98 2023/2891/98 2024/2892/98
f 2023/2891/98 2025/2893/98 2024/2892/98
f 2024/2892/97 2025/2893/97 2026/2894/97
f 2025/2893/97 2027/2895/97 2026/2894/97
f 2026/2894/96 2027/2895/96 2028/2896/96
f 2027/2895/96 2029/2897/96 2028/2896/96
f 2028/2896/31 2029/2897/31 2030/2898/31
f 2029/2897/31 2031/2899/31 2030/2898/31
f 2030/2898/32 2031/2899/32 2032/2900/32
f 2031/2899/32 2033/2901/32 2032/2900/32
f 2032/2900/34 2033/2901/34 2034/2902/34
f 2033/2901/34 2035/2903/34 2034/2902/34
f 2034/2904/35 2035/2905/35 2036/2906/35
f 2035/2905/35 2037/2907/35 2036/2906/35
f 2036/2906/36 2037/2907/36 2038/2908/36
f 2037/2907/36 2039/2909/36 2038/2908/36
f 2038/2908/37 2039/2909/37 2040/2910/37
f 2039/2909/37 2041/2911/37 2040/2910/37
f 2040/2910/38 2041/2911/38 2042/2912/38
f 2041/2911/38 2043/2913/38 2042/2912/38
f 2042/2912/39 2043/2913/39 2044/2914/39
f 2043/2913/39 2045/2915/39 2044/2914/39
f 2044/2914/83 2045/2915/83 2046/2916/83
f 2045/2915/83 2047/2917/83 2046/2916/83
f 2046/2918/84 2047/2919/84 2048/2920/84
f 2047/2919/84 2049/2921/84 2048/2920/84
f 2048/2920/80 2049/2921/80 2050/2922/80
f 2049/2921/80 2051/2923/80 2050/2922/80
f 2050/2922/79 2051/2923/79 2004/2868/79
f 2051/2923/79 2005/2869/79 2004/2868/79
f 2052/2924/69 2053/2925/69 2054/2926/69
f 2053/2925/69 2055/2927/69 2054/2926/69
f 2054/2926/70 2055/2927/70 2056/2928/70
f 2055/2927/70 2057/2929/70 2056/2928/70
f 2056/2928/71 2057/2929/71 2058/2930/71
f 2057/2929/71 2059/2931/71 2058/2930/71
f 2058/2932/74 2059/2933/74 2060/2934/74
f 2059/2933/74 2061/2935/74 2060/2934/74
f 2060/2934/75 2061/2935/75 2062/2936/75
f 2061/2935/75 2063/2937/75 2062/2936/75
f 2062/2936/76 2063/2937/76 2064/2938/76
f 2063/2937/76 2065/2939/76 2064/2938/76
f 2064/2938/77 2065/2939/77 2066/2940/77
f 2065/2939/77 2067/2941/77 2066/2940/77
f 2066/2940/78 2067/2941/78 2068/2942/78
f 2067/2941/78 2069/2943/78 2068/2942/78
f 2068/2942/100 2069/2943/100 2070/2944/100
f 2069/2943/100 2071/2945/100 2070/2944/100
f 2070/2946/98 2071/2947/98 2072/2948/98
f 2071/2947/98 2073/2949/98 2072/2948/98
f 2072/2948/97 2073/2949/97 2074/2950/97
f 2073/2949/97 2075/2951/97 2074/2950/97
f 2074/2950/96 2075/2951/96 2076/2952/96
f 2075/2951/96 2077/2953/96 2076/2952/96
f 2076/2952/31 2077/2953/31 2078/2954/31
f 2077/2953/31 2079/2955/31 2078/2954/31
f 2078/2954/32 2079/2955/32 2080/2956/32
f 2079/2955/32 2081/2957/32 2080/2956/32
f 2080/2956/34 2081/2957/34 2082/2958/34
f 2081/2957/34 2083/2959/34 2082/2958/34
f 2082/2960/35 2083/2961/35 2084/2962/35
f 2083/2961/35 2085/2963/35 2084/2962/35
f 2084/2962/36 2085/2963/36 2086/2964/36
f 2085/2963/36 2087/2965/36 2086/2964/36
f 2086/2964/37 2087/2965/37 2088/2966/37
f 2087/2965/37 2089/2967/37 2088/2966/37
f 2088/2966/38 2089/2967/38 2090/2968/38
f 2089/2967/38 2091/2969/38 2090/2968/38
f 2090/2968/39 2091/2969/39 2092/2970/39
f 2091/2969/39 2093/2971/39 2092/2970/39
f 2092/2970/83 2093/2971/83 2094/2972/83
f 2093/2971/83 2095/2973/83 2094/2972/83
f 2094/2974/84 2095/2975/84 2096/2976/84
f 2095/2975/84 2097/2977/84 2096/2976/84
f 2096/2976/80 2097/2977/80 2098/2978/80
f 2097/2977/80 2099/2979/80 2098/2978/80
f 2098/2978/79 2099/2979/79 2052/2924/79
f 2099/2979/79 2053/2925/79 2052/2924/79
f 2100/2980/69 2101/2981/69 2102/2982/69
f 2101/2981/69 2103/2983/69 2102/2982/69
f 2102/2982/70 2103/2983/70 2104/2984/70
f 2103/2983/70 2105/2985/70 2104/2984/70
f 2104/2984/71 2105/2985/71 2106/2986/71
f 2105/2985/71 2107/2987/71 2106/2986/71
f 2106/2988/74 2107/2989/74 2108/2990/74
f 2107/2989/74 2109/2991/74 2108/2990/74
f 2108/2990/75 2109/2991/75 2110/2992/75
f 2109/2991/75 2111/2993/75 2110/2992/75
f 2110/2992/76 2111/2993/76 2112/2994/76
f 2111/2993/76 2113/2995/76 2112/2994/76
f 2112/2994/77 2113/2995/77 2114/2996/77
f 2113/2995/77 2115/2997/77 2114/2996/77
f 2114/2996/78 2115/2997/78 2116/2998/78
f 2115/2997/78 2117/2999/78 2116/2998/78
f 2116/2998/100 2117/2999/100 2118/3000/100
f 2117/2999/100 2119/3001/100 2118/3000/100
f 2118/3002/98 2119/3003/98 2120/3004/98
f 2119/3003/98 2121/3005/98 2120/3004/98
f 2120/3004/97 2121/3005/97 2122/3006/97
f 2121/3005/97 2123/3007/97 2122/3006/97
f 2122/3006/96 2123/3007/96 2124/3008/96
f 2123/3007/96 2125/3009/96 2124/3008/96
f 2124/3008/31 2125/3009/31 2126/3010/31
f 2125/3009/31 2127/3011/31 2126/3010/31
f 2126/3010/32 2127/3011/32 2128/3012/32
f 2127/3011/32 2129/3013/32 2128/3012/32
f 2128/3012/34 2129/3013/34 2130/3014/34
f 2129/3013/34 2131/3015/34 2130/3014/34
f 2130/3016/35 2131/3017/35 2132/3018/35
f 2131/3017/35 2133/3019/35 2132/3018/35
f 2132/3018/36 2133/3019/36 2134/3020/36
f 2133/3019/36 2135/3021/36 2134/3020/36
f 2134/3020/37 2135/3021/37 2136/3022/37
f 2135/3021/37 2137/3023/37 2136/3022/37
f 2136/3022/38 2137/3023/38 2138/3024/38
f 2137/3023/38 2139/3025/38 2138/3024/38
f 2138/3024/39 2139/3025/39 2140/3026/39
f 2139/3025/39 2141/3027/39 2140/3026/39
f 2140/3026/83 2141/3027/83 2142/3028/83
f 2141/3027/83 2143/3029/83 2142/3028/83
f 2142/3030/84 2143/3031/84 2144/3032/84
f 2143/3031/84 2145/3033/84 2144/3032/84
f 2144/3032/80 2145/3033/80 2146/3034/80
f 2145/3033/80 2147/3035/80 2146/3034/80
f 2146/3034/79 2147/3035/79 2100/2980/79
f 2147/3035/79 2101/2981/79 2100/2980/79
f 2148/3036/69 2149/3037/69 2150/3038/69
f 2149/3037/69 2151/3039/69 2150/3038/69
f 2150/3038/70 2151/3039/70 2152/3040/70
f 2151/3039/70 2153/3041/70 2152/3040/70
f 2152/3040/71 2153/3041/71 2154/3042/71
f 2153/3041/71 2155/3043/71 2154/3042/71
f 2154/3044/74 2155/3045/74 2156/3046/74
f 2155/3045/74 2157/3047/74 2156/3046/74
f 2156/3046/75 2157/3047/75 2158/3048/75
f 2157/3047/75 2159/3049/75 2158/3048/75
f 2158/3048/76 2159/3049/76 2160/3050/76
f 2159/3049/76 2161/3051/76 2160/3050/76
f 2160/3050/77 2161/3051/77 2162/3052/77
f 2161/3051/77 2163/3053/77 2162/3052/77
f 2162/3052/78 2163/3053/78 2164/3054/78
f 2163/3053/78 2165/3055/78 2164/3054/78
f 2164/3054/100 2165/3055/100 2166/3056/100
f 2165/3055/100 2167/3057/100 2166/3056/100
f 2166/3058/98 2167/3059/98 2168/3060/98
f 2167/3059/98 2169/3061/98 2168/3060/98
f 2168/3060/97 2169/3061/97 2170/3062/97
f 2169/3061/97 2171/3063/97 2170/3062/97
f 2170/3062/96 2171/3063/96 2172/3064/96
f 2171/3063/96 2173/3065/96 2172/3064/96
f 2172/3064/31 2173/3065/31 2174/3066/31
f 2173/3065/31 2175/3067/31 2174/3066/31
f 2174/3066/32 2175/3067/32 2176/3068/32
f 2175/3067/32 2177/3069/32 2176/3068/32
f 2176/3068/34 2177/3069/34 2178/3070/34
f 2177/3069/34 2179/3071/34 2178/3070/34
f 2178/3072/35 2179/3073/35 2180/3074/35
f 2179/3073/35 2181/3075/35 2180/3074/35
f 2180/3074/36 2181/3075/36 2182/3076/36
f 2181/3075/36 2183/3077/36 2182/3076/36
f 2182/3076/37 2183/3077/37 2184/3078/37
f 2183/3077/37 2185/3079/37 2184/3078/37
f 2184/3078/38 2185/3079/38 2186/3080/38
f 2185/3079/38 2187/3081/38 2186/3080/38
f 2186/3080/39 2187/3081/39 2188/3082/39
f 2187/3081/39 2189/3083/39 2188/3082/39
f 2188/3082/83 2189/3083/83 2190/3084/83
f 2189/3083/83 2191/3085/83 2190/3084/83
f 2190/3086/84 2191/3087/84 2192/3088/84
f 2191/3087/84 2193/3089/84 2192/3088/84
f 2192/3088/80 2193/3089/80 2194/3090/80
f 2193/3089/80 2195/3091/80 2194/3090/80
f 2194/3090/79 2195/3091/79 2148/3036/79
f 2195/3091/79 2149/3037/79 2148/3036/79
f 154/3092/76 2196/3093/76 155/3094/76
f 2196/3093/76 2197/3095/76 155/3094/76
f 155/3094/75 2197/3095/75 174/3096/75
f 2197/3095/75 2198/3097/75 174/3096/75
f 174/3096/74 2198/3097/74 175/3098/74
f 2198/3097/74 2199/3099/74 175/3098/74
f 175/3100/71 2199/3101/71 171/3102/71
f 2199/3101/71 2200/3103/71 171/3102/71
f 171/3102/70 2200/3103/70 172/3104/70
f 2200/3103/70 2201/3105/70 172/3104/70
f 172/3104/69 2201/3105/69 173/3106/69
f 2201/3105/69 2202/3107/69 173/3106/69
f 173/3106/79 2202/3107/79 168/3108/79
f 2202/3107/79 2203/3109/79 168/3108/79
f 168/3108/80 2203/3109/80 169/3110/80
f 2203/3109/80 2204/3111/80 169/3110/80
f 169/3110/84 2204/3111/84 170/3112/84
f 2204/3111/84 2205/3113/84 170/3112/84
f 170/3114/83 2205/3115/83 165/3116/83
f 2205/3115/83 2206/3117/83 165/3116/83
f 165/3116/39 2206/3117/39 166/3118/39
f 2206/3117/39 2207/3119/39 166/3118/39
f 166/3118/38 2207/3119/38 167/3120/38
f 2207/3119/38 2208/3121/38 167/3120/38
f 167/3120/37 2208/3121/37 162/3122/37
f 2208/3121/37 2209/3123/37 162/3122/37
f 162/3122/36 2209/3123/36 163/3124/36
f 2209/3123/36 2210/3125/36 163/3124/36
f 163/3124/35 2210/3125/35 164/3126/35
f 2210/3125/35 2211/3127/35 164/3126/35
f 164/3128/34 2211/3129/34 159/3130/34
f 2211/3129/34 2212/3131/34 159/3130/34
f 159/3130/32 2212/3131/32 160/3132/32
f 2212/3131/32 2213/3133/32 160/3132/32
f 160/3132/31 2213/3133/31 161/3134/31
f 2213/3133/31 2214/3135/31 161/3134/31
f 161/3134/96 2214/3135/96 156/3136/96
f 2214/3135/96 2215/3137/96 156/3136/96
f 156/3136/97 2215/3137/97 157/3138/97
f 2215/3137/97 2216/3139/97 157/3138/97
f 157/3138/98 2216/3139/98 158/3140/98
f 2216/3139/98 2217/3141/98 158/3140/98
f 158/3142/100 2217/3143/100 151/3144/100
f 2217/3143/100 2218/3145/100 151/3144/100
f 151/3144/78 2218/3145/78 152/3146/78
f 2218/3145/78 2219/3147/78 152/3146/78
f 152/3146/77 2219/3147/77 154/3092/77
f 2219/3147/77 2196/3093/77 154/3092/77
f 179/3148/76 2220/3149/76 180/3150/76
f 2220/3149/76 2221/3151/76 180/3150/76
f 180/3150/75 2221/3151/75 199/3152/75
f 2221/3151/75 2222/3153/75 199/3152/75
f 199/3152/74 2222/3153/74 200/3154/74
f 2222/3153/74 2223/3155/74 200/3154/74
f 200/3156/71 2223/3157/71 196/3158/71
f 2223/3157/71 2224/3159/71 196/3158/71
f 196/3158/70 2224/3159/70 197/3160/70
f 2224/3159/70 2225/3161/70 197/3160/70
f 197/3160/69 2225/3161/69 198/3162/69
f 2225/3161/69 2226/3163/69 198/3162/69
f 198/3162/79 2226/3163/79 193/3164/79
f 2226/3163/79 2227/3165/79 193/3164/79
f 193/3164/80 2227/3165/80 194/3166/80
f 2227/3165/80 2228/3167/80 194/3166/80
f 194/3166/84 2228/3167/84 195/3168/84
f 2228/3167/84 2229/3169/84 195/3168/84
f 195/3170/83 2229/3171/83 190/3172/83
f 2229/3171/83 2230/3173/83 190/3172/83
f 190/3172/39 2230/3173/39 191/3174/39
f 2230/3173/39 2231/3175/39 191/3174/39
f 191/3174/38 2231/3175/38 192/3176/38
f 2231/3175/38 2232/3177/38 192/3176/38
f 192/3176/37 2232/3177/37 187/3178/37
f 2232/3177/37 2233/3179/37 187/3178/37
f 187/3178/36 2233/3179/36 188/3180/36
f 2233/3179/36 2234/3181/36 188/3180/36
f 188/3180/35 2234/3181/35 189/3182/35
f 2234/3181/35 2235/3183/35 189/3182/35
f 189/3184/34 2235/3185/34 184/3186/34
f 2235/3185/34 2236/3187/34 184/3186/34
f 184/3186/32 2236/3187/32 185/3188/32
f 2236/3187/32 2237/3189/32 185/3188/32
f 185/3188/31 2237/3189/31 186/3190/31
f 2237/3189/31 2238/3191/31 186/3190/31
f 186/3190/96 2238/3191/96 181/3192/96
f 2238/3191/96 2239/3193/96 181/3192/96
f 181/3192/97 2239/3193/97 182/3194/97
f 2239/3193/97 2240/3195/97 182/3194/97
f 182/3194/98 2240/3195/98 183/3196/98
f 2240/3195/98 2241/3197/98 183/3196/98
f 183/3198/100 2241/3199/100 176/3200/100
f 2241/3199/100 2242/3201/100 176/3200/100
f 176/3200/78 2242/3201/78 177/3202/78
f 2242/3201/78 2243/3203/78 177/3202/78
f 177/3202/77 2243/3203/77 179/3148/77
f 2243/3203/77 2220/3149/77 179/3148/77
f 204/3204/76 2244/3205/76 205/3206/76
f 2244/3205/76 2245/3207/76 205/3206/76
f 205/3206/75 2245/3207/75 224/3208/75
f 2245/3207/75 2246/3209/75 224/3208/75
f 224/3208/74 2246/3209/74 225/3210/74
f 2246/3209/74 2247/3211/74 225/3210/74
f 225/3212/71 2247/3213/71 221/3214/71
f 2247/3213/71 2248/3215/71 221/3214/71
f 221/3214/70 2248/3215/70 222/3216/70
f 2248/3215/70 2249/3217/70 222/3216/70
f 222/3216/69 2249/3217/69 223/3218/69
f 2249/3217/69 2250/3219/69 223/3218/69
f 223/3218/79 2250/3219/79 218/3220/79
f 2250/3219/79 2251/3221/79 218/3220/79
f 218/3220/80 2251/3221/80 219/3222/80
f 2251/3221/80 2252/3223/80 219/3222/80
f 219/3222/84 2252/3223/84 220/3224/84
f 2252/3223/84 2253/3225/84 220/3224/84
f 220/3226/83 2253/3227/83 215/3228/83
f 2253/3227/83 2254/3229/83 215/3228/83
f 215/3228/39 2254/3229/39 216/3230/39
f 2254/3229/39 2255/3231/39 216/3230/39
f 216/3230/38 2255/3231/38 217/3232/38
f 2255/3231/38 2256/3233/38 217/3232/38
f 217/3232/37 2256/3233/37 212/3234/37
f 2256/3233/37 2257/3235/37 212/3234/37
f 212/3234/36 2257/3235/36 213/3236/36
f 2257/3235/36 2258/3237/36 213/3236/36
f 213/3236/35 2258/3237/35 214/3238/35
f 2258/3237/35 2259/3239/35 214/3238/35
f 214/3240/34 2259/3241/34 209/3242/34
f 2259/3241/34 2260/3243/34 209/3242/34
f 209/3242/32 2260/3243/32 210/3244/32
f 2260/3243/32 2261/3245/32 210/3244/32
f 210/3244/31 2261/3245/31 211/3246/31
f 2261/3245/31 2262/3247/31 211/3246/31
f 211/3246/96 2262/3247/96 206/3248/96
f 2262/3247/96 2263/3249/96 206/3248/96
f 206/3248/97 2263/3249/97 207/3250/97
f 2263/3249/97 2264/3251/97 207/3250/97
f 207/3250/98 2264/3251/98 208/3252/98
f 2264/3251/98 2265/3253/98 208/3252/98
f 208/3254/100 2265/3255/100 201/3256/100
f 2265/3255/100 2266/3257/100 201/3256/100
f 201/3256/78 2266/3257/78 202/3258/78
f 2266/3257/78 2267/3259/78 202/3258/78
f 202/3258/77 2267/3259/77 204/3204/77
f 2267/3259/77 2244/3205/77 204/3204/77
f 229/3260/76 2268/3261/76 230/3262/76
f 2268/3261/76 2269/3263/76 230/3262/76
f 230/3262/75 2269/3263/75 249/3264/75
f 2269/3263/75 2270/3265/75 249/3264/75
f 249/3264/74 2270/3265/74 250/3266/74
f 2270/3265/74 2271/3267/74 250/3266/74
f 250/3268/71 2271/3269/71 246/3270/71
f 2271/3269/71 2272/3271/71 246/3270/71
f 246/3270/70 2272/3271/70 247/3272/70
f 2272/3271/70 2273/3273/70 247/3272/70
f 247/3272/69 2273/3273/69 248/3274/69
f 2273/3273/69 2274/3275/69 248/3274/69
f 248/3274/79 2274/3275/79 243/3276/79
f 2274/3275/79 2275/3277/79 243/3276/79
f 243/3276/80 2275/3277/80 244/3278/80
f 2275/3277/80 2276/3279/80 244/3278/80
f 244/3278/84 2276/3279/84 245/3280/84
f 2276/3279/84 2277/3281/84 245/3280/84
f 245/3282/83 2277/3283/83 240/3284/83
f 2277/3283/83 2278/3285/83 240/3284/83
f 240/3284/39 2278/3285/39 241/3286/39
f 2278/3285/39 2279/3287/39 241/3286/39
f 241/3286/38 2279/3287/38 242/3288/38
f 2279/3287/38 2280/3289/38 242/3288/38
f 242/3288/37 2280/3289/37 237/3290/37
f 2280/3289/37 2281/3291/37 237/3290/37
f 237/3290/36 2281/3291/36 238/3292/36
f 2281/3291/36 2282/3293/36 238/3292/36
f 238/3292/35 2282/3293/35 239/3294/35
f 2282/3293/35 2283/3295/35 239/3294/35
f 239/3296/34 2283/3297/34 234/3298/34
f 2283/3297/34 2284/3299/34 234/3298/34
f 234/3298/32 2284/3299/32 235/3300/32
f 2284/3299/32 2285/3301/32 235/3300/32
f 235/3300/31 2285/3301/31 236/3302/31
f 2285/3301/31 2286/3303/31 236/3302/31
f 236/3302/96 2286/3303/96 231/3304/96
f 2286/3303/96 2287/3305/96 231/3304/96
f 231/3304/97 2287/3305/97 232/3306/97
f 2287/3305/97 2288/3307/97 232/3306/97
f 232/3306/98 2288/3307/98 233/3308/98
f 2288/3307/98 2289/3309/98 233/3308/98
f 233/3310/100 2289/3311/100 226/3312/100
f 2289/3311/100 2290/3313/100 226/3312/100
f 226/3312/78 2290/3313/78 227/3314/78
f 2290/3313/78 2291/3315/78 227/3314/78
f 227/3314/77 2291/3315/77 229/3260/77
f 2291/3315/77 2268/3261/77 229/3260/77
f 2292/3316/31 2293/3317/31 2294/3318/31
f 2293/3317/31 2295/3319/31 2294/3318/31
f 2294/3318/32 2295/3319/32 2296/3320/32
f 2295/3319/32 2297/3321/32 2296/3320/32
f 2296/3320/34 2297/3321/34 2298/3322/34
f 2297/3321/34 2299/3323/34 2298/3322/34
f 2298/3324/35 2299/3325/35 2300/3326/35
f 2299/3325/35 2301/3327/35 2300/3326/35
f 2300/3326/36 2301/3327/36 2302/3328/36
f 2301/3327/36 2303/3329/36 2302/3328/36
f 2302/3328/37 2303/3329/37 2304/3330/37
f 2303/3329/37 2305/3331/37 2304/3330/37
f 2304/3330/38 2305/3331/38 2306/3332/38
f 2305/3331/38 2307/3333/38 2306/3332/38
f 2306/3332/39 2307/3333/39 2308/3334/39
f 2307/3333/39 2309/3335/39 2308/3334/39
f 2308/3334/83 2309/3335/83 2310/3336/83
f 2309/3335/83 2311/3337/83 2310/3336/83
f 2310/3338/84 2311/3339/84 2312/3340/84
f 2311/3339/84 2313/3341/84 2312/3340/84
f 2312/3340/80 2313/3341/80 2314/3342/80
f 2313/3341/80 2315/3343/80 2314/3342/80
f 2314/3342/79 2315/3343/79 2316/3344/79
f 2315/3343/79 2317/3345/79 2316/3344/79
f 2316/3344/69 2317/3345/69 2318/3346/69
f 2317/3345/69 2319/3347/69 2318/3346/69
f 2318/3346/70 2319/3347/70 2320/3348/70
f 2319/3347/70 2321/3349/70 2320/3348/70
f 2320/3348/71 2321/3349/71 2322/3350/71
f 2321/3349/71 2323/3351/71 2322/3350/71
f 2322/3352/74 2323/3353/74 2324/3354/74
f 2323/3353/74 2325/3355/74 2324/3354/74
f 2324/3354/75 2325/3355/75 2326/3356/75
f 2325/3355/75 2327/3357/75 2326/3356/75
f 2326/3356/76 2327/3357/76 2328/3358/76
f 2327/3357/76 2329/3359/76 2328/3358/76
f 2328/3358/77 2329/3359/77 2330/3360/77
f 2329/3359/77 2331/3361/77 2330/3360/77
f 2330/3360/78 2331/3361/78 2332/3362/78
f 2331/3361/78 2333/3363/78 2332/3362/78
f 2332/3362/100 2333/3363/100 2334/3364/100
f 2333/3363/100 2335/3365/100 2334/3364/100
f 2334/3366/98 2335/3367/98 2336/3368/98
f 2335/3367/98 2337/3369/98 2336/3368/98
f 2336/3368/97 2337/3369/97 2338/3370/97
f 2337/3369/97 2339/3371/97 2338/3370/97
f 2338/3370/96 2339/3371/96 2292/3316/96
f 2339/3371/96 2293/3317/96 2292/3316/96
f 2340/3372/77 254/3373/77 2341/3374/77
f 254/3373/77 252/3375/77 2341/3374/77
f 2341/3374/78 252/3375/78 2342/3376/78
f 252/3375/78 251/3377/78 2342/3376/78
f 2342/3376/100 251/3377/100 2343/3378/100
f 251/3377/100 258/3379/100 2343/3378/100
f 2343/3380/98 258/3381/98 2344/3382/98
f 258/3381/98 257/3383/98 2344/3382/98
f 2344/3382/97 257/3383/97 2345/3384/97
f 257/3383/97 256/3385/97 2345/3384/97
f 2345/3384/96 256/3385/96 2346/3386/96
f 256/3385/96 261/3387/96 2346/3386/96
f 2346/3386/31 261/3387/31 2347/3388/31
f 261/3387/31 260/3389/31 2347/3388/31
f 2347/3388/32 260/3389/32 2348/3390/32
f 260/3389/32 259/3391/32 2348/3390/32
f 2348/3390/34 259/3391/34 2349/3392/34
f 259/3391/34 264/3393/34 2349/3392/34
f 2349/3394/35 264/3395/35 2350/3396/35
f 264/3395/35 263/3397/35 2350/3396/35
f 2350/3396/36 263/3397/36 2351/3398/36
f 263/3397/36 262/3399/36 2351/3398/36
f 2351/3398/37 262/3399/37 2352/3400/37
f 262/3399/37 267/3401/37 2352/3400/37
f 2352/3400/38 267/3401/38 2353/3402/38
f 267/3401/38 266/3403/38 2353/3402/38
f 2353/3402/39 266/3403/39 2354/3404/39
f 266/3403/39 265/3405/39 2354/3404/39
f 2354/3404/83 265/3405/83 2355/3406/83
f 265/3405/83 270/3407/83 2355/3406/83
f 2355/3408/84 270/3409/84 2356/3410/84
f 270/3409/84 269/3411/84 2356/3410/84
f 2356/3410/80 269/3411/80 2357/3412/80
f 269/3411/80 268/3413/80 2357/3412/80
f 2357/3412/79 268/3413/79 2358/3414/79
f 268/3413/79 273/3415/79 2358/3414/79
f 2358/3414/69 273/3415/69 2359/3416/69
f 273/3415/69 272/3417/69 2359/3416/69
f 2359/3416/70 272/3417/70 2360/3418/70
f 272/3417/70 271/3419/70 2360/3418/70
f 2360/3418/71 271/3419/71 2361/3420/71
f 271/3419/71 275/3421/71 2361/3420/71
f 2361/3422/74 275/3423/74 2362/3424/74
f 275/3423/74 274/3425/74 2362/3424/74
f 2362/3424/75 274/3425/75 2363/3426/75
f 274/3425/75 255/3427/75 2363/3426/75
f 2363/3426/76 255/3427/76 2340/3372/76
f 255/3427/76 254/3373/76 2340/3372/76
f 2364/3428/69 2365/3429/69 2366/3430/69
f 2365/3429/69 2367/3431/69 2366/3430/69
f 2366/3430/70 2367/3431/70 2368/3432/70
f 2367/3431/70 2369/3433/70 2368/3432/70
f 2368/3432/71 2369/3433/71 2370/3434/71
f 2369/3433/71 2371/3435/71 2370/3434/71
f 2370/3436/74 2371/3437/74 2372/3438/74
f 2371/3437/74 2373/3439/74 2372/3438/74
f 2372/3438/75 2373/3439/75 2374/3440/75
f 2373/3439/75 2375/3441/75 2374/3440/75
f 2374/3440/76 2375/3441/76 2376/3442/76
f 2375/3441/76 2377/3443/76 2376/3442/76
f 2376/3442/77 2377/3443/77 2378/3444/77
f 2377/3443/77 2379/3445/77 2378/3444/77
f 2378/3444/78 2379/3445/78 2380/3446/78
f 2379/3445/78 2381/3447/78 2380/3446/78
f 2380/3446/100 2381/3447/100 2382/3448/100
f 2381/3447/100 2383/3449/100 2382/3448/100
f 2382/3450/98 2383/3451/98 2384/3452/98
f 2383/3451/98 2385/3453/98 2384/3452/98
f 2384/3452/97 2385/3453/97 2386/3454/97
f 2385/3453/97 2387/3455/97 2386/3454/97
f 2386/3454/96 2387/3455/96 2388/3456/96
f 2387/3455/96 2389/3457/96 2388/3456/96
f 2388/3456/31 2389/3457/31 2390/3458/31
f 2389/3457/31 2391/3459/31 2390/3458/31
f 2390/3458/32 2391/3459/32 2392/3460/32
f 2391/3459/32 2393/3461/32 2392/3460/32
f 2392/3460/34 2393/3461/34 2394/3462/34
f 2393/3461/34 2395/3463/34 2394/3462/34
f 2394/3464/35 2395/3465/35 2396/3466/35
f 2395/3465/35 2397/3467/35 2396/3466/35
f 2396/3466/36 2397/3467/36 2398/3468/36
f 2397/3467/36 2399/3469/36 2398/3468/36
f 2398/3468/37 2399/3469/37 2400/3470/37
f 2399/3469/37 2401/3471/37 2400/3470/37
f 2400/3470/38 2401/3471/38 2402/3472/38
f 2401/3471/38 2403/3473/38 2402/3472/38
f 2402/3472/39 2403/3473/39 2404/3474/39
f 2403/3473/39 2405/3475/39 2404/3474/39
f 2404/3474/83 2405/3475/83 2406/3476/83
f 2405/3475/83 2407/3477/83 2406/3476/83
f 2406/3478/84 2407/3479/84 2408/3480/84
f 2407/3479/84 2409/3481/84 2408/3480/84
f 2408/3480/80 2409/3481/80 2410/3482/80
f 2409/3481/80 2411/3483/80 2410/3482/80
f 2410/3482/79 2411/3483/79 2364/3428/79
f 2411/3483/79 2365/3429/79 2364/3428/79
f 2412/3484/38 279/3485/38 2413/3486/38
f 279/3485/38 277/3487/38 2413/3486/38
f 2413/3486/39 277/3487/39 2414/3488/39
f 277/3487/39 276/3489/39 2414/3488/39
f 2414/3488/83 276/3489/83 2415/3490/83
f 276/3489/83 283/3491/83 2415/3490/83
f 2415/3492/84 283/3493/84 2416/3494/84
f 283/3493/84 282/3495/84 2416/3494/84
f 2416/3494/80 282/3495/80 2417/3496/80
f 282/3495/80 281/3497/80 2417/3496/80
f 2417/3496/79 281/3497/79 2418/3498/79
f 281/3497/79 286/3499/79 2418/3498/79
f 2418/3498/69 286/3499/69 2419/3500/69
f 286/3499/69 285/3501/69 2419/3500/69
f 2419/3500/70 285/3501/70 2420/3502/70
f 285/3501/70 284/3503/70 2420/3502/70
f 2420/3502/71 284/3503/71 2421/3504/71
f 284/3503/71 289/3505/71 2421/3504/71
f 2421/3506/74 289/3507/74 2422/3508/74
f 289/3507/74 288/3509/74 2422/3508/74
f 2422/3508/75 288/3509/75 2423/3510/75
f 288/3509/75 287/3511/75 2423/3510/75
f 2423/3510/76 287/3511/76 2424/3512/76
f 287/3511/76 292/3513/76 2424/3512/76
f 2424/3512/77 292/3513/77 2425/3514/77
f 292/3513/77 291/3515/77 2425/3514/77
f 2425/3514/78 291/3515/78 2426/3516/78
f 291/3515/78 290/3517/78 2426/3516/78
f 2426/3516/100 290/3517/100 2427/3518/100
f 290/3517/100 295/3519/100 2427/3518/100
f 2427/3520/98 295/3521/98 2428/3522/98
f 295/3521/98 294/3523/98 2428/3522/98
f 2428/3522/97 294/3523/97 2429/3524/97
f 294/3523/97 293/3525/97 2429/3524/97
f 2429/3524/96 293/3525/96 2430/3526/96
f 293/3525/96 298/3527/96 2430/3526/96
f 2430/3526/31 298/3527/31 2431/3528/31
f 298/3527/31 297/3529/31 2431/3528/31
f 2431/3528/32 297/3529/32 2432/3530/32
f 297/3529/32 296/3531/32 2432/3530/32
f 2432/3530/34 296/3531/34 2433/3532/34
f 296/3531/34 300/3533/34 2433/3532/34
f 2433/3534/35 300/3535/35 2434/3536/35
f 300/3535/35 299/3537/35 2434/3536/35
f 2434/3536/36 299/3537/36 2435/3538/36
f 299/3537/36 280/3539/36 2435/3538/36
f 2435/3538/37 280/3539/37 2412/3484/37
f 280/3539/37 279/3485/37 2412/3484/37
f 2436/3540/79 2437/3541/79 2438/3542/79
f 2436/3540/79 2438/3542/79 2439/3543/79
f 2438/3542/80 2440/3544/80 2439/3543/80
f 2439/3543/80 2440/3544/80 2441/3545/80
f 2440/3544/84 2442/3546/84 2441/3545/84
f 2441/3545/318 2442/3546/318 2443/3547/318
f 2442/3548/83 2444/3549/83 2443/3550/83
f 2443/3550/83 2444/3549/83 2445/3551/83
f 2444/3549/39 2446/3552/39 2445/3551/39
f 2445/3551/39 2446/3552/39 2447/3553/39
f 2446/3552/38 2448/3554/38 2447/3553/38
f 2447/3553/38 2448/3554/38 2449/3555/38
f 2448/3554/37 2450/3556/37 2449/3555/37
f 2449/3555/37 2450/3556/37 2451/3557/37
f 2451/3557/36 2450/3556/36 2452/3558/36
f 2450/3556/319 2453/3559/319 2452/3558/319
f 2452/3558/130 2453/3559/130 2454/3560/130
f 2452/3558/28 2454/3560/28 2455/3561/28
f 2454/3560/28 2456/3562/28 2455/3561/28
f 2455/3561/30 2456/3562/30 2457/3563/30
f 2456/3562/30 2458/3564/30 2457/3563/30
f 2459/3565/31 2460/3566/31 2461/3567/31
f 2459/3565/31 2461/3567/31 2462/3568/31
f 2461/3567/32 2463/3569/32 2462/3568/32
f 2462/3568/32 2463/3569/32 2464/3570/32
f 2463/3569/34 2465/3571/34 2464/3570/34
f 2464/3570/34 2465/3571/34 2466/3572/34
f 2465/3573/35 2467/3574/35 2466/3575/35
f 2466/3575/35 2467/3574/35 2468/3576/35
f 2467/3574/36 2469/3577/36 2468/3576/36
f 2468/3576/36 2469/3577/36 2470/3578/36
f 2469/3577/37 2471/3579/37 2470/3578/37
f 2470/3578/37 2471/3579/37 2472/3580/37
f 2471/3579/38 2473/3581/38 2472/3580/38
f 2472/3580/38 2473/3581/38 2474/3582/38
f 2474/3582/320 2473/3581/320 2475/3583/320
f 2473/3581/127 2457/3563/127 2475/3583/127
f 2475/3583/128 2457/3563/128 2458/3564/128
f 2476/3584/92 2477/3585/92 2478/3586/92
f 2477/3585/92 2479/3587/92 2478/3586/92
f 2478/3586/92 2479/3587/92 2480/3588/92
f 2481/3589/95 2479/3590/95 2482/3591/95
f 2479/3590/95 2477/3592/95 2482/3591/95
f 2476/3593/40 2483/3594/40 2477/3592/40
f 2483/3594/40 2482/3591/40 2477/3592/40
f 2484/904/94 2481/3595/94 2485/3596/94
f 2481/3595/94 2482/3597/94 2485/3596/94
f 2485/3596/94 2482/3597/94 2483/3598/94
f 2460/3566/40 2459/3565/40 2479/3599/40
f 2459/3565/40 2480/3600/40 2479/3599/40
f 2481/3601/40 2484/3602/40 2486/3603/40
f 2484/3602/40 2487/3604/40 2486/3603/40
f 2486/3603/96 2487/3604/96 2488/3605/96
f 2486/3603/96 2488/3605/96 2489/3606/96
f 2488/3605/97 2490/3607/97 2489/3606/97
f 2489/3606/97 2490/3607/97 2491/3608/97
f 2490/3607/98 2492/3609/98 2491/3608/98
f 2491/3608/98 2492/3609/98 2493/3610/98
f 2492/3611/100 2494/3612/100 2493/3613/100
f 2493/3613/321 2494/3612/321 2495/3614/321
f 2494/3612/78 2496/3615/78 2495/3614/78
f 2495/3614/78 2496/3615/78 2497/3616/78
f 2496/3615/77 2498/3617/77 2497/3616/77
f 2497/3616/77 2498/3617/77 2499/3618/77
f 2498/3617/76 2500/3619/76 2499/3618/76
f 2499/3618/76 2500/3619/76 2501/3620/76
f 2500/3619/75 2502/3621/75 2501/3620/75
f 2501/3620/75 2502/3621/75 2503/3622/75
f 2503/3622/7 2502/3621/7 2504/3623/7
f 2502/3621/7 2505/3624/7 2504/3623/7
f 2504/3623/68 2505/3624/68 2506/3625/68
f 2505/3624/68 2507/3626/68 2506/3625/68
f 2508/3627/69 2509/3628/69 2510/3629/69
f 2508/3627/69 2510/3629/69 2511/3630/69
f 2510/3629/70 2512/3631/70 2511/3630/70
f 2511/3630/70 2512/3631/70 2513/3632/70
f 2512/3631/71 2514/3633/71 2513/3632/71
f 2513/3632/322 2514/3633/322 2515/3634/322
f 2514/3635/74 2516/3636/74 2515/3637/74
f 2515/3637/74 2516/3636/74 2517/3638/74
f 2516/3636/75 2518/3639/75 2517/3638/75
f 2517/3638/75 2518/3639/75 2519/3640/75
f 2518/3639/76 2520/3641/76 2519/3640/76
f 2519/3640/76 2520/3641/76 2521/3642/76
f 2520/3641/77 2522/3643/77 2521/3642/77
f 2521/3642/77 2522/3643/77 2523/3644/77
f 2522/3643/78 2506/3625/78 2523/3644/78
f 2523/3644/78 2506/3625/78 2507/3626/78
f 2524/3645/94 2525/3646/94 2526/3647/94
f 2525/3646/94 2527/3648/94 2526/3647/94
f 2526/3647/94 2527/3648/94 2528/3649/94
f 2529/3650/93 2527/3651/93 2530/3652/93
f 2527/3651/93 2525/3653/93 2530/3652/93
f 2524/3654/67 2531/3655/67 2525/3653/67
f 2531/3655/67 2530/3652/67 2525/3653/67
f 2532/3656/92 2529/3657/92 2533/3658/92
f 2529/3657/92 2530/3659/92 2533/3658/92
f 2533/3658/92 2530/3659/92 2531/3660/92
f 2534/3661/79 2535/3662/79 2536/3663/79
f 2534/3661/79 2536/3663/79 2537/3664/79
f 2536/3663/80 2538/3665/80 2537/3664/80
f 2537/3664/80 2538/3665/80 2539/3666/80
f 2538/3665/84 2540/3667/84 2539/3666/84
f 2539/3666/318 2540/3667/318 2541/3668/318
f 2540/3669/83 2542/3670/83 2541/3671/83
f 2541/3671/83 2542/3670/83 2543/3672/83
f 2542/3670/39 2544/3673/39 2543/3672/39
f 2543/3672/39 2544/3673/39 2545/3674/39
f 2544/3673/38 2546/3675/38 2545/3674/38
f 2545/3674/38 2546/3675/38 2547/3676/38
f 2546/3675/37 2548/3677/37 2547/3676/37
f 2547/3676/37 2548/3677/37 2549/3678/37
f 2548/3677/36 2550/3679/36 2549/3678/36
f 2549/3678/36 2550/3679/36 2551/3680/36
f 2551/3680/28 2550/3679/28 2552/3681/28
f 2550/3679/28 2553/3682/28 2552/3681/28
f 2552/3681/30 2553/3682/30 2554/3683/30
f 2553/3682/30 2555/3684/30 2554/3683/30
f 2554/3683/125 2555/3684/125 2556/3685/125
f 2555/3684/125 2557/3686/125 2556/3685/125
f 2558/3687/323 2559/3688/323 2560/3689/323
f 2559/3688/323 2561/3690/323 2560/3689/323
f 2560/3689/324 2561/3690/324 2562/3691/324
f 2561/3690/324 2563/3692/324 2562/3691/324
f 2562/3691/325 2563/3692/325 2564/3693/325
f 2563/3692/325 2565/3694/325 2564/3693/325
f 2564/3693/326 2565/3694/326 2566/3695/326
f 2565/3694/326 2567/3696/326 2566/3695/326
f 2566/3695/327 2567/3696/327 2568/3697/327
f 2567/3696/327 2569/3698/327 2568/3697/327
f 2568/3697/328 2569/3698/328 2570/3699/328
f 2569/3698/328 2571/3700/328 2570/3699/328
f 2570/3701/329 2571/3702/329 2572/3703/329
f 2571/3702/329 2573/3704/329 2572/3703/329
f 2572/3703/330 2573/3704/330 2574/3705/330
f 2573/3704/330 2575/3706/330 2574/3705/330
f 2574/3705/331 2575/3706/331 2576/3707/331
f 2575/3706/331 2577/3708/331 2576/3707/331
f 2576/3707/332 2577/3708/332 2578/3709/332
f 2577/3708/332 2579/3710/332 2578/3709/332
f 2578/3709/333 2579/3710/333 2580/3711/333
f 2579/3710/333 2581/3712/333 2580/3711/333
f 2580/3711/334 2581/3712/334 2582/3713/334
f 2581/3712/334 2583/3714/334 2582/3713/334
f 2582/3715/335 2583/3716/335 2584/3717/335
f 2583/3716/335 2585/3718/335 2584/3717/335
f 2584/3717/336 2585/3718/336 2586/3719/336
f 2585/3718/336 2587/3720/336 2586/3719/336
f 2586/3719/337 2587/3720/337 2588/3721/337
f 2587/3720/337 2589/3722/337 2588/3721/337
f 2588/3721/338 2589/3722/338 2590/3723/338
f 2589/3722/338 2591/3724/338 2590/3723/338
f 2590/3723/339 2591/3724/339 2592/3725/339
f 2591/3724/339 2593/3726/339 2592/3725/339
f 2592/3725/340 2593/3726/340 2594/3727/340
f 2593/3726/340 2595/3728/340 2594/3727/340
f 2594/3729/341 2595/3730/341 2596/3731/341
f 2595/3730/341 2597/3732/341 2596/3731/341
f 2596/3731/342 2597/3732/342 2598/3733/342
f 2597/3732/342 2599/3734/342 2598/3733/342
f 2598/3733/343 2599/3734/343 2600/3735/343
f 2599/3734/343 2601/3736/343 2600/3735/343
f 2600/3735/344 2601/3736/344 2602/3737/344
f 2601/3736/344 2603/3738/344 2602/3737/344
f 2602/3737/345 2603/3738/345 2557/3739/345
f 2603/3738/345 2556/3740/345 2557/3739/345
f 2559/3688/101 2558/3687/101 2604/3741/101
f 2558/3687/101 2605/3742/101 2604/3741/101
f 2606/3743/94 2607/3744/94 2608/3745/94
f 2607/3744/94 2609/3746/94 2608/3745/94
f 2610/3747/93 2606/3748/93 2611/3749/93
f 2606/3748/93 2608/3750/93 2611/3749/93
f 2609/3751/67 2612/3752/67 2608/3750/67
f 2612/3752/67 2611/3749/67 2608/3750/67
f 2612/3753/92 2613/3754/92 2611/3755/92
f 2613/3754/92 2610/3756/92 2611/3755/92
f 2614/3757/67 2615/3758/67 2616/3759/67
f 2615/3758/67 2617/3760/67 2616/3759/67
f 2616/3759/67 2617/3760/67 2618/3761/67
f 2618/3761/67 2619/3762/67 2616/3759/67
f 2619/3762/67 2620/3763/67 2616/3759/67
f 2616/3759/346 2620/3763/346 2621/3764/346
f 2621/3764/67 2622/3765/67 2616/3759/67
f 2622/3765/67 2623/3766/67 2616/3759/67
f 2616/3759/67 2623/3766/67 2624/3767/67
f 2625/3768/7 2626/3769/7 2627/3770/7
f 2626/3769/7 2628/3771/7 2627/3770/7
f 2629/3772/347 2625/3773/347 2630/3774/347
f 2625/3773/347 2627/3775/347 2630/3774/347
f 2628/3776/86 2631/3777/86 2627/3775/86
f 2631/3777/86 2630/3774/86 2627/3775/86
f 2631/3778/28 2632/3779/28 2630/3780/28
f 2632/3779/28 2629/3781/28 2630/3780/28
f 2633/3782/40 2634/3783/40 2635/3784/40
f 2634/3783/40 2636/3785/40 2635/3784/40
f 2633/3786/348 2635/3787/348 2637/3788/348
f 2635/3787/348 2638/3789/348 2637/3788/348
f 2637/3788/348 2638/3789/348 2639/3790/348
f 2636/3791/94 2640/3792/94 2635/3787/94
f 2640/3792/94 2638/3789/94 2635/3787/94
f 2640/3793/67 2641/3794/67 2638/3795/67
f 2641/3794/67 2639/3796/67 2638/3795/67
f 2642/3797/30 2643/3798/30 2644/3799/30
f 2643/3798/30 2645/3800/30 2644/3799/30
f 2646/3801/349 2642/3802/349 2647/3803/349
f 2642/3802/349 2644/3804/349 2647/3803/349
f 2645/3805/89 2648/3806/89 2644/3804/89
f 2648/3806/89 2647/3803/89 2644/3804/89
f 2648/3807/68 2649/3808/68 2647/3809/68
f 2649/3808/68 2646/3810/68 2647/3809/68
f 2650/3811/94 2651/3812/94 2652/3813/94
f 2651/3812/94 2653/3814/94 2652/3813/94
f 2650/3815/350 2652/3816/350 2654/3817/350
f 2650/3815/350 2654/3817/350 2655/3818/350
f 2654/3817/351 2656/3819/351 2655/3818/351
f 2655/3818/351 2656/3819/351 2657/3820/351
f 2657/3821/352 2656/3822/352 2658/3823/352
f 2657/3821/352 2658/3823/352 2659/3824/352
f 2658/3823/353 2660/3825/353 2659/3824/353
f 2659/3824/353 2660/3825/353 2661/3826/353
f 2660/3825/354 2662/3827/354 2661/3826/354
f 2661/3826/354 2662/3827/354 2663/3828/354
f 2662/3827/355 2664/3829/355 2663/3828/355
f 2663/3828/355 2664/3829/355 2665/3830/355
f 2664/3831/356 2666/3832/356 2665/3833/356
f 2665/3833/356 2666/3832/356 2667/3834/356
f 2666/3832/357 2668/3835/357 2667/3834/357
f 2667/3834/357 2668/3835/357 2669/3836/357
f 2651/3837/89 2669/3838/89 2653/3839/89
f 2669/3838/89 2668/3840/89 2653/3839/89
f 2670/3841/30 2671/3842/30 2672/3843/30
f 2671/3842/30 2673/3844/30 2672/3843/30
f 2670/3845/358 2672/3846/358 2674/3847/358
f 2670/3845/358 2674/3847/358 2675/3848/358
f 2674/3847/359 2676/3849/359 2675/3848/359
f 2675/3848/359 2676/3849/359 2677/3850/359
f 2671/3851/94 2677/3852/94 2673/3853/94
f 2677/3852/94 2676/3854/94 2673/3853/94
f 2678/1196/28 2679/3855/28 2680/3856/28
f 2679/3855/28 2681/3857/28 2680/3856/28
f 2682/3858/68 2678/3859/68 2683/3860/68
f 2678/3859/68 2680/3861/68 2683/3860/68
f 2684/3862/360 2685/3863/360 2686/3864/360
f 2684/3862/360 2686/3864/360 2687/3865/360
f 2686/3864/361 2688/3866/361 2687/3865/361
f 2687/3865/361 2688/3866/361 2689/3867/361
f 2690/3868/92 2689/3869/92 2691/3870/92
f 2689/3869/92 2688/3871/92 2691/3870/92
f 2692/3872/88 2690/3873/88 2693/3874/88
f 2690/3873/88 2691/3875/88 2693/3874/88
f 2692/3876/362 2693/3877/362 2694/3878/362
f 2692/3876/362 2694/3878/362 2695/3879/362
f 2694/3878/363 2696/3880/363 2695/3879/363
f 2695/3879/363 2696/3880/363 2697/3881/363
f 2696/3882/364 2698/3883/364 2697/3884/364
f 2697/3884/364 2698/3883/364 2699/3885/364
f 2698/3883/365 2700/3886/365 2699/3885/365
f 2699/3885/365 2700/3886/365 2701/3887/365
f 2700/3886/366 2702/3888/366 2701/3887/366
f 2701/3887/366 2702/3888/366 2703/3889/366
f 2702/3888/367 2685/3890/367 2703/3889/367
f 2703/3889/367 2685/3890/367 2684/3891/367
f 2704/3892/79 2705/3893/79 2706/3894/79
f 2704/3892/79 2706/3894/79 2707/3895/79
f 2706/3894/80 2708/3896/80 2707/3895/80
f 2707/3895/80 2708/3896/80 2709/3897/80
f 2708/3896/81 2710/3898/81 2709/3897/81
f 2709/3897/84 2710/3898/84 2711/3899/84
f 2710/3900/83 2712/3901/83 2711/3902/83
f 2711/3902/83 2712/3901/83 2713/3903/83
f 2712/3901/39 2714/3904/39 2713/3903/39
f 2713/3903/39 2714/3904/39 2715/3905/39
f 2714/3904/38 2716/3906/38 2715/3905/38
f 2715/3905/38 2716/3906/38 2717/3907/38
f 2716/3906/37 2718/3908/37 2717/3907/37
f 2717/3907/37 2718/3908/37 2719/3909/37
f 2718/3908/36 2720/3910/36 2719/3909/36
f 2719/3909/36 2720/3910/36 2721/3911/36
f 2721/3911/28 2720/3910/28 2722/3912/28
f 2720/3910/28 2723/3913/28 2722/3912/28
f 2724/3914/91 2725/3915/91 2726/3916/91
f 2725/3915/91 2727/3917/91 2726/3916/91
f 2728/3918/90 2724/3919/90 2729/3920/90
f 2724/3919/90 2726/3921/90 2729/3920/90
f 2727/3922/30 2730/3923/30 2726/3921/30
f 2730/3923/30 2729/3920/30 2726/3921/30
f 2730/3924/89 2731/3925/89 2729/3926/89
f 2731/3925/89 2728/3927/89 2729/3926/89
f 2722/3912/30 2723/3913/30 2724/3928/30
f 2723/3913/30 2725/3929/30 2724/3928/30
f 2732/3930/30 2733/3931/30 2731/3932/30
f 2733/3931/30 2734/3933/30 2731/3932/30
f 2734/3933/368 2735/3934/368 2731/3932/368
f 2735/3934/30 2736/3935/30 2731/3932/30
f 2731/3932/30 2736/3935/30 2737/3936/30
f 2737/3936/30 2738/3937/30 2731/3932/30
f 2738/3937/30 2739/3938/30 2731/3932/30
f 2731/3932/30 2739/3938/30 2728/3939/30
f 2740/3940/92 2741/3941/92 2732/3930/92
f 2741/3941/92 2742/3942/92 2732/3930/92
f 2732/3930/92 2742/3942/92 2743/3943/92
f 2743/3943/92 2744/3944/92 2732/3930/92
f 2744/3944/92 2745/3945/92 2732/3930/92
f 2732/3930/92 2745/3945/92 2746/3946/92
f 2746/3946/92 2747/3947/92 2732/3930/92
f 2747/3947/92 2748/3948/92 2732/3930/92
f 2732/3930/92 2748/3948/92 2733/3931/92
f 2741/3949/369 2749/3950/369 2742/3951/369
f 2749/3950/370 2750/3952/370 2742/3951/370
f 2742/3951/371 2750/3952/371 2743/3953/371
f 2743/3953/372 2750/3952/372 2744/3954/372
f 2750/3952/373 2751/3955/373 2744/3954/373
f 2744/3954/374 2751/3955/374 2745/3956/374
f 2745/3956/375 2751/3955/375 2746/3957/375
f 2751/3955/376 2752/3958/376 2746/3957/376
f 2746/3957/377 2752/3958/377 2747/3959/377
f 2735/3960/378 2734/3961/378 2753/3962/378
f 2734/3961/379 2733/3963/379 2753/3962/379
f 2753/3962/380 2733/3963/380 2752/3964/380
f 2733/3963/381 2748/3965/381 2752/3964/381
f 2752/3958/382 2748/3966/382 2747/3959/382
f 2735/3960/383 2753/3962/383 2736/3967/383
f 2753/3962/384 2754/3968/384 2736/3967/384
f 2736/3967/385 2754/3968/385 2737/3969/385
f 2737/3969/386 2754/3968/386 2738/3970/386
f 2754/3968/387 2755/3971/387 2738/3970/387
f 2738/3970/388 2755/3971/388 2739/3972/388
f 2756/3973/68 2757/3974/68 2749/3975/68
f 2757/3974/68 2758/3976/68 2749/3975/68
f 2758/3976/68 2755/3977/68 2749/3975/68
f 2755/3977/68 2754/3978/68 2749/3975/68
f 2749/3975/68 2754/3978/68 2753/3979/68
f 2753/3979/68 2752/3980/68 2749/3975/68
f 2752/3980/68 2751/3981/68 2749/3975/68
f 2749/3975/68 2751/3981/68 2750/3982/68
f 2759/3983/389 2760/3984/389 2761/3985/389
f 2759/3983/389 2761/3985/389 2762/3986/389
f 2761/3985/390 2763/3987/390 2762/3986/390
f 2762/3986/390 2763/3987/390 2764/3988/390
f 2763/3987/391 2765/3989/391 2764/3988/391
f 2764/3988/391 2765/3989/391 2766/3990/391
f 2765/3991/392 2767/3992/392 2766/3993/392
f 2766/3993/392 2767/3992/392 2768/3994/392
f 2767/3992/393 2758/3995/393 2768/3994/393
f 2768/3994/393 2758/3995/393 2757/3996/393
f 2759/3997/86 2769/3998/86 2760/3999/86
f 2769/3998/86 2770/4000/86 2760/3999/86
f 2771/4001/86 2772/4002/86 2770/4000/86
f 2772/4002/86 2773/4003/86 2770/4000/86
f 2770/4000/86 2773/4003/86 2760/3999/86
f 2774/4004/86 2775/4005/86 2770/4000/86
f 2775/4005/86 2776/4006/86 2770/4000/86
f 2770/4000/86 2776/4006/86 2771/4001/86
f 2777/4007/394 2778/4008/394 2775/4009/394
f 2779/4010/395 2780/4011/395 2776/4012/395
f 2780/4011/396 2781/4013/396 2776/4012/396
f 2776/4012/397 2781/4013/397 2771/4014/397
f 2775/4009/398 2778/4008/398 2776/4015/398
f 2778/4008/399 2782/4016/399 2776/4015/399
f 2776/4015/400 2782/4016/400 2779/4017/400
f 2774/4018/401 2770/4019/401 2783/4020/401
f 2783/4020/402 2784/4021/402 2774/4018/402
f 2784/4021/403 2785/4022/403 2774/4018/403
f 2774/4018/404 2785/4022/404 2775/4009/404
f 2785/4022/405 2786/4023/405 2775/4009/405
f 2775/4009/406 2786/4023/406 2777/4007/406
f 2787/4024/407 2773/4025/407 2788/4026/407
f 2773/4025/408 2772/4027/408 2788/4026/408
f 2781/4013/409 2789/4028/409 2771/4014/409
f 2789/4028/410 2790/4029/410 2771/4014/410
f 2771/4014/411 2790/4029/411 2772/4027/411
f 2790/4029/412 2791/4030/412 2772/4027/412
f 2772/4027/413 2791/4030/413 2788/4026/413
f 2780/4031/40 2779/4032/40 2792/4033/40
f 2779/4032/40 2782/4034/40 2792/4033/40
f 2792/4033/40 2782/4034/40 2778/4035/40
f 2778/4035/40 2777/4036/40 2792/4033/40
f 2777/4036/40 2786/4037/40 2792/4033/40
f 2792/4033/414 2786/4037/414 2785/4038/414
f 2785/4038/40 2784/4039/40 2792/4033/40
f 2784/4039/40 2783/4040/40 2792/4033/40
f 2792/4033/40 2783/4040/40 2793/4041/40
f 2794/4042/28 2795/4043/28 2796/4044/28
f 2795/4043/28 2797/4045/28 2796/4044/28
f 2798/4046/415 2794/4047/415 2799/4048/415
f 2794/4047/415 2796/4049/415 2799/4048/415
f 2797/4050/88 2800/4051/88 2796/4049/88
f 2800/4051/88 2799/4048/88 2796/4049/88
f 2800/4052/7 2801/4053/7 2799/4054/7
f 2801/4053/7 2798/4055/7 2799/4054/7
f 2794/4056/88 2787/4057/88 2795/4058/88
f 2787/4057/88 2788/4059/88 2795/4058/88
f 2795/4058/88 2788/4059/88 2791/4060/88
f 2780/4031/88 2792/4033/88 2781/4061/88
f 2792/4033/88 2795/4058/88 2781/4061/88
f 2791/4060/88 2790/4062/88 2795/4058/88
f 2790/4062/88 2789/4063/88 2795/4058/88
f 2795/4058/88 2789/4063/88 2781/4061/88
f 2798/4064/88 2801/4065/88 2802/4066/88
f 2801/4065/88 2803/4067/88 2802/4066/88
f 2802/4066/89 2803/4067/89 2804/4068/89
f 2803/4067/89 2805/4069/89 2804/4068/89
f 2806/4070/67 2807/4071/67 2808/4072/67
f 2807/4071/67 2809/4073/67 2808/4072/67
f 2806/4074/416 2808/4075/416 2810/4076/416
f 2808/4075/416 2811/4077/416 2810/4076/416
f 2810/4076/416 2811/4077/416 2812/4078/416
f 2809/4079/92 2813/4080/92 2808/4075/92
f 2813/4080/92 2811/4077/92 2808/4075/92
f 2813/4081/40 2814/4082/40 2811/4083/40
f 2814/4082/40 2812/4084/40 2811/4083/40
f 2804/4085/92 2805/4086/92 2806/4087/92
f 2805/4086/92 2807/4088/92 2806/4087/92
f 2812/4089/92 2814/4090/92 2815/4091/92
f 2814/4090/92 2816/4092/92 2815/4091/92
f 2815/4093/86 2816/4094/86 2817/4095/86
f 2816/4094/86 2818/4096/86 2817/4095/86
f 2819/4097/68 2820/4098/68 2821/4099/68
f 2820/4098/68 2822/4100/68 2821/4099/68
f 2823/4101/417 2819/4102/417 2824/4103/417
f 2819/4102/417 2821/4104/417 2824/4103/417
f 2822/4105/91 2825/4106/91 2821/4104/91
f 2825/4106/91 2824/4103/91 2821/4104/91
f 2825/4107/30 2826/4108/30 2824/4109/30
f 2826/4108/30 2823/4110/30 2824/4109/30
f 2817/4095/91 2818/4096/91 2819/4111/91
f 2818/4096/91 2820/4112/91 2819/4111/91
f 2827/4113/91 2828/4114/91 2826/4115/91
f 2828/4114/91 2829/4116/91 2826/4115/91
f 2829/4116/91 2830/4117/91 2826/4115/91
f 2830/4117/91 2831/4118/91 2826/4115/91
f 2826/4115/91 2831/4118/91 2832/4119/91
f 2832/4119/91 2833/4120/91 2826/4115/91
f 2833/4120/91 2834/4121/91 2826/4115/91
f 2826/4115/91 2834/4121/91 2823/4122/91
f 2835/4123/67 2836/4124/67 2827/4113/67
f 2836/4124/67 2837/4125/67 2827/4113/67
f 2827/4113/67 2837/4125/67 2838/4126/67
f 2838/4126/67 2839/4127/67 2827/4113/67
f 2839/4127/67 2840/4128/67 2827/4113/67
f 2827/4113/67 2840/4128/67 2841/4129/67
f 2841/4129/67 2842/4130/67 2827/4113/67
f 2842/4130/67 2843/4131/67 2827/4113/67
f 2827/4113/67 2843/4131/67 2828/4114/67
f 2836/4132/418 2844/4133/418 2837/4134/418
f 2844/4133/419 2845/4135/419 2837/4134/419
f 2837/4134/420 2845/4135/420 2838/4136/420
f 2838/4136/421 2845/4135/421 2839/4137/421
f 2845/4135/422 2846/4138/422 2839/4137/422
f 2839/4137/423 2846/4138/423 2840/4139/423
f 2840/4139/424 2846/4138/424 2841/4140/424
f 2846/4138/425 2847/4141/425 2841/4140/425
f 2841/4140/426 2847/4141/426 2842/4142/426
f 2830/4143/427 2829/4144/427 2848/4145/427
f 2829/4144/428 2828/4146/428 2848/4145/428
f 2848/4145/429 2828/4146/429 2847/4147/429
f 2828/4146/430 2843/4148/430 2847/4147/430
f 2847/4141/431 2843/4149/431 2842/4142/431
f 2830/4143/432 2848/4145/432 2831/4150/432
f 2848/4145/433 2849/4151/433 2831/4150/433
f 2831/4150/434 2849/4151/434 2832/4152/434
f 2832/4152/435 2849/4151/435 2833/4153/435
f 2849/4151/436 2850/4154/436 2833/4153/436
f 2833/4153/437 2850/4154/437 2834/4155/437
f 2844/4156/89 2851/4157/89 312/4158/89
f 312/4158/89 311/4159/89 2844/4156/89
f 311/4159/89 2850/4160/89 2844/4156/89
f 2844/4156/89 2850/4160/89 2845/4161/89
f 2850/4160/89 2846/4162/89 2845/4161/89
f 2849/4163/89 2848/4164/89 2850/4160/89
f 2848/4164/89 2847/4165/89 2850/4160/89
f 2850/4160/89 2847/4165/89 2846/4162/89
f 2663/4166/1 2665/4167/1 2651/4168/1
f 2665/4167/1 2667/4169/1 2651/4168/1
f 2651/4168/1 2667/4169/1 2669/4170/1
f 2657/4171/1 2659/4172/1 2655/4173/1
f 2659/4172/1 2650/4174/1 2655/4173/1
f 2650/4174/1 2659/4172/1 2651/4168/1
f 2659/4172/1 2661/4175/1 2651/4168/1
f 2651/4168/1 2661/4175/1 2663/4166/1
f 2677/4176/1 2671/4177/1 2675/4178/1
f 2671/4177/1 2670/4179/1 2675/4178/1
f 917/4180/1 930/4181/1 918/4182/1
f 2679/4183/1 2678/4184/1 2682/4185/1
f 2692/4186/1 2695/4187/1 2690/4188/1
f 2695/4187/1 2697/4189/1 2690/4188/1
f 2697/4189/1 2699/4190/1 2690/4188/1
f 2699/4190/1 2701/4191/1 2690/4188/1
f 2690/4188/1 2701/4191/1 2689/4192/1
f 2701/4191/1 2703/4193/1 2689/4192/1
f 2689/4192/1 2703/4193/1 2687/4194/1
f 2703/4193/1 2684/4195/1 2687/4194/1
f 971/4196/1 972/4197/1 969/4198/1
f 972/4197/1 966/4199/1 969/4198/1
f 855/4200/1 875/4201/1 856/4202/1
f 960/4203/1 964/4204/1 961/4205/1
f 940/4206/1 943/4207/1 954/4208/1
f 943/4207/1 945/4209/1 954/4208/1
f 945/4209/1 947/4210/1 954/4208/1
f 947/4210/1 949/4211/1 954/4208/1
f 954/4208/1 949/4211/1 956/4212/1
f 949/4211/1 951/4213/1 956/4212/1
f 956/4212/1 951/4213/1 959/4214/1
f 951/4213/1 953/4215/1 959/4214/1
f 937/4216/1 938/4217/1 935/4218/1
f 938/4217/1 932/4219/1 935/4218/1
f 911/4220/1 922/4221/1 912/4222/1
f 905/4223/1 909/4224/1 906/4225/1
f 896/4226/1 898/4227/1 885/4228/1
f 898/4227/1 900/4229/1 885/4228/1
f 885/4228/1 900/4229/1 886/4230/1
f 889/4231/1 892/4232/1 904/4233/1
f 892/4232/1 901/4234/1 904/4233/1
f 901/4234/1 892/4232/1 885/4228/1
f 892/4232/1 894/4235/1 885/4228/1
f 885/4228/1 894/4235/1 896/4226/1
f 878/4236/1 877/4237/1 884/4238/1
f 877/4237/1 881/4239/1 884/4238/1
f 860/4240/1 851/4241/1 850/4242/1
f 847/4243/1 844/4244/1 843/4245/1
f 2768/4246/1 2757/4247/1 2756/4248/1
f 2769/4249/1 2759/4250/1 2762/4251/1
f 2769/4249/1 2762/4251/1 2852/4252/1
f 2762/4251/1 2764/4253/1 2852/4252/1
f 2852/4252/1 2764/4253/1 2756/4248/1
f 2764/4253/1 2766/4254/1 2756/4248/1
f 2756/4248/1 2766/4254/1 2768/4246/1
f 310/4255/1 312/4256/1 2851/4257/1
f 313/4258/1 301/4259/1 304/4260/1
f 313/4258/1 304/4260/1 2853/4261/1
f 304/4260/1 306/4262/1 2853/4261/1
f 2853/4261/1 306/4262/1 2851/4257/1
f 306/4262/1 308/4263/1 2851/4257/1
f 2851/4257/1 308/4263/1 310/4255/1
f 2854/4264/1 2855/4265/1 2856/4266/1
f 2855/4265/1 2857/4267/1 2856/4266/1
f 2856/4266/1 2857/4267/1 2858/4268/1
f 2857/4267/1 2859/4269/1 2858/4268/1
f 2858/4268/1 2859/4269/1 2860/4270/1
f 2859/4269/1 2861/4271/1 2860/4270/1
f 2860/4270/1 2861/4271/1 2862/4272/1
f 2863/4273/1 2864/4274/1 2865/4275/1
f 2864/4274/1 2866/4276/1 2865/4275/1
f 2865/4275/1 2866/4276/1 2867/4277/1
f 2866/4276/1 2868/4278/1 2867/4277/1
f 2867/4277/1 2868/4278/1 2869/4279/1
f 2868/4278/1 2870/4280/1 2869/4279/1
f 2869/4279/1 2870/4280/1 2871/4281/1
f 2872/4282/438 2873/4283/438 2874/4284/438
f 2875/4285/439 2876/4286/439 2877/4287/439
f 2876/4286/440 2878/4288/440 2877/4287/440
f 2877/4287/441 2878/4288/441 2879/4289/441
f 2874/4284/442 2873/4283/442 2877/4290/442
f 2873/4283/443 2880/4291/443 2877/4290/443
f 2877/4290/444 2880/4291/444 2875/4292/444
f 2881/4293/445 2882/4294/445 2883/4295/445
f 2883/4295/446 2884/4296/446 2881/4293/446
f 2884/4296/447 2885/4297/447 2881/4293/447
f 2881/4293/448 2885/4297/448 2874/4284/448
f 2885/4297/449 2886/4298/449 2874/4284/449
f 2874/4284/450 2886/4298/450 2872/4282/450
f 2887/4299/451 2888/4300/451 2889/4301/451
f 2888/4300/452 2890/4302/452 2889/4301/452
f 2878/4288/453 2891/4303/453 2879/4289/453
f 2891/4303/454 2892/4304/454 2879/4289/454
f 2879/4289/455 2892/4304/455 2890/4302/455
f 2892/4304/456 2893/4305/456 2890/4302/456
f 2890/4302/457 2893/4305/457 2889/4301/457
f 2863/4306/28 2865/4307/28 2894/4308/28
f 2865/4307/28 2882/4309/28 2894/4308/28
f 2894/4308/28 2882/4309/28 2888/4310/28
f 2882/4309/28 2881/4311/28 2888/4310/28
f 2888/4310/28 2881/4311/28 2874/4312/28
f 2874/4312/28 2877/4313/28 2888/4310/28
f 2877/4313/28 2879/4314/28 2888/4310/28
f 2888/4310/28 2879/4314/28 2890/4315/28
f 2863/4316/458 2894/4317/458 2895/4318/458
f 2863/4316/458 2895/4318/458 2864/4319/458
f 2895/4318/459 2896/4320/459 2864/4319/459
f 2864/4319/459 2896/4320/459 2866/4321/459
f 2896/4320/460 2897/4322/460 2866/4321/460
f 2866/4321/460 2897/4322/460 2868/4323/460
f 2897/4324/461 2898/4325/461 2868/4326/461
f 2868/4326/461 2898/4325/461 2870/4327/461
f 2898/4325/462 2899/4328/462 2870/4327/462
f 2870/4327/462 2899/4328/462 2871/4329/462
f 2900/4330/91 2901/4331/91 2902/4332/91
f 2869/4333/91 2871/4334/91 2901/4331/91
f 2871/4334/91 2899/4335/91 2901/4331/91
f 2901/4331/91 2899/4335/91 2902/4332/91
f 2902/4332/91 2903/4336/91 2904/4337/91
f 2904/4337/91 2905/4338/91 2902/4332/91
f 2905/4338/91 2906/4339/91 2902/4332/91
f 2902/4332/91 2906/4339/91 2900/4330/91
f 2907/4340/463 2901/4341/463 2908/4342/463
f 2901/4341/464 2900/4343/464 2908/4342/464
f 2908/4342/465 2900/4343/465 2909/4344/465
f 2909/4344/466 2900/4343/466 2910/4345/466
f 2900/4343/467 2906/4346/467 2910/4345/467
f 2910/4345/468 2906/4346/468 2911/4347/468
f 2911/4347/469 2906/4346/469 2912/4348/469
f 2906/4346/470 2905/4349/470 2912/4348/470
f 2912/4348/471 2905/4349/471 2913/4350/471
f 2914/4351/472 2915/4352/472 2904/4353/472
f 2915/4352/473 2916/4354/473 2904/4353/473
f 2904/4353/474 2916/4354/474 2905/4355/474
f 2916/4354/475 2917/4356/475 2905/4355/475
f 2905/4349/476 2917/4357/476 2913/4350/476
f 2914/4351/477 2904/4353/477 2918/4358/477
f 2904/4353/478 2903/4359/478 2918/4358/478
f 2918/4358/479 2903/4359/479 2919/4360/479
f 2919/4360/480 2903/4359/480 2920/4361/480
f 2903/4359/481 2902/4362/481 2920/4361/481
f 2920/4361/482 2902/4362/482 2921/4363/482
f 2922/4364/40 2907/4365/40 2923/4366/40
f 2907/4365/40 2908/4367/40 2923/4366/40
f 2923/4366/40 2908/4367/40 2909/4368/40
f 2909/4368/40 2910/4369/40 2923/4366/40
f 2910/4369/40 2911/4370/40 2923/4366/40
f 2923/4366/40 2911/4370/40 2912/4371/40
f 2912/4371/40 2913/4372/40 2923/4366/40
f 2913/4372/40 2917/4373/40 2923/4366/40
f 2923/4366/40 2917/4373/40 2916/4374/40
f 2924/4375/89 2925/4376/89 2642/4377/89
f 2925/4376/89 2643/4378/89 2642/4377/89
f 2923/4366/89 2916/4374/89 2649/4379/89
f 2916/4374/89 2915/4380/89 2649/4379/89
f 2915/4380/483 2914/4381/483 2649/4379/483
f 2914/4381/89 2918/4382/89 2649/4379/89
f 2649/4379/89 2918/4382/89 2919/4383/89
f 2919/4383/89 2920/4384/89 2649/4379/89
f 2920/4384/89 2921/4385/89 2649/4379/89
f 2649/4379/89 2921/4385/89 2646/4386/89
f 2926/4387/88 2927/4388/88 2924/4375/88
f 2927/4388/88 2925/4376/88 2924/4375/88
f 2928/4389/94 2929/4390/94 2633/4391/94
f 2929/4390/94 2634/4392/94 2633/4391/94
f 2639/4393/94 2641/4394/94 2926/4395/94
f 2641/4394/94 2927/4396/94 2926/4395/94
f 2930/4397/91 2931/4398/91 2928/4399/91
f 2931/4398/91 2929/4400/91 2928/4399/91
f 2625/4401/86 2932/4402/86 2626/4403/86
f 2932/4402/86 2933/4404/86 2626/4403/86
f 2626/4403/86 2933/4404/86 2934/4405/86
f 2614/3757/86 2616/3759/86 2935/4406/86
f 2616/3759/86 2626/4403/86 2935/4406/86
f 2934/4405/86 2936/4407/86 2626/4403/86
f 2936/4407/86 2937/4408/86 2626/4403/86
f 2626/4403/86 2937/4408/86 2935/4406/86
f 2629/4409/86 2632/4410/86 2930/4397/86
f 2632/4410/86 2931/4398/86 2930/4397/86
f 2619/4411/484 2618/4412/484 2938/4413/484
f 2615/4414/485 2614/4415/485 2939/4416/485
f 2614/4415/486 2935/4417/486 2939/4416/486
f 2939/4416/487 2935/4417/487 2940/4418/487
f 2938/4413/488 2618/4412/488 2939/4419/488
f 2618/4412/489 2617/4420/489 2939/4419/489
f 2939/4419/490 2617/4420/490 2615/4421/490
f 2941/4422/491 2942/4423/491 2623/4424/491
f 2623/4424/492 2622/4425/492 2941/4422/492
f 2622/4425/493 2621/4426/493 2941/4422/493
f 2941/4422/494 2621/4426/494 2938/4413/494
f 2621/4426/495 2620/4427/495 2938/4413/495
f 2938/4413/496 2620/4427/496 2619/4411/496
f 2932/4428/497 2943/4429/497 2933/4430/497
f 2943/4429/498 2944/4431/498 2933/4430/498
f 2935/4417/499 2937/4432/499 2940/4418/499
f 2937/4432/500 2936/4433/500 2940/4418/500
f 2940/4418/501 2936/4433/501 2944/4431/501
f 2936/4433/502 2934/4434/502 2944/4431/502
f 2944/4431/503 2934/4434/503 2933/4430/503
f 2854/4435/88 2856/4436/88 2945/4437/88
f 2856/4436/88 2942/4438/88 2945/4437/88
f 2940/4439/88 2944/4440/88 2942/4438/88
f 2944/4440/88 2943/4441/88 2942/4438/88
f 2942/4438/88 2943/4441/88 2945/4437/88
f 2941/4442/88 2938/4443/88 2942/4438/88
f 2938/4443/88 2939/4444/88 2942/4438/88
f 2942/4438/88 2939/4444/88 2940/4439/88
f 2854/4445/504 2945/4446/504 2946/4447/504
f 2854/4445/504 2946/4447/504 2855/4448/504
f 2946/4447/505 2947/4449/505 2855/4448/505
f 2855/4448/505 2947/4449/505 2857/4450/505
f 2947/4451/506 2948/4452/506 2857/4453/506
f 2857/4453/506 2948/4452/506 2859/4454/506
f 2948/4452/507 2949/4455/507 2859/4454/507
f 2859/4454/507 2949/4455/507 2861/4456/507
f 2949/4455/508 2950/4457/508 2861/4456/508
f 2861/4456/508 2950/4457/508 2862/4458/508
f 2860/4459/30 2862/4460/30 2951/4461/30
f 2862/4460/30 2950/4462/30 2951/4461/30
f 2950/4462/30 2952/4463/30 2951/4461/30
f 2952/4463/30 2953/4464/30 2951/4461/30
f 2951/4461/30 2953/4464/30 2954/4465/30
f 2954/4465/30 2955/4466/30 2951/4461/30
f 2955/4466/30 2956/4467/30 2951/4461/30
f 2951/4461/30 2956/4467/30 2957/4468/30
f 2958/4469/509 2951/4470/509 2959/4471/509
f 2951/4470/510 2957/4472/510 2959/4471/510
f 2959/4471/511 2957/4472/511 2960/4473/511
f 2960/4473/512 2957/4472/512 2961/4474/512
f 2957/4472/513 2956/4475/513 2961/4474/513
f 2961/4474/514 2956/4475/514 2962/4476/514
f 2962/4476/515 2956/4475/515 2963/4477/515
f 2956/4475/516 2955/4478/516 2963/4477/516
f 2963/4477/517 2955/4478/517 2964/4479/517
f 2965/4480/518 2966/4481/518 2954/4482/518
f 2966/4481/519 2967/4483/519 2954/4482/519
f 2954/4482/520 2967/4483/520 2955/4484/520
f 2967/4483/521 2968/4485/521 2955/4484/521
f 2955/4478/522 2968/4486/522 2964/4479/522
f 2965/4480/523 2954/4482/523 2969/4487/523
f 2954/4482/524 2953/4488/524 2969/4487/524
f 2969/4487/525 2953/4488/525 2970/4489/525
f 2970/4489/526 2953/4488/526 2971/4490/526
f 2953/4488/527 2952/4491/527 2971/4490/527
f 2971/4490/528 2952/4491/528 2972/4492/528
f 2973/4493/89 2974/4494/89 2975/4495/89
f 2974/4494/89 2976/4496/89 2975/4495/89
f 2977/4497/529 2973/4498/529 2978/4499/529
f 2973/4498/529 2975/4500/529 2978/4499/529
f 2976/4501/68 2979/4502/68 2975/4500/68
f 2979/4502/68 2978/4499/68 2975/4500/68
f 2979/4503/91 2980/4504/91 2978/4505/91
f 2980/4504/91 2977/4506/91 2978/4505/91
f 832/1042/68 833/1043/68 2973/4507/68
f 833/1043/68 2974/4508/68 2973/4507/68
f 2981/4509/68 2967/4510/68 2980/4511/68
f 2967/4510/68 2966/4512/68 2980/4511/68
f 2966/4512/68 2965/4513/68 2980/4511/68
f 2965/4513/68 2969/4514/68 2980/4511/68
f 2980/4511/68 2969/4514/68 2970/4515/68
f 2970/4515/68 2971/4516/68 2980/4511/68
f 2971/4516/68 2972/4517/68 2980/4511/68
f 2980/4511/68 2972/4517/68 2977/4518/68
f 2982/4519/94 2958/4520/94 2981/4509/94
f 2958/4520/94 2959/4521/94 2981/4509/94
f 2981/4509/94 2959/4521/94 2960/4522/94
f 2960/4522/94 2961/4523/94 2981/4509/94
f 2961/4523/94 2962/4524/94 2981/4509/94
f 2981/4509/94 2962/4524/94 2963/4525/94
f 2963/4525/94 2964/4526/94 2981/4509/94
f 2964/4526/94 2968/4527/94 2981/4509/94
f 2981/4509/94 2968/4527/94 2967/4510/94
f 2876/4528/94 2875/4529/94 2983/4530/94
f 2875/4529/94 2880/4531/94 2983/4530/94
f 2983/4530/94 2880/4531/94 2873/4532/94
f 2873/4532/94 2872/4533/94 2983/4530/94
f 2872/4533/94 2886/4534/94 2983/4530/94
f 2983/4530/530 2886/4534/530 2885/4535/530
f 2885/4535/94 2884/4536/94 2983/4530/94
f 2884/4536/94 2883/4537/94 2983/4530/94
f 2983/4530/94 2883/4537/94 2984/4538/94
f 2985/774/88 2986/4539/88 2987/4540/88
f 2986/4539/88 2988/4541/88 2987/4540/88
f 2989/4542/87 2985/4543/87 2990/4544/87
f 2985/4543/87 2987/4545/87 2990/4544/87
f 2988/4546/7 2991/4547/7 2987/4545/7
f 2991/4547/7 2990/4544/7 2987/4545/7
f 2991/4548/86 2992/4549/86 2990/4550/86
f 2992/4549/86 2989/4551/86 2990/4550/86
f 2985/4552/7 2887/4553/7 2986/4554/7
f 2887/4553/7 2889/4555/7 2986/4554/7
f 2986/4554/7 2889/4555/7 2893/4556/7
f 2876/4528/7 2983/4530/7 2878/4557/7
f 2983/4530/7 2986/4554/7 2878/4557/7
f 2893/4556/7 2892/4558/7 2986/4554/7
f 2892/4558/7 2891/4559/7 2986/4554/7
f 2986/4554/7 2891/4559/7 2878/4557/7
f 2989/4560/7 2992/4561/7 2993/4562/7
f 2992/4561/7 2994/4563/7 2993/4562/7
f 2993/4562/68 2994/4563/68 2995/4564/68
f 2994/4563/68 2996/4565/68 2995/4564/68
f 2997/4566/69 2998/4567/69 2999/4568/69
f 2997/4566/69 2999/4568/69 3000/4569/69
f 2999/4568/70 3001/4570/70 3000/4569/70
f 3000/4569/70 3001/4570/70 3002/4571/70
f 3001/4570/71 3003/4572/71 3002/4571/71
f 3002/4571/71 3003/4572/71 3004/4573/71
f 3003/4574/74 3005/4575/74 3004/4576/74
f 3004/4576/74 3005/4575/74 3006/4577/74
f 3005/4575/75 3007/4578/75 3006/4577/75
f 3006/4577/75 3007/4578/75 3008/4579/75
f 3007/4578/76 3009/4580/76 3008/4579/76
f 3008/4579/76 3009/4580/76 3010/4581/76
f 3009/4580/77 3011/4582/77 3010/4581/77
f 3010/4581/77 3011/4582/77 3012/4583/77
f 3011/4582/78 2995/4564/78 3012/4583/78
f 3012/4583/78 2995/4564/78 2996/4565/78
f 3013/4584/94 3014/4585/94 3015/4586/94
f 3014/4585/94 3016/4587/94 3015/4586/94
f 3017/4588/93 3013/4589/93 3018/4590/93
f 3013/4589/93 3015/4591/93 3018/4590/93
f 3016/4592/67 3019/4593/67 3015/4591/67
f 3019/4593/67 3018/4590/67 3015/4591/67
f 3019/4594/92 3020/699/92 3018/4595/92
f 3020/699/92 3017/4596/92 3018/4595/92
f 2604/4597/67 2605/4598/67 2606/4599/67
f 2605/4598/67 2607/4600/67 2606/4599/67
f 2610/4601/67 2613/4602/67 2704/3892/67
f 2613/4602/67 2705/3893/67 2704/3892/67
f 2998/4567/67 2997/4566/67 3013/4603/67
f 2997/4566/67 3014/4604/67 3013/4603/67
f 3017/4605/67 3020/4606/67 3021/4607/67
f 3020/4606/67 3022/4608/67 3021/4607/67
f 3021/4609/65 3022/4610/65 3023/4611/65
f 3022/4610/65 3024/4612/65 3023/4611/65
f 3025/4613/531 3026/4614/531 3027/4615/531
f 3026/4614/531 3028/4616/531 3027/4615/531
f 3027/4615/532 3028/4616/532 3029/4617/532
f 3028/4616/532 3030/4618/532 3029/4617/532
f 3029/4617/533 3030/4618/533 3031/4619/533
f 3030/4618/533 3032/4620/533 3031/4619/533
f 3031/4619/534 3032/4620/534 3033/4621/534
f 3032/4620/534 3034/4622/534 3033/4621/534
f 3033/4621/535 3034/4622/535 3035/4623/535
f 3034/4622/535 3036/4624/535 3035/4623/535
f 3035/4625/536 3036/4626/536 3037/4627/536
f 3036/4626/536 3038/4628/536 3037/4627/536
f 3037/4627/537 3038/4628/537 3039/4629/537
f 3038/4628/537 3040/4630/537 3039/4629/537
f 3039/4629/538 3040/4630/538 3041/4631/538
f 3040/4630/538 3042/4632/538 3041/4631/538
f 3041/4631/539 3042/4632/539 3043/4633/539
f 3042/4632/539 3044/4634/539 3043/4633/539
f 3043/4633/540 3044/4634/540 3045/4635/540
f 3044/4634/540 3046/4636/540 3045/4635/540
f 3045/4635/541 3046/4636/541 3047/4637/541
f 3046/4636/541 3048/4638/541 3047/4637/541
f 3047/4639/542 3048/4640/542 3049/4641/542
f 3048/4640/542 3050/4642/542 3049/4641/542
f 3049/4641/543 3050/4642/543 3051/4643/543
f 3050/4642/543 3052/4644/543 3051/4643/543
f 3051/4643/544 3052/4644/544 3053/4645/544
f 3052/4644/544 3054/4646/544 3053/4645/544
f 3053/4645/545 3054/4646/545 3055/4647/545
f 3054/4646/545 3056/4648/545 3055/4647/545
f 3055/4647/546 3056/4648/546 3057/4649/546
f 3056/4648/546 3058/4650/546 3057/4649/546
f 3057/4649/547 3058/4650/547 3059/4651/547
f 3058/4650/547 3060/4652/547 3059/4651/547
f 3059/4653/548 3060/4654/548 3061/4655/548
f 3060/4654/549 3062/4656/549 3061/4655/549
f 3023/4611/550 3024/4612/550 3063/4657/550
f 3024/4612/550 3064/4658/550 3063/4657/550
f 3063/4657/551 3064/4658/551 3065/4659/551
f 3064/4658/551 3066/4660/551 3065/4659/551
f 3065/4659/552 3066/4660/552 3067/4661/552
f 3066/4660/552 3068/4662/552 3067/4661/552
f 3067/4661/553 3068/4662/553 3069/4663/553
f 3068/4662/553 3070/4664/553 3069/4663/553
f 3069/4663/554 3070/4664/554 3062/4656/554
f 3070/4664/554 3071/4665/554 3062/4656/554
f 3062/4656/555 3071/4665/555 3061/4655/555
f 3026/4666/41 3025/4667/41 3072/4668/41
f 3025/4667/41 3073/4669/41 3072/4668/41
f 3072/4668/7 3073/4669/7 3074/4670/7
f 3073/4669/7 3075/4671/7 3074/4670/7
f 3074/4670/68 3075/4671/68 3076/4672/68
f 3075/4671/68 3077/4673/68 3076/4672/68
f 3078/4674/69 3079/4675/69 3080/4676/69
f 3078/4674/69 3080/4676/69 3081/4677/69
f 3080/4676/70 3082/4678/70 3081/4677/70
f 3081/4677/70 3082/4678/70 3083/4679/70
f 3082/4678/71 3084/4680/71 3083/4679/71
f 3083/4679/322 3084/4680/322 3085/4681/322
f 3084/4682/74 3086/4683/74 3085/4684/74
f 3085/4684/74 3086/4683/74 3087/4685/74
f 3086/4683/75 3088/4686/75 3087/4685/75
f 3087/4685/75 3088/4686/75 3089/4687/75
f 3088/4686/76 3090/4688/76 3089/4687/76
f 3089/4687/76 3090/4688/76 3091/4689/76
f 3090/4688/77 3092/4690/77 3091/4689/77
f 3091/4689/77 3092/4690/77 3093/4691/77
f 3092/4690/78 3076/4672/78 3093/4691/78
f 3093/4691/78 3076/4672/78 3077/4673/78
f 3094/4692/94 3095/4693/94 3096/4694/94
f 3095/4693/94 3097/4695/94 3096/4694/94
f 3096/4694/94 3097/4695/94 3098/4696/94
f 3099/4697/93 3097/4698/93 3100/4699/93
f 3097/4698/93 3095/4700/93 3100/4699/93
f 3094/4701/67 3101/4702/67 3095/4700/67
f 3101/4702/67 3100/4699/67 3095/4700/67
f 3102/4703/92 3099/4704/92 3103/4705/92
f 3099/4704/92 3100/4706/92 3103/4705/92
f 3103/4705/92 3100/4706/92 3101/4707/92
f 3104/4708/89 3105/4709/89 3106/4710/89
f 3105/4709/89 3107/4711/89 3106/4710/89
f 3108/4712/529 3104/4713/529 3109/4714/529
f 3104/4713/529 3106/4715/529 3109/4714/529
f 3107/4716/68 3110/4717/68 3106/4715/68
f 3110/4717/68 3109/4714/68 3106/4715/68
f 3110/4718/91 3111/4719/91 3109/4720/91
f 3111/4719/91 3108/4721/91 3109/4720/91
f 3112/4722/86 3113/4723/86 3114/4724/86
f 3113/4723/86 3115/4725/86 3114/4724/86
f 3116/4726/131 3112/4727/131 3117/4728/131
f 3112/4727/131 3114/4729/131 3117/4728/131
f 3115/4730/28 3118/4731/28 3114/4729/28
f 3118/4731/28 3117/4728/28 3114/4729/28
f 3118/4732/88 3119/4733/88 3117/4734/88
f 3119/4733/88 3116/4735/88 3117/4734/88
f 3120/4736/92 3121/4737/92 3122/4738/92
f 3121/4737/92 3123/4739/92 3122/4738/92
f 3124/4740/95 3120/4741/95 3125/4742/95
f 3120/4741/95 3122/4743/95 3125/4742/95
f 3123/4744/40 3126/4745/40 3122/4743/40
f 3126/4745/40 3125/4742/40 3122/4743/40
f 3126/4746/94 3127/4747/94 3125/4748/94
f 3127/4747/94 3124/4749/94 3125/4748/94
f 3128/4750/89 3129/4751/89 3130/4752/89
f 3129/4751/89 3131/4753/89 3130/4752/89
f 3132/4754/529 3128/4755/529 3133/4756/529
f 3128/4755/529 3130/4757/529 3133/4756/529
f 3131/4758/68 3134/4759/68 3130/4757/68
f 3134/4759/68 3133/4756/68 3130/4757/68
f 3134/4760/91 3135/4761/91 3133/4762/91
f 3135/4761/91 3132/4763/91 3133/4762/91
f 3136/4764/86 3137/4765/86 3138/4766/86
f 3137/4765/86 3139/4767/86 3138/4766/86
f 3140/4768/131 3136/4769/131 3141/4770/131
f 3136/4769/131 3138/4771/131 3141/4770/131
f 3139/4772/28 3142/4773/28 3138/4771/28
f 3142/4773/28 3141/4770/28 3138/4771/28
f 3142/4774/88 3143/4775/88 3141/4776/88
f 3143/4775/88 3140/4777/88 3141/4776/88
f 3144/4778/92 3145/4779/92 3146/4780/92
f 3145/4779/92 3147/4781/92 3146/4780/92
f 3148/4782/95 3144/4783/95 3149/4784/95
f 3144/4783/95 3146/4785/95 3149/4784/95
f 3147/4786/40 3150/4787/40 3146/4785/40
f 3150/4787/40 3149/4784/40 3146/4785/40
f 3150/4788/94 3151/4789/94 3149/4790/94
f 3151/4789/94 3148/4791/94 3149/4790/94
f 3152/4792/89 3153/4793/89 3154/4794/89
f 3153/4793/89 3155/4795/89 3154/4794/89
f 3156/4796/529 3152/4797/529 3157/4798/529
f 3152/4797/529 3154/4799/529 3157/4798/529
f 3155/4800/68 3158/4801/68 3154/4799/68
f 3158/4801/68 3157/4798/68 3154/4799/68
f 3158/4802/91 3159/4803/91 3157/4804/91
f 3159/4803/91 3156/4805/91 3157/4804/91
f 3160/4806/86 3161/4807/86 3162/4808/86
f 3161/4807/86 3163/4809/86 3162/4808/86
f 3164/4810/131 3160/4811/131 3165/4812/131
f 3160/4811/131 3162/4813/131 3165/4812/131
f 3163/4814/28 3166/4815/28 3162/4813/28
f 3166/4815/28 3165/4812/28 3162/4813/28
f 3166/4816/88 3167/1098/88 3165/4817/88
f 3167/1098/88 3164/4818/88 3165/4817/88
f 3168/4819/30 3169/4820/30 3170/4821/30
f 3169/4820/30 3171/4822/30 3170/4821/30
f 3170/4821/30 3171/4822/30 3172/4823/30
f 3161/4824/28 3160/4825/28 3173/4826/28
f 3160/4825/28 3174/4827/28 3173/4826/28
f 3173/4826/28 3174/4827/28 3175/4828/28
f 3164/4829/28 3167/4830/28 3171/4822/28
f 3167/4830/28 3172/4823/28 3171/4822/28
f 3176/4831/40 3177/4832/40 3178/4833/40
f 3177/4832/40 3175/4834/40 3178/4833/40
f 3178/4833/40 3175/4834/40 3174/4835/40
f 3179/4836/68 3180/4837/68 3152/4838/68
f 3180/4837/68 3153/4839/68 3152/4838/68
f 3156/4840/68 3159/4841/68 3176/4842/68
f 3159/4841/68 3177/4843/68 3176/4842/68
f 3181/4844/7 3182/4845/7 3179/4836/7
f 3182/4845/7 3180/4837/7 3179/4836/7
f 3183/4846/96 3184/4847/96 3185/4848/96
f 3183/4846/96 3185/4848/96 3186/4849/96
f 3185/4848/97 3187/4850/97 3186/4849/97
f 3186/4849/97 3187/4850/97 3188/4851/97
f 3187/4850/98 3189/4852/98 3188/4851/98
f 3188/4851/556 3189/4852/556 3190/4853/556
f 3189/4854/321 3191/4855/321 3190/4856/321
f 3190/4856/100 3191/4855/100 3192/4857/100
f 3191/4855/78 3193/4858/78 3192/4857/78
f 3192/4857/78 3193/4858/78 3194/4859/78
f 3193/4858/77 3195/4860/77 3194/4859/77
f 3194/4859/77 3195/4860/77 3196/4861/77
f 3195/4860/76 3197/4862/76 3196/4861/76
f 3196/4861/76 3197/4862/76 3198/4863/76
f 3197/4862/75 3182/4845/75 3198/4863/75
f 3198/4863/75 3182/4845/75 3181/4844/75
f 3199/4864/40 3200/4865/40 3144/4866/40
f 3200/4865/40 3145/4867/40 3144/4866/40
f 3148/4868/40 3151/4869/40 3183/4846/40
f 3151/4869/40 3184/4847/40 3183/4846/40
f 3200/4865/31 3199/4864/31 3201/4870/31
f 3200/4865/31 3201/4870/31 3202/4871/31
f 3201/4870/32 3203/4872/32 3202/4871/32
f 3202/4871/32 3203/4872/32 3204/4873/32
f 3203/4872/33 3205/4874/33 3204/4873/33
f 3204/4873/33 3205/4874/33 3206/4875/33
f 3205/4876/557 3207/4877/557 3206/4878/557
f 3206/4878/35 3207/4877/35 3208/4879/35
f 3207/4877/36 3209/4880/36 3208/4879/36
f 3208/4879/36 3209/4880/36 3210/4881/36
f 3209/4880/37 3211/4882/37 3210/4881/37
f 3210/4881/37 3211/4882/37 3212/4883/37
f 3211/4882/38 3213/4884/38 3212/4883/38
f 3212/4883/38 3213/4884/38 3214/4885/38
f 3213/4884/39 3215/4886/39 3214/4885/39
f 3214/4885/39 3215/4886/39 3216/4887/39
f 3217/4888/30 3218/4889/30 3215/4886/30
f 3218/4889/30 3216/4887/30 3215/4886/30
f 3136/4890/28 3219/4891/28 3220/4892/28
f 3220/4892/28 3221/4893/28 3136/4890/28
f 3221/4893/28 3222/4894/28 3136/4890/28
f 3136/4890/28 3222/4894/28 3137/4895/28
f 3140/4896/28 3143/4897/28 3217/4888/28
f 3143/4897/28 3218/4889/28 3217/4888/28
f 3220/4898/40 3219/4899/40 3223/4900/40
f 3219/4899/40 3224/4901/40 3223/4900/40
f 3223/4900/40 3224/4901/40 3225/4902/40
f 3224/4901/40 3226/4903/40 3225/4902/40
f 3225/4902/40 3226/4903/40 3227/4904/40
f 3228/4905/68 3229/4906/68 3128/4907/68
f 3229/4906/68 3129/4908/68 3128/4907/68
f 3132/4909/68 3135/4910/68 3226/4911/68
f 3135/4910/68 3227/4912/68 3226/4911/68
f 3230/4913/7 3231/4914/7 3228/4905/7
f 3231/4914/7 3229/4906/7 3228/4905/7
f 3232/4915/96 3233/4916/96 3234/4917/96
f 3232/4915/96 3234/4917/96 3235/4918/96
f 3234/4917/97 3236/4919/97 3235/4918/97
f 3235/4918/97 3236/4919/97 3237/4920/97
f 3236/4919/98 3238/4921/98 3237/4920/98
f 3237/4920/556 3238/4921/556 3239/4922/556
f 3238/4923/321 3240/4924/321 3239/4925/321
f 3239/4925/100 3240/4924/100 3241/4926/100
f 3240/4924/78 3242/4927/78 3241/4926/78
f 3241/4926/78 3242/4927/78 3243/4928/78
f 3242/4927/77 3244/4929/77 3243/4928/77
f 3243/4928/77 3244/4929/77 3245/4930/77
f 3244/4929/76 3246/4931/76 3245/4930/76
f 3245/4930/76 3246/4931/76 3247/4932/76
f 3246/4931/75 3231/4914/75 3247/4932/75
f 3247/4932/75 3231/4914/75 3230/4913/75
f 3248/4933/40 3249/4934/40 3120/4935/40
f 3249/4934/40 3121/4936/40 3120/4935/40
f 3124/4937/40 3127/4938/40 3232/4915/40
f 3127/4938/40 3233/4916/40 3232/4915/40
f 3249/4934/31 3248/4933/31 3250/4939/31
f 3249/4934/31 3250/4939/31 3251/4940/31
f 3250/4939/32 3252/4941/32 3251/4940/32
f 3251/4940/32 3252/4941/32 3253/4942/32
f 3252/4941/34 3254/4943/34 3253/4942/34
f 3253/4942/33 3254/4943/33 3255/4944/33
f 3254/4945/557 3256/4946/557 3255/4947/557
f 3255/4947/558 3256/4946/558 3257/4948/558
f 3256/4946/36 3258/4949/36 3257/4948/36
f 3257/4948/36 3258/4949/36 3259/4950/36
f 3258/4949/37 3260/4951/37 3259/4950/37
f 3259/4950/37 3260/4951/37 3261/4952/37
f 3260/4951/38 3262/4953/38 3261/4952/38
f 3261/4952/38 3262/4953/38 3263/4954/38
f 3262/4953/39 3264/4955/39 3263/4954/39
f 3263/4954/39 3264/4955/39 3265/4956/39
f 3266/4957/30 3267/4958/30 3264/4955/30
f 3267/4958/30 3265/4956/30 3264/4955/30
f 3268/4959/28 3269/4960/28 3112/4961/28
f 3269/4960/28 3113/4962/28 3112/4961/28
f 3116/4963/28 3119/4964/28 3266/4957/28
f 3119/4964/28 3267/4958/28 3266/4957/28
f 3270/4228/40 3271/4965/40 3272/4966/40
f 3271/4965/40 3273/4967/40 3272/4966/40
f 3272/4966/40 3273/4967/40 3268/4968/40
f 3273/4967/40 3269/4969/40 3268/4968/40
f 3274/4970/68 3275/4971/68 3104/4972/68
f 3275/4971/68 3105/4973/68 3104/4972/68
f 3108/4974/68 3111/4975/68 3270/4976/68
f 3111/4975/68 3271/4977/68 3270/4976/68
f 3275/4971/7 3274/4970/7 3276/4978/7
f 3274/4970/7 3277/4979/7 3276/4978/7
f 3276/4978/7 3277/4979/7 3278/4980/7
f 3279/4981/67 3280/4982/67 2436/3540/67
f 3280/4982/67 2437/3541/67 2436/3540/67
f 2509/3628/67 2508/3627/67 3281/4983/67
f 2508/3627/67 3282/4984/67 3281/4983/67
f 3169/4985/67 3168/4986/67 3283/4987/67
f 3168/4986/67 2528/4988/67 3283/4987/67
f 3283/4987/67 2528/4988/67 2527/4989/67
f 2529/4990/67 2532/4991/67 2534/3661/67
f 2532/4991/67 2535/3662/67 2534/3661/67
f 3079/4675/67 3078/4674/67 3097/4992/67
f 3078/4674/67 3098/4993/67 3097/4992/67
f 3099/4994/67 3102/4995/67 3284/4996/67
f 3102/4995/67 3285/4997/67 3284/4996/67
f 3284/4996/67 3285/4997/67 3277/4998/67
f 3285/4997/67 3278/4999/67 3277/4998/67
f 3280/5000/92 3279/5001/92 3286/5002/92
f 3279/5001/92 3287/5003/92 3286/5002/92
f 3286/5002/92 3287/5003/92 3288/5004/92
f 3289/5005/67 3288/5006/67 3290/5007/67
f 3288/5006/67 3287/5008/67 3290/5007/67
f 3279/5009/93 3281/5010/93 3287/5008/93
f 3281/5010/93 3290/5007/93 3287/5008/93
f 3289/5011/94 3290/5012/94 3291/5013/94
f 3290/5012/94 3281/5014/94 3291/5013/94
f 3291/5013/94 3281/5014/94 3282/5015/94
f 2645/5016/1 2643/5017/1 2925/5018/1
f 2931/5019/1 2632/5020/1 2631/5021/1
f 2925/5018/1 2927/5022/1 2645/5016/1
f 2927/5022/1 2641/5023/1 2645/5016/1
f 2645/5016/1 2641/5023/1 2640/5024/1
f 2406/5025/1 2408/5026/1 2631/5021/1
f 2408/5026/1 2410/5027/1 2631/5021/1
f 2631/5021/1 2410/5027/1 2931/5019/1
f 2923/5028/1 2649/5029/1 2628/5030/1
f 2649/5029/1 2648/5031/1 2628/5030/1
f 3292/5032/1 2616/5033/1 3293/5034/1
f 2616/5033/1 2624/5035/1 3293/5034/1
f 2370/5036/1 2372/5037/1 2636/5038/1
f 2394/5039/1 2396/5040/1 2648/5031/1
f 2626/5041/1 2616/5033/1 2628/5030/1
f 2616/5033/1 3292/5032/1 2628/5030/1
f 2628/5030/1 3292/5032/1 2923/5028/1
f 3292/5032/1 3294/5042/1 2923/5028/1
f 2923/5028/1 3294/5042/1 2922/5043/1
f 2410/5027/1 2364/5044/1 2931/5019/1
f 2364/5044/1 2366/5045/1 2931/5019/1
f 2931/5019/1 2366/5045/1 2368/5046/1
f 2396/5040/1 2398/5047/1 2648/5031/1
f 2398/5047/1 2400/5048/1 2648/5031/1
f 2648/5031/1 2400/5048/1 2628/5030/1
f 2400/5048/1 2402/5049/1 2628/5030/1
f 2628/5030/1 2402/5049/1 2631/5021/1
f 2402/5049/1 2404/5050/1 2631/5021/1
f 2631/5021/1 2404/5050/1 2406/5025/1
f 2634/5051/1 2929/5052/1 2636/5038/1
f 2929/5052/1 2931/5019/1 2636/5038/1
f 2636/5038/1 2931/5019/1 2370/5036/1
f 2931/5019/1 2368/5046/1 2370/5036/1
f 2372/5037/1 2374/5053/1 2636/5038/1
f 2374/5053/1 2376/5054/1 2636/5038/1
f 2636/5038/1 2376/5054/1 2640/5024/1
f 2376/5054/1 2378/5055/1 2640/5024/1
f 2640/5024/1 2378/5055/1 2380/5056/1
f 2380/5056/1 2382/5057/1 2640/5024/1
f 2382/5057/1 2384/5058/1 2640/5024/1
f 2640/5024/1 2384/5058/1 2645/5016/1
f 2384/5058/1 2386/5059/1 2645/5016/1
f 2386/5059/1 2388/5060/1 2645/5016/1
f 2388/5060/1 2390/5061/1 2645/5016/1
f 2645/5016/1 2390/5061/1 2648/5031/1
f 2390/5061/1 2392/5062/1 2648/5031/1
f 2648/5031/1 2392/5062/1 2394/5039/1
f 3295/5063/1 3296/5064/1 3297/5065/1
f 750/5066/1 767/5067/1 772/5068/1
f 775/5069/1 777/5070/1 3295/5063/1
f 785/5071/1 787/5072/1 3295/5063/1
f 722/5073/1 724/5074/1 3298/5075/1
f 682/5076/1 3299/5077/1 680/5078/1
f 626/5079/1 536/5080/1 534/5081/1
f 640/5082/1 480/5083/1 471/5084/1
f 645/5085/1 647/5086/1 3300/5087/1
f 427/5088/1 424/5089/1 3301/5090/1
f 838/5091/1 840/5092/1 3297/5065/1
f 3302/5093/1 3303/5094/1 342/5095/1
f 339/5096/1 337/5097/1 344/5098/1
f 337/5097/1 838/5091/1 344/5098/1
f 344/5098/1 838/5091/1 360/5099/1
f 838/5091/1 3297/5065/1 360/5099/1
f 360/5099/1 3297/5065/1 358/5100/1
f 3297/5065/1 356/5101/1 358/5100/1
f 3304/5102/1 376/5103/1 364/5104/1
f 812/5105/1 814/5106/1 3296/5064/1
f 814/5106/1 366/5107/1 3296/5064/1
f 366/5107/1 345/5108/1 3296/5064/1
f 3296/5064/1 345/5108/1 348/5109/1
f 348/5109/1 350/5110/1 3296/5064/1
f 350/5110/1 352/5111/1 3296/5064/1
f 3296/5064/1 352/5111/1 3297/5065/1
f 352/5111/1 354/5112/1 3297/5065/1
f 3297/5065/1 354/5112/1 356/5101/1
f 415/5113/1 417/5114/1 3305/5115/1
f 417/5114/1 419/5116/1 3305/5115/1
f 3305/5115/1 419/5116/1 421/5117/1
f 2274/5118/1 2273/5119/1 3306/5120/1
f 2273/5119/1 2272/5121/1 3306/5120/1
f 2275/5122/1 387/5123/1 2276/5124/1
f 387/5123/1 2277/5125/1 2276/5124/1
f 2277/5125/1 387/5123/1 2278/5126/1
f 387/5123/1 389/5127/1 2278/5126/1
f 2278/5126/1 389/5127/1 2279/5128/1
f 389/5127/1 391/5129/1 2279/5128/1
f 2279/5128/1 391/5129/1 2280/5130/1
f 391/5129/1 393/5131/1 2280/5130/1
f 2280/5130/1 393/5131/1 2281/5132/1
f 393/5131/1 395/5133/1 2281/5132/1
f 2281/5132/1 395/5133/1 2282/5134/1
f 395/5133/1 397/5135/1 2282/5134/1
f 2282/5134/1 397/5135/1 2283/5136/1
f 397/5135/1 399/5137/1 2283/5136/1
f 2283/5136/1 399/5137/1 2284/5138/1
f 399/5137/1 401/5139/1 2284/5138/1
f 2284/5138/1 401/5139/1 2285/5140/1
f 401/5139/1 403/5141/1 2285/5140/1
f 2285/5140/1 403/5141/1 2286/5142/1
f 403/5141/1 405/5143/1 2286/5142/1
f 2286/5142/1 405/5143/1 2287/5144/1
f 405/5143/1 407/5145/1 2287/5144/1
f 2287/5144/1 407/5145/1 2288/5146/1
f 407/5145/1 409/5147/1 2288/5146/1
f 2288/5146/1 409/5147/1 3307/5148/1
f 409/5147/1 411/5149/1 3307/5148/1
f 3307/5148/1 411/5149/1 3305/5115/1
f 411/5149/1 413/5150/1 3305/5115/1
f 3305/5115/1 413/5150/1 415/5113/1
f 379/5151/1 381/5152/1 3306/5120/1
f 381/5152/1 383/5153/1 3306/5120/1
f 2275/5122/1 2274/5118/1 387/5123/1
f 2274/5118/1 3306/5120/1 387/5123/1
f 387/5123/1 3306/5120/1 385/5154/1
f 3306/5120/1 383/5153/1 385/5154/1
f 364/5104/1 3301/5090/1 3304/5102/1
f 3301/5090/1 424/5089/1 3304/5102/1
f 3304/5102/1 424/5089/1 3306/5120/1
f 424/5089/1 377/5155/1 3306/5120/1
f 3306/5120/1 377/5155/1 379/5151/1
f 647/5086/1 452/5156/1 430/5157/1
f 435/5158/1 437/5159/1 3300/5087/1
f 647/5086/1 430/5157/1 3300/5087/1
f 430/5157/1 433/5160/1 3300/5087/1
f 3300/5087/1 433/5160/1 435/5158/1
f 437/5159/1 439/5161/1 3300/5087/1
f 439/5161/1 441/5162/1 3300/5087/1
f 3300/5087/1 441/5162/1 443/5163/1
f 425/5164/1 427/5088/1 429/5165/1
f 427/5088/1 445/5166/1 429/5165/1
f 642/5167/1 644/5168/1 473/5169/1
f 473/5169/1 644/5168/1 3308/5170/1
f 473/5169/1 474/5171/1 642/5167/1
f 474/5171/1 449/5172/1 642/5167/1
f 642/5167/1 449/5172/1 447/5173/1
f 478/5174/1 476/5175/1 482/5176/1
f 476/5175/1 638/5177/1 482/5176/1
f 1879/5178/1 1880/5179/1 638/5177/1
f 1880/5179/1 1881/5180/1 638/5177/1
f 1860/5181/1 482/5176/1 1883/5182/1
f 482/5176/1 638/5177/1 1883/5182/1
f 1883/5182/1 638/5177/1 1882/5183/1
f 638/5177/1 1881/5180/1 1882/5183/1
f 1868/5184/1 1869/5185/1 3308/5170/1
f 1869/5185/1 1870/5186/1 3308/5170/1
f 1860/5181/1 1861/5187/1 482/5176/1
f 1861/5187/1 1862/5188/1 482/5176/1
f 482/5176/1 1862/5188/1 490/5189/1
f 1862/5188/1 1863/5190/1 490/5189/1
f 490/5189/1 1863/5190/1 1864/5191/1
f 1870/5186/1 1871/5192/1 3308/5170/1
f 1871/5192/1 1872/5193/1 3308/5170/1
f 3308/5170/1 1872/5193/1 473/5169/1
f 1872/5193/1 1873/5194/1 473/5169/1
f 473/5169/1 1873/5194/1 1874/5195/1
f 1874/5195/1 1875/5196/1 473/5169/1
f 1875/5196/1 1876/5197/1 473/5169/1
f 473/5169/1 1876/5197/1 1877/5198/1
f 1864/5191/1 1865/5199/1 490/5189/1
f 1865/5199/1 1866/5200/1 490/5189/1
f 490/5189/1 1866/5200/1 3308/5170/1
f 1866/5200/1 1867/5201/1 3308/5170/1
f 3308/5170/1 1867/5201/1 1868/5184/1
f 471/5084/1 473/5169/1 640/5082/1
f 473/5169/1 1877/5198/1 640/5082/1
f 640/5082/1 1877/5198/1 638/5177/1
f 1877/5198/1 1878/5202/1 638/5177/1
f 638/5177/1 1878/5202/1 1879/5178/1
f 512/5203/1 510/5204/1 630/5205/1
f 527/5206/1 525/5207/1 3309/5208/1
f 525/5207/1 523/5209/1 3309/5208/1
f 3309/5208/1 523/5209/1 521/5210/1
f 521/5210/1 519/5211/1 3309/5208/1
f 519/5211/1 517/5212/1 3309/5208/1
f 3309/5208/1 517/5212/1 515/5213/1
f 515/5213/1 512/5203/1 3309/5208/1
f 512/5203/1 630/5205/1 3309/5208/1
f 3309/5208/1 630/5205/1 3310/5214/1
f 630/5205/1 632/5215/1 3310/5214/1
f 3310/5214/1 632/5215/1 514/5216/1
f 538/5217/1 532/5218/1 628/5219/1
f 532/5218/1 529/5220/1 628/5219/1
f 514/5216/1 493/5221/1 3310/5214/1
f 493/5221/1 496/5222/1 3310/5214/1
f 3310/5214/1 496/5222/1 498/5223/1
f 498/5223/1 500/5224/1 3310/5214/1
f 500/5224/1 502/5225/1 3310/5214/1
f 3310/5214/1 502/5225/1 504/5226/1
f 504/5226/1 506/5227/1 3310/5214/1
f 506/5227/1 634/5228/1 3310/5214/1
f 3310/5214/1 634/5228/1 3308/5170/1
f 634/5228/1 636/5229/1 3308/5170/1
f 3308/5170/1 636/5229/1 490/5189/1
f 636/5229/1 488/5230/1 490/5189/1
f 487/5231/1 485/5232/1 492/5233/1
f 485/5232/1 634/5228/1 492/5233/1
f 492/5233/1 634/5228/1 508/5234/1
f 634/5228/1 506/5227/1 508/5234/1
f 543/5235/1 536/5080/1 3311/5236/1
f 536/5080/1 626/5079/1 3311/5236/1
f 3311/5236/1 626/5079/1 3309/5208/1
f 626/5079/1 628/5219/1 3309/5208/1
f 3309/5208/1 628/5219/1 527/5206/1
f 628/5219/1 529/5220/1 527/5206/1
f 3312/5237/1 622/5238/1 624/5239/1
f 549/5240/1 540/5241/1 624/5239/1
f 540/5241/1 542/5242/1 624/5239/1
f 624/5239/1 542/5242/1 3312/5237/1
f 616/5243/1 586/5244/1 584/5245/1
f 597/5246/1 591/5247/1 616/5243/1
f 591/5247/1 588/5248/1 616/5243/1
f 616/5243/1 588/5248/1 586/5244/1
f 576/5249/1 574/5250/1 3313/5251/1
f 574/5250/1 571/5252/1 3313/5251/1
f 582/5253/1 580/5254/1 3313/5251/1
f 580/5254/1 578/5255/1 3313/5251/1
f 3313/5251/1 578/5255/1 576/5249/1
f 573/5256/1 3312/5237/1 620/5257/1
f 3312/5237/1 3313/5251/1 620/5257/1
f 620/5257/1 3313/5251/1 618/5258/1
f 3313/5251/1 571/5252/1 618/5258/1
f 618/5258/1 571/5252/1 569/5259/1
f 573/5256/1 552/5260/1 3312/5237/1
f 552/5260/1 555/5261/1 3312/5237/1
f 3312/5237/1 555/5261/1 557/5262/1
f 557/5262/1 559/5263/1 3312/5237/1
f 559/5263/1 561/5264/1 3312/5237/1
f 3312/5237/1 561/5264/1 563/5265/1
f 547/5266/1 545/5267/1 551/5268/1
f 545/5267/1 622/5238/1 551/5268/1
f 551/5268/1 622/5238/1 567/5269/1
f 622/5238/1 3312/5237/1 567/5269/1
f 567/5269/1 3312/5237/1 565/5270/1
f 3312/5237/1 563/5265/1 565/5270/1
f 1930/5271/1 1931/5272/1 599/5273/1
f 1925/5274/1 616/5243/1 3313/5251/1
f 616/5243/1 584/5245/1 3313/5251/1
f 3313/5251/1 584/5245/1 582/5253/1
f 1929/5275/1 1930/5271/1 614/5276/1
f 1930/5271/1 599/5273/1 614/5276/1
f 614/5276/1 599/5273/1 593/5277/1
f 599/5273/1 595/5278/1 593/5277/1
f 1931/5272/1 1908/5279/1 599/5273/1
f 1908/5279/1 1909/5280/1 599/5273/1
f 599/5273/1 1909/5280/1 1910/5281/1
f 1918/5282/1 1919/5283/1 3314/5284/1
f 1919/5283/1 1920/5285/1 3314/5284/1
f 3314/5284/1 1920/5285/1 3313/5251/1
f 1920/5285/1 1921/5286/1 3313/5251/1
f 3313/5251/1 1921/5286/1 1922/5287/1
f 1922/5287/1 1923/5288/1 3313/5251/1
f 1923/5288/1 1924/5289/1 3313/5251/1
f 3313/5251/1 1924/5289/1 1925/5274/1
f 1925/5274/1 1926/5290/1 616/5243/1
f 1926/5290/1 1927/5291/1 616/5243/1
f 616/5243/1 1927/5291/1 614/5276/1
f 1927/5291/1 1928/5292/1 614/5276/1
f 614/5276/1 1928/5292/1 1929/5275/1
f 605/5293/1 603/5294/1 610/5295/1
f 1915/5296/1 1916/5297/1 3314/5284/1
f 1916/5297/1 1917/5298/1 3314/5284/1
f 3314/5284/1 1917/5298/1 1918/5282/1
f 605/5293/1 610/5295/1 608/5299/1
f 607/5300/1 601/5301/1 612/5302/1
f 601/5301/1 599/5273/1 612/5302/1
f 1910/5281/1 1911/5303/1 599/5273/1
f 1911/5303/1 1912/5304/1 599/5273/1
f 599/5273/1 1912/5304/1 612/5302/1
f 1912/5304/1 1913/5305/1 612/5302/1
f 612/5302/1 1913/5305/1 610/5295/1
f 1913/5305/1 1914/5306/1 610/5295/1
f 1914/5306/1 1915/5296/1 610/5295/1
f 1915/5296/1 3314/5284/1 610/5295/1
f 610/5295/1 3314/5284/1 608/5299/1
f 3314/5284/1 3315/5307/1 608/5299/1
f 608/5299/1 3315/5307/1 609/5308/1
f 721/5309/1 457/5310/1 3315/5307/1
f 457/5310/1 459/5311/1 3315/5307/1
f 3315/5307/1 459/5311/1 609/5308/1
f 459/5311/1 461/5312/1 609/5308/1
f 721/5309/1 3315/5307/1 719/5313/1
f 3315/5307/1 3314/5284/1 719/5313/1
f 719/5313/1 3314/5284/1 718/5314/1
f 3314/5284/1 3313/5251/1 718/5314/1
f 718/5314/1 3313/5251/1 716/5315/1
f 650/5316/559 648/5317/559 3316/5318/559
f 648/5317/1 456/5319/1 3316/5318/1
f 3316/5318/1 658/5320/1 656/5321/1
f 667/5322/1 665/5323/1 3317/5324/1
f 665/5323/1 662/5325/1 3317/5324/1
f 3317/5324/1 662/5325/1 3316/5318/1
f 662/5325/1 660/5326/1 3316/5318/1
f 3316/5318/1 660/5326/1 658/5320/1
f 656/5321/1 654/5327/1 3316/5318/1
f 654/5327/1 652/5328/1 3316/5318/1
f 3316/5318/1 652/5328/1 650/5316/1
f 3318/5329/1 669/5330/1 3319/5331/1
f 669/5330/1 667/5322/1 3319/5331/1
f 704/5332/1 706/5333/1 3318/5329/1
f 706/5333/1 708/5334/1 3318/5329/1
f 3318/5329/1 708/5334/1 710/5335/1
f 710/5335/1 712/5336/1 3318/5329/1
f 712/5336/1 714/5337/1 3318/5329/1
f 3318/5329/1 714/5337/1 669/5330/1
f 702/5338/1 3320/5339/1 700/5340/1
f 3320/5339/1 698/5341/1 700/5340/1
f 692/5342/1 694/5343/1 3320/5339/1
f 694/5343/1 696/5344/1 3320/5339/1
f 3320/5339/1 696/5344/1 698/5341/1
f 2264/5345/1 2263/5346/1 690/5347/1
f 690/5347/1 2263/5346/1 688/5348/1
f 2263/5346/1 2262/5349/1 688/5348/1
f 688/5348/1 2262/5349/1 686/5350/1
f 2262/5349/1 2261/5351/1 686/5350/1
f 686/5350/1 2261/5351/1 684/5352/1
f 2261/5351/1 2260/5353/1 684/5352/1
f 684/5352/1 2260/5353/1 682/5076/1
f 672/5354/1 674/5355/1 670/5356/1
f 674/5355/1 676/5357/1 670/5356/1
f 670/5356/1 676/5357/1 678/5358/1
f 370/5359/1 368/5360/1 834/5361/1
f 818/5362/1 816/5363/1 3321/5364/1
f 374/5365/1 372/5366/1 3317/5324/1
f 667/5322/1 3317/5324/1 3319/5331/1
f 3317/5324/1 372/5366/1 3319/5331/1
f 3319/5331/1 372/5366/1 670/5356/1
f 816/5363/1 370/5359/1 3321/5364/1
f 370/5359/1 834/5361/1 3321/5364/1
f 3321/5364/1 834/5361/1 3317/5324/1
f 834/5361/1 836/5367/1 3317/5324/1
f 3317/5324/1 836/5367/1 374/5365/1
f 826/5368/1 824/5369/1 3322/5370/1
f 824/5369/1 822/5371/1 3322/5370/1
f 3322/5370/1 822/5371/1 3321/5364/1
f 822/5371/1 820/5372/1 3321/5364/1
f 3321/5364/1 820/5372/1 818/5362/1
f 833/5373/1 830/5374/1 3322/5370/1
f 830/5374/1 828/5375/1 3322/5370/1
f 3322/5370/1 828/5375/1 826/5368/1
f 2974/5376/1 833/5373/1 2976/5377/1
f 833/5373/1 3322/5370/1 2976/5377/1
f 2976/5377/1 3322/5370/1 2979/5378/1
f 3322/5370/1 3323/5379/1 2979/5378/1
f 2979/5378/1 3323/5379/1 2980/5380/1
f 3323/5379/1 2981/5381/1 2980/5380/1
f 2982/5382/1 2981/5381/1 3324/5383/1
f 2981/5381/1 3323/5379/1 3324/5383/1
f 3324/5383/1 3323/5379/1 3325/5384/1
f 3323/5379/1 3302/5093/1 3325/5384/1
f 3325/5384/1 3302/5093/1 3326/5385/1
f 3302/5093/1 342/5095/1 3326/5385/1
f 3326/5385/1 342/5095/1 842/5386/1
f 802/5387/1 800/5388/1 3327/5389/1
f 800/5388/1 798/5390/1 3327/5389/1
f 3327/5389/1 798/5390/1 470/5391/1
f 3295/5063/1 787/5072/1 3296/5064/1
f 787/5072/1 789/5392/1 3296/5064/1
f 3296/5064/1 789/5392/1 791/5393/1
f 810/5394/1 808/5395/1 3328/5396/1
f 808/5395/1 806/5397/1 3328/5396/1
f 3328/5396/1 806/5397/1 3327/5389/1
f 806/5397/1 804/5398/1 3327/5389/1
f 3327/5389/1 804/5398/1 802/5387/1
f 779/5399/1 781/5400/1 3295/5063/1
f 781/5400/1 783/5401/1 3295/5063/1
f 3295/5063/1 783/5401/1 785/5071/1
f 779/5399/1 3295/5063/1 769/5402/1
f 3295/5063/1 777/5070/1 769/5402/1
f 769/5402/1 777/5070/1 771/5403/1
f 774/5404/1 775/5069/1 2418/5405/1
f 753/5406/1 751/5407/1 3321/5364/1
f 751/5407/559 750/5066/559 3321/5364/559
f 750/5066/1 772/5068/1 3321/5364/1
f 3321/5364/1 772/5068/1 3322/5370/1
f 772/5068/1 774/5404/1 3322/5370/1
f 3322/5370/1 774/5404/1 2419/5408/1
f 774/5404/1 2418/5405/1 2419/5408/1
f 3298/5075/1 2052/5409/1 3316/5318/1
f 2052/5409/1 2054/5410/1 3316/5318/1
f 2092/5411/1 2094/5412/1 3298/5075/1
f 2054/5410/1 2056/5413/1 3316/5318/1
f 2056/5413/1 2058/5414/1 3316/5318/1
f 3316/5318/1 2058/5414/1 2060/5415/1
f 2068/5416/1 2070/5417/1 3317/5324/1
f 2070/5417/1 2072/5418/1 3317/5324/1
f 759/5419/1 757/5420/1 3321/5364/1
f 757/5420/1 755/5421/1 3321/5364/1
f 3321/5364/1 755/5421/1 753/5406/1
f 2094/5412/1 2096/5422/1 3298/5075/1
f 2096/5422/1 2098/5423/1 3298/5075/1
f 3298/5075/1 2098/5423/1 2052/5409/1
f 2088/5424/1 2090/5425/1 742/5426/1
f 2060/5415/1 2062/5427/1 3316/5318/1
f 2062/5427/1 2064/5428/1 3316/5318/1
f 3316/5318/1 2064/5428/1 3317/5324/1
f 2064/5428/1 2066/5429/1 3317/5324/1
f 3317/5324/1 2066/5429/1 2068/5416/1
f 2072/5418/1 2074/5430/1 3317/5324/1
f 2074/5430/1 2076/5431/1 3317/5324/1
f 3317/5324/1 2076/5431/1 3321/5364/1
f 2076/5431/1 2078/5432/1 3321/5364/1
f 3321/5364/1 2078/5432/1 2080/5433/1
f 761/5434/1 759/5419/1 2084/5435/1
f 759/5419/1 3321/5364/1 2084/5435/1
f 2084/5435/1 3321/5364/1 2082/5436/1
f 3321/5364/1 2080/5433/1 2082/5436/1
f 2086/5437/1 765/5438/1 2084/5435/1
f 765/5438/1 763/5439/1 2084/5435/1
f 2084/5435/1 763/5439/1 761/5434/1
f 742/5426/560 2090/5425/560 741/5440/560
f 2090/5425/1 2092/5411/1 741/5440/1
f 741/5440/1 2092/5411/1 739/5441/1
f 746/5442/1 748/5443/1 744/5444/1
f 748/5443/1 765/5438/1 744/5444/1
f 744/5444/1 765/5438/1 742/5426/1
f 765/5438/1 2086/5437/1 742/5426/1
f 742/5426/1 2086/5437/1 2088/5424/1
f 3298/5075/1 729/5445/1 731/5446/1
f 729/5445/561 3298/5075/561 464/5447/561
f 3298/5075/1 724/5074/1 464/5447/1
f 464/5447/1 724/5074/1 466/5448/1
f 731/5446/1 733/5449/1 3298/5075/1
f 733/5449/1 735/5450/1 3298/5075/1
f 3298/5075/1 735/5450/1 2092/5411/1
f 735/5450/1 737/5451/1 2092/5411/1
f 2092/5411/1 737/5451/1 739/5441/1
f 2419/5408/1 2420/5452/1 3322/5370/1
f 2420/5452/1 2421/5453/1 3322/5370/1
f 3322/5370/1 2421/5453/1 2422/5454/1
f 2425/5455/1 3323/5379/1 2424/5456/1
f 3323/5379/1 3322/5370/1 2424/5456/1
f 2424/5456/1 3322/5370/1 2423/5457/1
f 3322/5370/1 2422/5454/1 2423/5457/1
f 2434/5458/1 3302/5093/1 2433/5459/1
f 3302/5093/1 2432/5460/1 2433/5459/1
f 2425/5455/1 2426/5461/1 3323/5379/1
f 2426/5461/1 2427/5462/1 3323/5379/1
f 3323/5379/1 2427/5462/1 2428/5463/1
f 2434/5458/1 2435/5464/1 3302/5093/1
f 2435/5464/1 2412/5465/1 3302/5093/1
f 3302/5093/1 2412/5465/1 3329/5466/1
f 2412/5465/1 2413/5467/1 3329/5466/1
f 3329/5466/1 2413/5467/1 2414/5468/1
f 2414/5468/1 2415/5469/1 3329/5466/1
f 2415/5469/1 2416/5470/1 3329/5466/1
f 3329/5466/1 2416/5470/1 775/5069/1
f 2416/5470/1 2417/5471/1 775/5069/1
f 775/5069/1 2417/5471/1 2418/5405/1
f 2428/5463/1 2429/5472/1 3323/5379/1
f 2429/5472/1 2430/5473/1 3323/5379/1
f 3323/5379/1 2430/5473/1 3302/5093/1
f 2430/5473/1 2431/5474/1 3302/5093/1
f 3302/5093/1 2431/5474/1 2432/5460/1
f 421/5117/1 376/5103/1 3305/5115/1
f 376/5103/1 3304/5102/1 3305/5115/1
f 3305/5115/1 3304/5102/1 2268/5475/1
f 2272/5121/1 2271/5476/1 3306/5120/1
f 2271/5476/1 2270/5477/1 3306/5120/1
f 3306/5120/1 2270/5477/1 3304/5102/1
f 2270/5477/1 2269/5478/1 3304/5102/1
f 3304/5102/1 2269/5478/1 2268/5475/1
f 2268/5475/1 2291/5479/1 3305/5115/1
f 2291/5479/1 2290/5480/1 3305/5115/1
f 3305/5115/1 2290/5480/1 3307/5148/1
f 2290/5480/1 2289/5481/1 3307/5148/1
f 3307/5148/1 2289/5481/1 2288/5146/1
f 2257/5482/1 2256/5483/1 3299/5077/1
f 2257/5482/1 3299/5077/1 2258/5484/1
f 682/5076/1 2260/5353/1 3299/5077/1
f 2260/5353/1 2259/5485/1 3299/5077/1
f 3299/5077/1 2259/5485/1 2258/5484/1
f 2266/5486/1 3320/5339/1 2267/5487/1
f 3320/5339/1 2244/5488/1 2267/5487/1
f 690/5347/1 692/5342/1 2264/5345/1
f 692/5342/1 3320/5339/1 2264/5345/1
f 2264/5345/1 3320/5339/1 2265/5489/1
f 3320/5339/1 2266/5486/1 2265/5489/1
f 678/5358/1 680/5078/1 670/5356/1
f 680/5078/1 3299/5077/1 670/5356/1
f 670/5356/1 3299/5077/1 3319/5331/1
f 3299/5077/1 2256/5483/1 3319/5331/1
f 3319/5331/1 2256/5483/1 2255/5490/1
f 702/5338/1 704/5332/1 3320/5339/1
f 704/5332/1 3318/5329/1 3320/5339/1
f 3320/5339/1 3318/5329/1 2244/5488/1
f 3318/5329/1 2245/5491/1 2244/5488/1
f 2255/5490/1 2254/5492/1 3319/5331/1
f 2254/5492/1 2253/5493/1 3319/5331/1
f 3319/5331/1 2253/5493/1 2252/5494/1
f 2248/5495/1 2247/5496/1 3318/5329/1
f 2247/5496/1 2246/5497/1 3318/5329/1
f 3318/5329/1 2246/5497/1 2245/5491/1
f 2252/5494/1 2251/5498/1 3319/5331/1
f 2251/5498/1 2250/5499/1 3319/5331/1
f 3319/5331/1 2250/5499/1 3318/5329/1
f 2250/5499/1 2249/5500/1 3318/5329/1
f 3318/5329/1 2249/5500/1 2248/5495/1
f 2008/5501/1 2010/5502/1 3328/5396/1
f 3296/5064/1 2018/5503/1 2020/5504/1
f 2048/5505/1 2050/5506/1 3330/5507/1
f 2050/5506/1 2004/5508/1 3330/5507/1
f 3330/5507/1 2004/5508/1 3328/5396/1
f 2004/5508/1 2006/5509/1 3328/5396/1
f 3328/5396/1 2006/5509/1 2008/5501/1
f 2010/5502/1 2012/5510/1 3328/5396/1
f 2012/5510/1 2014/5511/1 3328/5396/1
f 3328/5396/1 2014/5511/1 2016/5512/1
f 2040/5513/1 2042/5514/1 3330/5507/1
f 795/5515/1 797/5516/1 793/5517/1
f 797/5516/1 810/5394/1 793/5517/1
f 793/5517/1 810/5394/1 791/5393/1
f 810/5394/1 3328/5396/1 791/5393/1
f 791/5393/1 3328/5396/1 3296/5064/1
f 3328/5396/1 2016/5512/1 3296/5064/1
f 3296/5064/1 2016/5512/1 2018/5503/1
f 2042/5514/1 2044/5518/1 3330/5507/1
f 2044/5518/1 2046/5519/1 3330/5507/1
f 3330/5507/1 2046/5519/1 2048/5505/1
f 2020/5504/1 2022/5520/1 3296/5064/1
f 2022/5520/1 2024/5521/1 3296/5064/1
f 3296/5064/1 2024/5521/1 2026/5522/1
f 2028/5523/1 2030/5524/1 3301/5090/1
f 2030/5524/1 2032/5525/1 3301/5090/1
f 443/5163/1 445/5166/1 3300/5087/1
f 445/5166/1 427/5088/1 3300/5087/1
f 3300/5087/1 427/5088/1 3330/5507/1
f 427/5088/1 3301/5090/1 3330/5507/1
f 3330/5507/1 3301/5090/1 2040/5513/1
f 3301/5090/1 2038/5526/1 2040/5513/1
f 2026/5522/1 2028/5523/1 3296/5064/1
f 2028/5523/1 3301/5090/1 3296/5064/1
f 3296/5064/1 3301/5090/1 812/5105/1
f 3301/5090/1 364/5104/1 812/5105/1
f 812/5105/1 364/5104/1 362/5527/1
f 2032/5525/1 2034/5528/1 3301/5090/1
f 2034/5528/1 2036/5529/1 3301/5090/1
f 3301/5090/1 2036/5529/1 2038/5526/1
f 644/5168/1 645/5085/1 3308/5170/1
f 645/5085/1 3300/5087/1 3308/5170/1
f 3308/5170/1 3300/5087/1 3310/5214/1
f 3300/5087/1 3330/5507/1 3310/5214/1
f 3310/5214/1 3330/5507/1 3309/5208/1
f 3330/5507/1 3328/5396/1 3309/5208/1
f 3309/5208/1 3328/5396/1 3311/5236/1
f 3328/5396/1 3327/5389/1 3311/5236/1
f 3311/5236/1 3327/5389/1 727/5530/1
f 3327/5389/1 470/5391/1 727/5530/1
f 727/5530/1 470/5391/1 468/5531/1
f 775/5069/1 3295/5063/1 3329/5466/1
f 3295/5063/1 3297/5065/1 3329/5466/1
f 3329/5466/1 3297/5065/1 3302/5093/1
f 3297/5065/1 840/5092/1 3302/5093/1
f 3302/5093/1 840/5092/1 3303/5094/1
f 840/5092/1 341/5532/1 3303/5094/1
f 3303/5094/1 341/5532/1 342/5095/1
f 1885/5533/1 542/5242/1 1884/5534/1
f 542/5242/1 543/5235/1 1884/5534/1
f 1884/5534/1 543/5235/1 1907/5535/1
f 1896/5536/1 1897/5537/1 3311/5236/1
f 1885/5533/1 1886/5538/1 542/5242/1
f 1886/5538/1 1887/5539/1 542/5242/1
f 542/5242/1 1887/5539/1 1888/5540/1
f 1888/5540/1 1889/5541/1 542/5242/1
f 1889/5541/1 1890/5542/1 542/5242/1
f 542/5242/1 1890/5542/1 3312/5237/1
f 1890/5542/1 1891/5543/1 3312/5237/1
f 3312/5237/1 1891/5543/1 1892/5544/1
f 1892/5544/1 1893/5545/1 3312/5237/1
f 1893/5545/1 1894/5546/1 3312/5237/1
f 3312/5237/1 1894/5546/1 1895/5547/1
f 727/5530/1 726/5548/1 3311/5236/1
f 726/5548/1 3312/5237/1 3311/5236/1
f 3311/5236/1 3312/5237/1 1896/5536/1
f 3312/5237/1 1895/5547/1 1896/5536/1
f 1897/5537/1 1898/5549/1 3311/5236/1
f 1898/5549/1 1899/5550/1 3311/5236/1
f 3311/5236/1 1899/5550/1 1900/5551/1
f 1900/5551/1 1901/5552/1 3311/5236/1
f 1901/5552/1 1902/5553/1 3311/5236/1
f 3311/5236/1 1902/5553/1 543/5235/1
f 1902/5553/1 1903/5554/1 543/5235/1
f 543/5235/1 1903/5554/1 1904/5555/1
f 1904/5555/1 1905/5556/1 543/5235/1
f 1905/5556/1 1906/5557/1 543/5235/1
f 543/5235/1 1906/5557/1 1907/5535/1
f 726/5548/1 722/5073/1 3312/5237/1
f 722/5073/1 3298/5075/1 3312/5237/1
f 3312/5237/1 3298/5075/1 3313/5251/1
f 3298/5075/1 3316/5318/1 3313/5251/1
f 3313/5251/1 3316/5318/1 716/5315/1
f 3316/5318/1 456/5319/1 716/5315/1
f 716/5315/1 456/5319/1 454/5558/1
f 2822/5559/1 2820/5560/1 2818/5561/1
f 2805/5562/1 2803/5563/1 2801/5564/1
f 2816/5565/1 2814/5566/1 2818/5561/1
f 2814/5566/1 2813/5567/1 2818/5561/1
f 2801/5564/1 2800/5568/1 2805/5562/1
f 2800/5568/1 2809/5569/1 2805/5562/1
f 2805/5562/1 2809/5569/1 2807/5570/1
f 2827/5571/1 2826/5572/1 2797/5573/1
f 2826/5572/1 2825/5574/1 2797/5573/1
f 3331/5575/1 2792/5576/1 3332/5577/1
f 2792/5576/1 2793/5578/1 3332/5577/1
f 2795/5579/1 2792/5576/1 2797/5573/1
f 2792/5576/1 3331/5575/1 2797/5573/1
f 2797/5573/1 3331/5575/1 2827/5571/1
f 3331/5575/1 3333/5580/1 2827/5571/1
f 2827/5571/1 3333/5580/1 2835/5581/1
f 2825/5574/1 2322/5582/1 2324/5583/1
f 2306/5584/1 2813/5567/1 2304/5585/1
f 2813/5567/1 2809/5569/1 2304/5585/1
f 2304/5585/1 2809/5569/1 2302/5586/1
f 2809/5569/1 2300/5587/1 2302/5586/1
f 2324/5583/1 2326/5588/1 2825/5574/1
f 2326/5588/1 2328/5589/1 2825/5574/1
f 2825/5574/1 2328/5589/1 2797/5573/1
f 2328/5589/1 2330/5590/1 2797/5573/1
f 2797/5573/1 2330/5590/1 2332/5591/1
f 2332/5591/1 2334/5592/1 2797/5573/1
f 2334/5592/1 2336/5593/1 2797/5573/1
f 2797/5573/1 2336/5593/1 2800/5568/1
f 2336/5593/1 2338/5594/1 2800/5568/1
f 2800/5568/1 2338/5594/1 2292/5595/1
f 2292/5595/1 2294/5596/1 2800/5568/1
f 2294/5596/1 2296/5597/1 2800/5568/1
f 2800/5568/1 2296/5597/1 2809/5569/1
f 2296/5597/1 2298/5598/1 2809/5569/1
f 2809/5569/1 2298/5598/1 2300/5587/1
f 2312/5599/1 2818/5561/1 2310/5600/1
f 2818/5561/1 2813/5567/1 2310/5600/1
f 2310/5600/1 2813/5567/1 2308/5601/1
f 2813/5567/1 2306/5584/1 2308/5601/1
f 2312/5599/1 2314/5602/1 2818/5561/1
f 2314/5602/1 2316/5603/1 2818/5561/1
f 2818/5561/1 2316/5603/1 2822/5559/1
f 2316/5603/1 2318/5604/1 2822/5559/1
f 2822/5559/1 2318/5604/1 2825/5574/1
f 2318/5604/1 2320/5605/1 2825/5574/1
f 2825/5574/1 2320/5605/1 2322/5582/1
f 3334/5606/1 3335/5607/1 3336/5608/1
f 2146/5609/1 2100/5610/1 3337/5611/1
f 2517/5612/1 2519/5613/1 3338/5614/1
f 2730/5615/1 2732/5616/1 2731/5617/1
f 3158/5618/1 3155/5619/1 3339/5620/1
f 3094/5621/1 3096/5622/1 3340/5623/1
f 3037/5624/1 3341/5625/1 3035/5626/1
f 3043/5627/1 3045/5628/1 3047/5629/1
f 2983/5630/1 2984/5631/1 3342/5632/1
f 2988/5633/1 2986/5634/1 2983/5630/1
f 3008/5635/1 3010/5636/1 3343/5637/1
f 3010/5636/1 3012/5638/1 3343/5637/1
f 3343/5637/1 3012/5638/1 2996/5639/1
f 2994/5640/1 2992/5641/1 2991/5642/1
f 2983/5630/1 3342/5632/1 2988/5633/1
f 3342/5632/1 3343/5637/1 2988/5633/1
f 2988/5633/1 3343/5637/1 2991/5642/1
f 3343/5637/1 2996/5639/1 2991/5642/1
f 2991/5642/1 2996/5639/1 2994/5640/1
f 3022/5643/1 3020/5644/1 3019/5645/1
f 3024/5646/1 3022/5643/1 3344/5647/1
f 3022/5643/1 3334/5606/1 3344/5647/1
f 2997/5648/1 3000/5649/1 3335/5607/1
f 3000/5649/1 3002/5650/1 3335/5607/1
f 3002/5650/1 3004/5651/1 3335/5607/1
f 3335/5607/1 3004/5651/1 3343/5637/1
f 3004/5651/1 3006/5652/1 3343/5637/1
f 3343/5637/1 3006/5652/1 3008/5635/1
f 3022/5643/1 3019/5645/1 3334/5606/1
f 3019/5645/1 3016/5653/1 3334/5606/1
f 3334/5606/1 3016/5653/1 3335/5607/1
f 3016/5653/1 3014/5654/1 3335/5607/1
f 3335/5607/1 3014/5654/1 2997/5648/1
f 3066/5655/1 3071/5656/1 3068/5657/1
f 3071/5656/1 3070/5658/1 3068/5657/1
f 2212/5659/1 2211/5660/1 3344/5647/1
f 2211/5660/1 2210/5661/1 3344/5647/1
f 3344/5647/1 2210/5661/1 2209/5662/1
f 3066/5655/1 3064/5663/1 3071/5656/1
f 3064/5663/1 3024/5646/1 3071/5656/1
f 3071/5656/1 3024/5646/1 3061/5664/1
f 3024/5646/1 3344/5647/1 3061/5664/1
f 3061/5664/1 3344/5647/1 2208/5665/1
f 3344/5647/1 2209/5662/1 2208/5665/1
f 2219/5666/1 3341/5625/1 2196/5667/1
f 3341/5625/1 3047/5629/1 2196/5667/1
f 2196/5667/1 3047/5629/1 2197/5668/1
f 3047/5629/1 2198/5669/1 2197/5668/1
f 2208/5665/1 2207/5670/1 3061/5664/1
f 2207/5670/1 2206/5671/1 3061/5664/1
f 3061/5664/1 2206/5671/1 3059/5672/1
f 2206/5671/1 2205/5673/1 3059/5672/1
f 3059/5672/1 2205/5673/1 3057/5674/1
f 2205/5673/1 2204/5675/1 3057/5674/1
f 3057/5674/1 2204/5675/1 3055/5676/1
f 2204/5675/1 2203/5677/1 3055/5676/1
f 3055/5676/1 2203/5677/1 3053/5678/1
f 2203/5677/1 2202/5679/1 3053/5678/1
f 3053/5678/1 2202/5679/1 3051/5680/1
f 2202/5679/1 2201/5681/1 3051/5680/1
f 3051/5680/1 2201/5681/1 3049/5682/1
f 2201/5681/1 2200/5683/1 3049/5682/1
f 3049/5682/1 2200/5683/1 3047/5629/1
f 2200/5683/1 2199/5684/1 3047/5629/1
f 3047/5629/1 2199/5684/1 2198/5669/1
f 2219/5666/1 2218/5685/1 3341/5625/1
f 2218/5685/1 2217/5686/1 3341/5625/1
f 3341/5625/1 2217/5686/1 2216/5687/1
f 2216/5687/1 2215/5688/1 3341/5625/1
f 2215/5688/1 2214/5689/1 3341/5625/1
f 3341/5625/1 2214/5689/1 3344/5647/1
f 2214/5689/1 2213/5690/1 3344/5647/1
f 3344/5647/1 2213/5690/1 2212/5659/1
f 3043/5627/1 3047/5629/1 3041/5691/1
f 3341/5625/1 3037/5624/1 3047/5629/1
f 3037/5624/1 3039/5692/1 3047/5629/1
f 3047/5629/1 3039/5692/1 3041/5691/1
f 3029/5693/1 3031/5694/1 3341/5625/1
f 3031/5694/1 3033/5695/1 3341/5625/1
f 3341/5625/1 3033/5695/1 3035/5626/1
f 3340/5623/1 3081/5696/1 3083/5697/1
f 3083/5697/1 3085/5698/1 3340/5623/1
f 3085/5698/1 3087/5699/1 3340/5623/1
f 3340/5623/1 3087/5699/1 3089/5700/1
f 3075/5701/1 3073/5702/1 3077/5703/1
f 3073/5702/1 3345/5704/1 3077/5703/1
f 3077/5703/1 3345/5704/1 3093/5705/1
f 3345/5704/1 3340/5623/1 3093/5705/1
f 3093/5705/1 3340/5623/1 3091/5706/1
f 3340/5623/1 3089/5700/1 3091/5706/1
f 3081/5696/1 3340/5623/1 3078/5707/1
f 3340/5623/1 3096/5622/1 3078/5707/1
f 3078/5707/1 3096/5622/1 3098/5708/1
f 3103/5709/1 3101/5710/1 1984/5711/1
f 3115/5712/1 3113/5713/1 3346/5714/1
f 2000/5715/1 2001/5716/1 3094/5621/1
f 1988/5717/1 1989/5718/1 3346/5714/1
f 1989/5718/1 1990/5719/1 3346/5714/1
f 3346/5714/1 1990/5719/1 1991/5720/1
f 1998/5721/1 1999/5722/1 3118/5723/1
f 1999/5722/1 2000/5715/1 3118/5723/1
f 2001/5716/1 2002/5724/1 3094/5621/1
f 2002/5724/1 2003/5725/1 3094/5621/1
f 3094/5621/1 2003/5725/1 3101/5710/1
f 2003/5725/1 1980/5726/1 3101/5710/1
f 3101/5710/1 1980/5726/1 1981/5727/1
f 1981/5727/1 1982/5728/1 3101/5710/1
f 1982/5728/1 1983/5729/1 3101/5710/1
f 3101/5710/1 1983/5729/1 1984/5711/1
f 1991/5720/1 1992/5730/1 3346/5714/1
f 1992/5730/1 1993/5731/1 3346/5714/1
f 3346/5714/1 1993/5731/1 3115/5712/1
f 1993/5731/1 1994/5732/1 3115/5712/1
f 1994/5732/1 1995/5733/1 3115/5712/1
f 1995/5733/1 1996/5734/1 3115/5712/1
f 3115/5712/1 1996/5734/1 3118/5723/1
f 1996/5734/1 1997/5735/1 3118/5723/1
f 3118/5723/1 1997/5735/1 1998/5721/1
f 3347/5736/1 3276/5737/1 3285/5738/1
f 3276/5737/1 3278/5739/1 3285/5738/1
f 3105/5740/1 3275/5741/1 3107/5742/1
f 3275/5741/1 3276/5737/1 3107/5742/1
f 1986/5743/1 3107/5742/1 1985/5744/1
f 3107/5742/1 3276/5737/1 1985/5744/1
f 1985/5744/1 3276/5737/1 1984/5711/1
f 3276/5737/1 3347/5736/1 1984/5711/1
f 1984/5711/1 3347/5736/1 3103/5709/1
f 3347/5736/1 3285/5738/1 3103/5709/1
f 3103/5709/1 3285/5738/1 3102/5745/1
f 1986/5743/1 1987/5746/1 3107/5742/1
f 1987/5746/1 1988/5717/1 3107/5742/1
f 3107/5742/1 1988/5717/1 3110/5747/1
f 1988/5717/1 3346/5714/1 3110/5747/1
f 3110/5747/1 3346/5714/1 3111/5748/1
f 3271/5749/1 3111/5748/1 3273/5750/1
f 3111/5748/1 3346/5714/1 3273/5750/1
f 3273/5750/1 3346/5714/1 3269/5751/1
f 3346/5714/1 3113/5713/1 3269/5751/1
f 3134/5752/1 3131/5753/1 3348/5754/1
f 3348/5754/1 3126/5755/1 3340/5623/1
f 3126/5755/1 3123/5756/1 3340/5623/1
f 3242/5757/1 3240/5758/1 3348/5754/1
f 3240/5758/1 3238/5759/1 3348/5754/1
f 3348/5754/1 3238/5759/1 3236/5760/1
f 3127/5761/1 3126/5755/1 3233/5762/1
f 3126/5755/1 3348/5754/1 3233/5762/1
f 3233/5762/1 3348/5754/1 3234/5763/1
f 3348/5754/1 3236/5760/1 3234/5763/1
f 2000/5715/1 3094/5621/1 3118/5723/1
f 3094/5621/1 3340/5623/1 3118/5723/1
f 3118/5723/1 3340/5623/1 3261/5764/1
f 3131/5753/1 3129/5765/1 3229/5766/1
f 3255/5767/1 3340/5623/1 3253/5768/1
f 3340/5623/1 3251/5769/1 3253/5768/1
f 3255/5767/1 3257/5770/1 3340/5623/1
f 3257/5770/1 3259/5771/1 3340/5623/1
f 3340/5623/1 3259/5771/1 3261/5764/1
f 3267/5772/1 3119/5773/1 3265/5774/1
f 3119/5773/1 3118/5723/1 3265/5774/1
f 3265/5774/1 3118/5723/1 3263/5775/1
f 3118/5723/1 3261/5764/1 3263/5775/1
f 3229/5766/1 3231/5776/1 3131/5753/1
f 3231/5776/1 3246/5777/1 3131/5753/1
f 3131/5753/1 3246/5777/1 3348/5754/1
f 3246/5777/1 3244/5778/1 3348/5754/1
f 3348/5754/1 3244/5778/1 3242/5757/1
f 3123/5756/1 3121/5779/1 3340/5623/1
f 3121/5779/1 3249/5780/1 3340/5623/1
f 3340/5623/1 3249/5780/1 3251/5769/1
f 3137/5781/1 3222/5782/1 3139/5783/1
f 3222/5782/1 3221/5784/1 3139/5783/1
f 3139/5783/1 3221/5784/1 3349/5785/1
f 3191/5786/1 3189/5787/1 3339/5620/1
f 3191/5786/1 3339/5620/1 3193/5788/1
f 3150/5789/1 3147/5790/1 3350/5791/1
f 3189/5787/1 3187/5792/1 3339/5620/1
f 3187/5792/1 3185/5793/1 3339/5620/1
f 3339/5620/1 3185/5793/1 3184/5794/1
f 3202/5795/1 3204/5796/1 3350/5791/1
f 3204/5796/1 3206/5797/1 3350/5791/1
f 3350/5791/1 3206/5797/1 3208/5798/1
f 3193/5788/1 3339/5620/1 3195/5799/1
f 3339/5620/1 3155/5619/1 3195/5799/1
f 3195/5799/1 3155/5619/1 3197/5800/1
f 3147/5790/1 3145/5801/1 3350/5791/1
f 3145/5801/1 3200/5802/1 3350/5791/1
f 3350/5791/1 3200/5802/1 3202/5795/1
f 3153/5803/1 3180/5804/1 3155/5619/1
f 3180/5804/1 3182/5805/1 3155/5619/1
f 3155/5619/1 3182/5805/1 3197/5800/1
f 3208/5798/1 3210/5806/1 3350/5791/1
f 3210/5806/1 3212/5807/1 3350/5791/1
f 3350/5791/1 3212/5807/1 3142/5808/1
f 3218/5809/1 3143/5810/1 3216/5811/1
f 3143/5810/1 3142/5808/1 3216/5811/1
f 3216/5811/1 3142/5808/1 3214/5812/1
f 3142/5808/1 3212/5807/1 3214/5812/1
f 3173/5813/1 3175/5814/1 3177/5815/1
f 3172/5816/1 3167/5817/1 3170/5818/1
f 3167/5817/1 3166/5819/1 3170/5818/1
f 3170/5818/1 3166/5819/1 2524/5820/1
f 3177/5815/1 3351/5821/1 3173/5813/1
f 3351/5821/1 3163/5822/1 3173/5813/1
f 3173/5813/1 3163/5822/1 3161/5823/1
f 1940/5824/1 1941/5825/1 3351/5821/1
f 1941/5825/1 1942/5826/1 3351/5821/1
f 1933/5827/1 1934/5828/1 3352/5829/1
f 1934/5828/1 1935/5830/1 3352/5829/1
f 3352/5829/1 1935/5830/1 1936/5831/1
f 1942/5826/1 1943/5832/1 3351/5821/1
f 1943/5832/1 1944/5833/1 3351/5821/1
f 3351/5821/1 1944/5833/1 3163/5822/1
f 1944/5833/1 1945/5834/1 3163/5822/1
f 3163/5822/1 1945/5834/1 1946/5835/1
f 1936/5831/1 1937/5836/1 3352/5829/1
f 1937/5836/1 1938/5837/1 3352/5829/1
f 3352/5829/1 1938/5837/1 3351/5821/1
f 1938/5837/1 1939/5838/1 3351/5821/1
f 3351/5821/1 1939/5838/1 1940/5824/1
f 1932/5839/1 2531/5840/1 1955/5841/1
f 2531/5840/1 2524/5820/1 1955/5841/1
f 1955/5841/1 2524/5820/1 1954/5842/1
f 1946/5835/1 1947/5843/1 3163/5822/1
f 1947/5843/1 1948/5844/1 3163/5822/1
f 3163/5822/1 1948/5844/1 3166/5819/1
f 1948/5844/1 1949/5845/1 3166/5819/1
f 3166/5819/1 1949/5845/1 1950/5846/1
f 1950/5846/1 1951/5847/1 3166/5819/1
f 1951/5847/1 1952/5848/1 3166/5819/1
f 3166/5819/1 1952/5848/1 2524/5820/1
f 1952/5848/1 1953/5849/1 2524/5820/1
f 2524/5820/1 1953/5849/1 1954/5842/1
f 2524/5820/1 2526/5850/1 3170/5818/1
f 2526/5850/1 2528/5851/1 3170/5818/1
f 3170/5818/1 2528/5851/1 3168/5852/1
f 2542/5853/1 2540/5854/1 3352/5829/1
f 2540/5854/1 2538/5855/1 3352/5829/1
f 2538/5855/1 2536/5856/1 3352/5829/1
f 3352/5829/1 2536/5856/1 2535/5857/1
f 1932/5839/1 1933/5827/1 2531/5840/1
f 1933/5827/1 3352/5829/1 2531/5840/1
f 2531/5840/1 3352/5829/1 2533/5858/1
f 3352/5829/1 2535/5857/1 2533/5858/1
f 2533/5858/1 2535/5857/1 2532/5859/1
f 2555/5860/1 2553/5861/1 2550/5862/1
f 2550/5862/1 2548/5863/1 2555/5860/1
f 2548/5863/1 2546/5864/1 2555/5860/1
f 2555/5860/1 2546/5864/1 3352/5829/1
f 2546/5864/1 2544/5865/1 3352/5829/1
f 3352/5829/1 2544/5865/1 2542/5853/1
f 3177/5815/1 3159/5866/1 3351/5821/1
f 3159/5866/1 3158/5618/1 3351/5821/1
f 3351/5821/1 3158/5618/1 3352/5829/1
f 3158/5618/1 3339/5620/1 3352/5829/1
f 3352/5829/1 3339/5620/1 2555/5860/1
f 3339/5620/1 3337/5611/1 2555/5860/1
f 3353/5867/1 3354/5868/1 3355/5869/1
f 3354/5868/1 2557/5870/1 3355/5869/1
f 2594/5871/1 2596/5872/1 3354/5868/1
f 2596/5872/1 2598/5873/1 3354/5868/1
f 2598/5873/1 2600/5874/1 3354/5868/1
f 2600/5874/1 2602/5875/1 3354/5868/1
f 3354/5868/1 2602/5875/1 2557/5870/1
f 2241/5876/1 2240/5877/1 3354/5868/1
f 2237/5878/1 2594/5871/1 2238/5879/1
f 2594/5871/1 3354/5868/1 2238/5879/1
f 2238/5879/1 3354/5868/1 2239/5880/1
f 3354/5868/1 2240/5877/1 2239/5880/1
f 2224/5881/1 2572/5882/1 2225/5883/1
f 2572/5882/1 2574/5884/1 2225/5883/1
f 2225/5883/1 2574/5884/1 2226/5885/1
f 2574/5884/1 2576/5886/1 2226/5885/1
f 2226/5885/1 2576/5886/1 2227/5887/1
f 2576/5886/1 2578/5888/1 2227/5887/1
f 2227/5887/1 2578/5888/1 2228/5889/1
f 2578/5888/1 2580/5890/1 2228/5889/1
f 2228/5889/1 2580/5890/1 2229/5891/1
f 2580/5890/1 2582/5892/1 2229/5891/1
f 2229/5891/1 2582/5892/1 2230/5893/1
f 2582/5892/1 2584/5894/1 2230/5893/1
f 2230/5893/1 2584/5894/1 2231/5895/1
f 2584/5894/1 2586/5896/1 2231/5895/1
f 2231/5895/1 2586/5896/1 2232/5897/1
f 2586/5896/1 2588/5898/1 2232/5897/1
f 2232/5897/1 2588/5898/1 2233/5899/1
f 2588/5898/1 2590/5900/1 2233/5899/1
f 2233/5899/1 2590/5900/1 2234/5901/1
f 2590/5900/1 2592/5902/1 2234/5901/1
f 2234/5901/1 2592/5902/1 2235/5903/1
f 2592/5902/1 2594/5871/1 2235/5903/1
f 2235/5903/1 2594/5871/1 2236/5904/1
f 2594/5871/1 2237/5878/1 2236/5904/1
f 2224/5881/1 2223/5905/1 2572/5882/1
f 2223/5905/1 2222/5906/1 2572/5882/1
f 2572/5882/1 2222/5906/1 2570/5907/1
f 2222/5906/1 2221/5908/1 2570/5907/1
f 2221/5908/1 2220/5909/1 2570/5907/1
f 2570/5907/1 2220/5909/1 3353/5867/1
f 2220/5909/1 2243/5910/1 3353/5867/1
f 3353/5867/1 2243/5910/1 3354/5868/1
f 2243/5910/1 2242/5911/1 3354/5868/1
f 3354/5868/1 2242/5911/1 2241/5876/1
f 2558/5912/1 2560/5913/1 2562/5914/1
f 2562/5914/1 2564/5915/1 2558/5912/1
f 2564/5915/1 2566/5916/1 2558/5912/1
f 2558/5912/1 2566/5916/1 2568/5917/1
f 2609/5918/1 3355/5869/1 2612/5919/1
f 3355/5869/1 3356/5920/1 2612/5919/1
f 2712/5921/1 2710/5922/1 3356/5920/1
f 2710/5922/1 2708/5923/1 3356/5920/1
f 2613/5924/1 2612/5919/1 2705/5925/1
f 2612/5919/1 3356/5920/1 2705/5925/1
f 2705/5925/1 3356/5920/1 2706/5926/1
f 3356/5920/1 2708/5923/1 2706/5926/1
f 2609/5918/1 2607/5927/1 3355/5869/1
f 2607/5927/1 2605/5928/1 3355/5869/1
f 3355/5869/1 2605/5928/1 3353/5867/1
f 2605/5928/1 2558/5912/1 3353/5867/1
f 3353/5867/1 2558/5912/1 2570/5907/1
f 2558/5912/1 2568/5917/1 2570/5907/1
f 3357/5929/1 2730/5615/1 2727/5930/1
f 2716/5931/1 2714/5932/1 3357/5929/1
f 2725/5933/1 2723/5934/1 2727/5930/1
f 2723/5934/1 2720/5935/1 2727/5930/1
f 2727/5930/1 2720/5935/1 3357/5929/1
f 2720/5935/1 2718/5936/1 3357/5929/1
f 3357/5929/1 2718/5936/1 2716/5931/1
f 3358/5937/1 2740/5938/1 2732/5616/1
f 2362/5939/1 3342/5632/1 2361/5940/1
f 3342/5632/1 2360/5941/1 2361/5940/1
f 2347/5942/1 2348/5943/1 3359/5944/1
f 2348/5943/1 2349/5945/1 3359/5944/1
f 2355/5946/1 3358/5937/1 2354/5947/1
f 3358/5937/1 2353/5948/1 2354/5947/1
f 2362/5939/1 2363/5949/1 3342/5632/1
f 2363/5949/1 2340/5950/1 3342/5632/1
f 3342/5632/1 2340/5950/1 3343/5637/1
f 2340/5950/1 2341/5951/1 3343/5637/1
f 3343/5637/1 2341/5951/1 2342/5952/1
f 2349/5945/1 2350/5953/1 3359/5944/1
f 2350/5953/1 2351/5954/1 3359/5944/1
f 3359/5944/1 2351/5954/1 2352/5955/1
f 2730/5615/1 3357/5929/1 2732/5616/1
f 3357/5929/1 3359/5944/1 2732/5616/1
f 2732/5616/1 3359/5944/1 3358/5937/1
f 3359/5944/1 2352/5955/1 3358/5937/1
f 3358/5937/1 2352/5955/1 2353/5948/1
f 2355/5946/1 2356/5956/1 3358/5937/1
f 2356/5956/1 2357/5957/1 3358/5937/1
f 3358/5937/1 2357/5957/1 3360/5958/1
f 2357/5957/1 2358/5959/1 3360/5958/1
f 3360/5958/1 2358/5959/1 3342/5632/1
f 2358/5959/1 2359/5960/1 3342/5632/1
f 3342/5632/1 2359/5960/1 2360/5941/1
f 3291/5961/1 1976/5962/1 3289/5963/1
f 1976/5962/1 1977/5964/1 3289/5963/1
f 1956/5965/1 3288/5966/1 1979/5967/1
f 3288/5966/1 3289/5963/1 1979/5967/1
f 1979/5967/1 3289/5963/1 1978/5968/1
f 3289/5963/1 1977/5964/1 1978/5968/1
f 1962/5969/1 1963/5970/1 3361/5971/1
f 1957/5972/1 1958/5973/1 3348/5754/1
f 1958/5973/1 1959/5974/1 3348/5754/1
f 1959/5974/1 1960/5975/1 3348/5754/1
f 3348/5754/1 1960/5975/1 1961/5976/1
f 3349/5785/1 1973/5977/1 1974/5978/1
f 3135/5979/1 3134/5752/1 3361/5971/1
f 3134/5752/1 3348/5754/1 3361/5971/1
f 3361/5971/1 3348/5754/1 1962/5969/1
f 3348/5754/1 1961/5976/1 1962/5969/1
f 1963/5970/1 1964/5980/1 3361/5971/1
f 1964/5980/1 1965/5981/1 3361/5971/1
f 3361/5971/1 1965/5981/1 1966/5982/1
f 3142/5808/1 3139/5783/1 3350/5791/1
f 3139/5783/1 3349/5785/1 3350/5791/1
f 3350/5791/1 3349/5785/1 3338/5614/1
f 3349/5785/1 1974/5978/1 3338/5614/1
f 3338/5614/1 1974/5978/1 1975/5983/1
f 1966/5982/1 1967/5984/1 3361/5971/1
f 1967/5984/1 1968/5985/1 3361/5971/1
f 3361/5971/1 1968/5985/1 3349/5785/1
f 1968/5985/1 1969/5986/1 3349/5785/1
f 3349/5785/1 1969/5986/1 1970/5987/1
f 1970/5987/1 1971/5988/1 3349/5785/1
f 1971/5988/1 1972/5989/1 3349/5785/1
f 3349/5785/1 1972/5989/1 1973/5977/1
f 2440/5990/1 2438/5991/1 3348/5754/1
f 2438/5991/559 2437/5992/559 3348/5754/559
f 1956/5965/1 1957/5972/1 3288/5966/1
f 1957/5972/1 3348/5754/1 3288/5966/1
f 3288/5966/1 3348/5754/1 3286/5993/1
f 3348/5754/1 2437/5992/1 3286/5993/1
f 3286/5993/1 2437/5992/1 3280/5994/1
f 3345/5704/1 2148/5995/1 2150/5996/1
f 2446/5997/1 2444/5998/1 3348/5754/1
f 2444/5998/1 2442/5999/1 3348/5754/1
f 3348/5754/1 2442/5999/1 2440/5990/1
f 2150/5996/1 2152/6000/1 3345/5704/1
f 2152/6000/1 2154/6001/1 3345/5704/1
f 3345/5704/1 2154/6001/1 2156/6002/1
f 2164/6003/1 2166/6004/1 3340/5623/1
f 2166/6004/1 2168/6005/1 3340/5623/1
f 2184/6006/1 2186/6007/1 2475/6008/1
f 2156/6002/1 2158/6009/1 3345/5704/1
f 2158/6009/1 2160/6010/1 3345/5704/1
f 3345/5704/1 2160/6010/1 3340/5623/1
f 2160/6010/1 2162/6011/1 3340/5623/1
f 3340/5623/1 2162/6011/1 2164/6003/1
f 2168/6005/1 2170/6012/1 3340/5623/1
f 2170/6012/1 2172/6013/1 3340/5623/1
f 3340/5623/1 2172/6013/1 3348/5754/1
f 2172/6013/1 2174/6014/1 3348/5754/1
f 3348/5754/1 2174/6014/1 2176/6015/1
f 2448/6016/1 2446/5997/1 2180/6017/1
f 2446/5997/1 3348/5754/1 2180/6017/1
f 2180/6017/1 3348/5754/1 2178/6018/1
f 3348/5754/1 2176/6015/1 2178/6018/1
f 2188/6019/1 2190/6020/1 3336/5608/1
f 2190/6020/1 2192/6021/1 3336/5608/1
f 3336/5608/1 2192/6021/1 2194/6022/1
f 2182/6023/1 2453/6024/1 2180/6017/1
f 2453/6024/1 2450/6025/1 2180/6017/1
f 2180/6017/1 2450/6025/1 2448/6016/1
f 2475/6008/560 2186/6007/560 2474/6026/560
f 2186/6007/1 2188/6019/1 2474/6026/1
f 2474/6026/1 2188/6019/1 2472/6027/1
f 2456/6028/1 2454/6029/1 2458/6030/1
f 2454/6029/1 2453/6024/1 2458/6030/1
f 2458/6030/1 2453/6024/1 2475/6008/1
f 2453/6024/1 2182/6023/1 2475/6008/1
f 2475/6008/1 2182/6023/1 2184/6006/1
f 2462/6031/1 2464/6032/1 3336/5608/1
f 2462/6031/561 3336/5608/561 2459/6033/561
f 2464/6032/1 2466/6034/1 3336/5608/1
f 2466/6034/1 2468/6035/1 3336/5608/1
f 3336/5608/1 2468/6035/1 2188/6019/1
f 2468/6035/1 2470/6036/1 2188/6019/1
f 2188/6019/1 2470/6036/1 2472/6027/1
f 2480/6037/1 2459/6033/1 2478/6038/1
f 2459/6033/1 3336/5608/1 2478/6038/1
f 2478/6038/1 3336/5608/1 2476/6039/1
f 3336/5608/1 3335/5607/1 2476/6039/1
f 2476/6039/1 3335/5607/1 2483/6040/1
f 2492/6041/1 2490/6042/1 3362/6043/1
f 2490/6042/1 2488/6044/1 3362/6043/1
f 3362/6043/1 2488/6044/1 2487/6045/1
f 3338/5614/1 2519/5613/1 3350/5791/1
f 2519/5613/1 2521/6046/1 3350/5791/1
f 3350/5791/1 2521/6046/1 2523/6047/1
f 2500/6048/1 2498/6049/1 3363/6050/1
f 2498/6049/1 2496/6051/1 3363/6050/1
f 3363/6050/1 2496/6051/1 3362/6043/1
f 2496/6051/1 2494/6052/1 3362/6043/1
f 3362/6043/1 2494/6052/1 2492/6041/1
f 2508/6053/1 2511/6054/1 3338/5614/1
f 2511/6054/1 2513/6055/1 3338/5614/1
f 2513/6055/1 2515/6056/1 3338/5614/1
f 3338/5614/1 2515/6056/1 2517/5612/1
f 1975/5983/1 1976/5962/1 3338/5614/1
f 1976/5962/1 3291/5961/1 3338/5614/1
f 3338/5614/1 3291/5961/1 2508/6053/1
f 3291/5961/1 3282/6057/1 2508/6053/1
f 2485/6058/1 2483/6040/1 3364/6059/1
f 2483/6040/1 3335/5607/1 3364/6059/1
f 3364/6059/1 3335/5607/1 2346/6060/1
f 2342/5952/1 2343/6061/1 3343/5637/1
f 2343/6061/1 2344/6062/1 3343/5637/1
f 3343/5637/1 2344/6062/1 3335/5607/1
f 2344/6062/1 2345/6063/1 3335/5607/1
f 3335/5607/1 2345/6063/1 2346/6060/1
f 2104/6064/1 2106/6065/1 3363/6050/1
f 3337/5611/1 2100/5610/1 3363/6050/1
f 2100/5610/1 2102/6066/1 3363/6050/1
f 3363/6050/1 2102/6066/1 2104/6064/1
f 3350/5791/1 2114/6067/1 2116/6068/1
f 2124/6069/1 2126/6070/1 3339/5620/1
f 2106/6065/1 2108/6071/1 3363/6050/1
f 2108/6071/1 2110/6072/1 3363/6050/1
f 3363/6050/1 2110/6072/1 2112/6073/1
f 2505/6074/1 2502/6075/1 2507/6076/1
f 2502/6075/1 2500/6048/1 2507/6076/1
f 2507/6076/1 2500/6048/1 2523/6047/1
f 2500/6048/1 3363/6050/1 2523/6047/1
f 2523/6047/1 3363/6050/1 3350/5791/1
f 3363/6050/1 2112/6073/1 3350/5791/1
f 3350/5791/1 2112/6073/1 2114/6067/1
f 2116/6068/1 2118/6077/1 3350/5791/1
f 2118/6077/1 2120/6078/1 3350/5791/1
f 3350/5791/1 2120/6078/1 2122/6079/1
f 2122/6079/1 2124/6069/1 3350/5791/1
f 2124/6069/1 3339/5620/1 3350/5791/1
f 3350/5791/1 3339/5620/1 3150/5789/1
f 3339/5620/1 3184/5794/1 3150/5789/1
f 3150/5789/1 3184/5794/1 3151/6080/1
f 2126/6070/1 2128/6081/1 3339/5620/1
f 2128/6081/1 2130/6082/1 3339/5620/1
f 3339/5620/1 2130/6082/1 2132/6083/1
f 2132/6083/1 2134/6084/1 3339/5620/1
f 2134/6084/1 2136/6085/1 3339/5620/1
f 3339/5620/1 2136/6085/1 3337/5611/1
f 2136/6085/1 2138/6086/1 3337/5611/1
f 3337/5611/1 2138/6086/1 2140/6087/1
f 2140/6087/1 2142/6088/1 3337/5611/1
f 2142/6088/1 2144/6089/1 3337/5611/1
f 3337/5611/1 2144/6089/1 2146/5609/1
f 2714/5932/1 2712/5921/1 3357/5929/1
f 2712/5921/1 3356/5920/1 3357/5929/1
f 3357/5929/1 3356/5920/1 3359/5944/1
f 3356/5920/1 3364/6059/1 3359/5944/1
f 3359/5944/1 3364/6059/1 2347/5942/1
f 3364/6059/1 2346/6060/1 2347/5942/1
f 2557/5870/1 2555/5860/1 3355/5869/1
f 2555/5860/1 3337/5611/1 3355/5869/1
f 3355/5869/1 3337/5611/1 3356/5920/1
f 3337/5611/1 3363/6050/1 3356/5920/1
f 3356/5920/1 3363/6050/1 3364/6059/1
f 3363/6050/1 3362/6043/1 3364/6059/1
f 3364/6059/1 3362/6043/1 2485/6058/1
f 3362/6043/1 2487/6045/1 2485/6058/1
f 2485/6058/1 2487/6045/1 2484/6090/1
f 3221/5784/1 3220/6091/1 3349/5785/1
f 3220/6091/1 3223/6092/1 3349/5785/1
f 3349/5785/1 3223/6092/1 3361/5971/1
f 3223/6092/1 3225/6093/1 3361/5971/1
f 3361/5971/1 3225/6093/1 3135/5979/1
f 3225/6093/1 3227/6094/1 3135/5979/1
f 2194/6022/1 2148/5995/1 3336/5608/1
f 2148/5995/1 3345/5704/1 3336/5608/1
f 3336/5608/1 3345/5704/1 3334/5606/1
f 3345/5704/1 3073/5702/1 3334/5606/1
f 3334/5606/1 3073/5702/1 3344/5647/1
f 3073/5702/1 3025/6095/1 3344/5647/1
f 3344/5647/1 3025/6095/1 3341/5625/1
f 3025/6095/1 3027/6096/1 3341/5625/1
f 3341/5625/1 3027/6096/1 3029/5693/1
f 2951/4470/562 2958/4469/562 2860/6097/562
f 2958/4469/562 2982/6098/562 2860/6097/562
f 3365/6099/74 2856/6100/74 3366/6101/74
f 2856/6100/74 2858/6102/74 3366/6101/74
f 3366/6103/71 2858/6104/71 3367/6105/71
f 2869/6106/563 2901/4341/563 2907/4340/563
f 3368/6107/564 2922/6108/564 3369/6109/564
f 2922/6108/565 3294/6110/565 3369/6109/565
f 3369/6109/77 3294/6110/77 3370/6111/77
f 3294/6110/77 3292/6112/77 3370/6111/77
f 3370/6111/76 3292/6112/76 3371/6113/76
f 3292/6112/76 3293/6114/76 3371/6113/76
f 3371/6113/75 3293/6114/75 3365/6099/75
f 3293/6114/566 2624/6115/566 3365/6099/566
f 3365/6099/567 2624/6115/567 2856/6100/567
f 2624/6115/567 2623/4424/567 2856/6100/567
f 2856/6100/567 2623/4424/567 2942/4423/567
f 2907/4340/563 2922/6108/563 2869/6106/563
f 2922/6108/563 3368/6107/563 2869/6106/563
f 2869/6106/100 3368/6107/100 2867/6116/100
f 3368/6107/100 3372/6117/100 2867/6116/100
f 2867/6118/98 3372/6119/98 2865/6120/98
f 3372/6119/98 3373/6121/98 2865/6120/98
f 2756/6122/568 2749/3950/568 2741/3949/568
f 3374/6123/569 2740/6124/569 3375/6125/569
f 2740/6124/570 3358/6126/570 3375/6125/570
f 3375/6125/31 3358/6126/31 3376/6127/31
f 3358/6126/31 3360/6128/31 3376/6127/31
f 3376/6127/96 3360/6128/96 3377/6129/96
f 3360/6128/96 3342/6130/96 3377/6129/96
f 3377/6129/97 3342/6130/97 3373/6121/97
f 3342/6130/571 2984/6131/571 3373/6121/571
f 3373/6121/572 2984/6131/572 2865/6120/572
f 2984/6131/572 2883/4295/572 2865/6120/572
f 2865/6120/572 2883/4295/572 2882/4294/572
f 2741/3949/568 2740/6124/568 2756/6122/568
f 2740/6124/568 3374/6123/568 2756/6122/568
f 2756/6122/34 3374/6123/34 2852/6132/34
f 3374/6123/34 3378/6133/34 2852/6132/34
f 2852/6134/35 3378/6135/35 2769/6136/35
f 3378/6135/35 3379/6137/35 2769/6136/35
f 2851/6138/573 2844/4133/573 2836/4132/573
f 3380/6139/574 2835/6140/574 3381/6141/574
f 2835/6140/575 3333/6142/575 3381/6141/575
f 3381/6141/38 3333/6142/38 3382/6143/38
f 3333/6142/38 3331/6144/38 3382/6143/38
f 3382/6143/37 3331/6144/37 3383/6145/37
f 3331/6144/37 3332/6146/37 3383/6145/37
f 3383/6145/36 3332/6146/36 3379/6137/36
f 3332/6146/576 2793/6147/576 3379/6137/576
f 3379/6137/577 2793/6147/577 2769/6136/577
f 2793/6147/577 2783/4020/577 2769/6136/577
f 2769/6136/577 2783/4020/577 2770/4019/577
f 2836/4132/573 2835/6140/573 2851/6138/573
f 2835/6140/573 3380/6139/573 2851/6138/573
f 2851/6138/83 3380/6139/83 2853/6148/83
f 3380/6139/83 3384/6149/83 2853/6148/83
f 2853/6150/84 3384/6151/84 313/6152/84
f 3384/6151/84 3385/6153/84 313/6152/84
f 2858/6104/71 2860/6097/71 3367/6105/71
f 2860/6097/562 2982/6098/562 3367/6105/562
f 3367/6105/578 2982/6098/578 3386/6154/578
f 2982/6098/579 3324/6155/579 3386/6154/579
f 3386/6154/69 3324/6155/69 3387/6156/69
f 3324/6155/69 3325/6157/69 3387/6156/69
f 3387/6156/79 3325/6157/79 3388/6158/79
f 3325/6157/79 3326/6159/79 3388/6158/79
f 3388/6158/80 3326/6159/80 3385/6153/80
f 3326/6159/580 842/6160/580 3385/6153/580
f 3385/6153/581 842/6160/581 313/6152/581
f 842/6160/581 327/338/581 313/6152/581
f 313/6152/581 327/338/581 314/337/581
f 3389/6161/96 3390/6162/96 3391/6163/96
f 3390/6162/96 3392/6164/96 3391/6163/96
f 3391/6163/97 3392/6164/97 3393/6165/97
f 3392/6164/97 3394/6166/97 3393/6165/97
f 3393/6165/98 3394/6166/98 3395/6167/98
f 3394/6166/98 3396/6168/98 3395/6167/98
f 3395/6169/100 3396/6170/100 3397/6171/100
f 3396/6170/100 3398/6172/100 3397/6171/100
f 3397/6171/78 3398/6172/78 3399/6173/78
f 3398/6172/78 3400/6174/78 3399/6173/78
f 3399/6173/77 3400/6174/77 3401/6175/77
f 3400/6174/77 3402/6176/77 3401/6175/77
f 3401/6175/76 3402/6176/76 3403/6177/76
f 3402/6176/76 3404/6178/76 3403/6177/76
f 3403/6177/75 3404/6178/75 3405/6179/75
f 3404/6178/75 3406/6180/75 3405/6179/75
f 3405/6179/74 3406/6180/74 3407/6181/74
f 3406/6180/74 3408/6182/74 3407/6181/74
f 3407/6183/71 3408/6184/71 3409/6185/71
f 3408/6184/71 3410/6186/71 3409/6185/71
f 3409/6185/70 3410/6186/70 3411/6187/70
f 3410/6186/70 3412/6188/70 3411/6187/70
f 3411/6187/69 3412/6188/69 3413/6189/69
f 3412/6188/69 3414/6190/69 3413/6189/69
f 3413/6189/79 3414/6190/79 3415/6191/79
f 3414/6190/79 3416/6192/79 3415/6191/79
f 3415/6191/80 3416/6192/80 3417/6193/80
f 3416/6192/80 3418/6194/80 3417/6193/80
f 3417/6193/84 3418/6194/84 3419/6195/84
f 3418/6194/84 3420/6196/84 3419/6195/84
f 3419/6197/83 3420/6198/83 3421/6199/83
f 3420/6198/83 3422/6200/83 3421/6199/83
f 3421/6199/39 3422/6200/39 3423/6201/39
f 3422/6200/39 3424/6202/39 3423/6201/39
f 3423/6201/38 3424/6202/38 3425/6203/38
f 3424/6202/38 3426/6204/38 3425/6203/38
f 3425/6203/37 3426/6204/37 3427/6205/37
f 3426/6204/37 3428/6206/37 3427/6205/37
f 3427/6205/36 3428/6206/36 3429/6207/36
f 3428/6206/36 3430/6208/36 3429/6207/36
f 3429/6207/35 3430/6208/35 3431/6209/35
f 3430/6208/35 3432/6210/35 3431/6209/35
f 3431/6211/34 3432/6212/34 3433/6213/34
f 3432/6212/34 3434/6214/34 3433/6213/34
f 3433/6213/32 3434/6214/32 3435/6215/32
f 3434/6214/32 3436/6216/32 3435/6215/32
f 3435/6215/31 3436/6216/31 3389/6161/31
f 3436/6216/31 3390/6162/31 3389/6161/31
f 3437/6217/96 3438/6218/96 3439/6219/96
f 3438/6218/96 3440/6220/96 3439/6219/96
f 3439/6219/97 3440/6220/97 3441/6221/97
f 3440/6220/97 3442/6222/97 3441/6221/97
f 3441/6221/98 3442/6222/98 3443/6223/98
f 3442/6222/98 3444/6224/98 3443/6223/98
f 3443/6225/100 3444/6226/100 3445/6227/100
f 3444/6226/100 3446/6228/100 3445/6227/100
f 3445/6227/78 3446/6228/78 3447/6229/78
f 3446/6228/78 3448/6230/78 3447/6229/78
f 3447/6229/77 3448/6230/77 3449/6231/77
f 3448/6230/77 3450/6232/77 3449/6231/77
f 3449/6231/76 3450/6232/76 3451/6233/76
f 3450/6232/76 3452/6234/76 3451/6233/76
f 3451/6233/75 3452/6234/75 3453/6235/75
f 3452/6234/75 3454/6236/75 3453/6235/75
f 3453/6235/74 3454/6236/74 3455/6237/74
f 3454/6236/74 3456/6238/74 3455/6237/74
f 3455/6239/71 3456/6240/71 3457/6241/71
f 3456/6240/71 3458/6242/71 3457/6241/71
f 3457/6241/70 3458/6242/70 3459/6243/70
f 3458/6242/70 3460/6244/70 3459/6243/70
f 3459/6243/69 3460/6244/69 3461/6245/69
f 3460/6244/69 3462/6246/69 3461/6245/69
f 3461/6245/79 3462/6246/79 3463/6247/79
f 3462/6246/79 3464/6248/79 3463/6247/79
f 3463/6247/80 3464/6248/80 3465/6249/80
f 3464/6248/80 3466/6250/80 3465/6249/80
f 3465/6249/84 3466/6250/84 3467/6251/84
f 3466/6250/84 3468/6252/84 3467/6251/84
f 3467/6253/83 3468/6254/83 3469/6255/83
f 3468/6254/83 3470/6256/83 3469/6255/83
f 3469/6255/39 3470/6256/39 3471/6257/39
f 3470/6256/39 3472/6258/39 3471/6257/39
f 3471/6257/38 3472/6258/38 3473/6259/38
f 3472/6258/38 3474/6260/38 3473/6259/38
f 3473/6259/37 3474/6260/37 3475/6261/37
f 3474/6260/37 3476/6262/37 3475/6261/37
f 3475/6261/36 3476/6262/36 3477/6263/36
f 3476/6262/36 3478/6264/36 3477/6263/36
f 3477/6263/35 3478/6264/35 3479/6265/35
f 3478/6264/35 3480/6266/35 3479/6265/35
f 3479/6267/34 3480/6268/34 3481/6269/34
f 3480/6268/34 3482/6270/34 3481/6269/34
f 3481/6269/32 3482/6270/32 3483/6271/32
f 3482/6270/32 3484/6272/32 3483/6271/32
f 3483/6271/31 3484/6272/31 3437/6217/31
f 3484/6272/31 3438/6218/31 3437/6217/31
f 3485/6273/96 3486/6274/96 3487/6275/96
f 3486/6274/96 3488/6276/96 3487/6275/96
f 3487/6275/97 3488/6276/97 3489/6277/97
f 3488/6276/97 3490/6278/97 3489/6277/97
f 3489/6277/98 3490/6278/98 3491/6279/98
f 3490/6278/98 3492/6280/98 3491/6279/98
f 3491/6281/100 3492/6282/100 3493/6283/100
f 3492/6282/100 3494/6284/100 3493/6283/100
f 3493/6283/78 3494/6284/78 3495/6285/78
f 3494/6284/78 3496/6286/78 3495/6285/78
f 3495/6285/77 3496/6286/77 3497/6287/77
f 3496/6286/77 3498/6288/77 3497/6287/77
f 3497/6287/76 3498/6288/76 3499/6289/76
f 3498/6288/76 3500/6290/76 3499/6289/76
f 3499/6289/75 3500/6290/75 3501/6291/75
f 3500/6290/75 3502/6292/75 3501/6291/75
f 3501/6291/74 3502/6292/74 3503/6293/74
f 3502/6292/74 3504/6294/74 3503/6293/74
f 3503/6295/71 3504/6296/71 3505/6297/71
f 3504/6296/71 3506/6298/71 3505/6297/71
f 3505/6297/70 3506/6298/70 3507/6299/70
f 3506/6298/70 3508/6300/70 3507/6299/70
f 3507/6299/69 3508/6300/69 3509/6301/69
f 3508/6300/69 3510/6302/69 3509/6301/69
f 3509/6301/79 3510/6302/79 3511/6303/79
f 3510/6302/79 3512/6304/79 3511/6303/79
f 3511/6303/80 3512/6304/80 3513/6305/80
f 3512/6304/80 3514/6306/80 3513/6305/80
f 3513/6305/84 3514/6306/84 3515/6307/84
f 3514/6306/84 3516/6308/84 3515/6307/84
f 3515/6309/83 3516/6310/83 3517/6311/83
f 3516/6310/83 3518/6312/83 3517/6311/83
f 3517/6311/39 3518/6312/39 3519/6313/39
f 3518/6312/39 3520/6314/39 3519/6313/39
f 3519/6313/38 3520/6314/38 3521/6315/38
f 3520/6314/38 3522/6316/38 3521/6315/38
f 3521/6315/37 3522/6316/37 3523/6317/37
f 3522/6316/37 3524/6318/37 3523/6317/37
f 3523/6317/36 3524/6318/36 3525/6319/36
f 3524/6318/36 3526/6320/36 3525/6319/36
f 3525/6319/35 3526/6320/35 3527/6321/35
f 3526/6320/35 3528/6322/35 3527/6321/35
f 3527/6323/34 3528/6324/34 3529/6325/34
f 3528/6324/34 3530/6326/34 3529/6325/34
f 3529/6325/32 3530/6326/32 3531/6327/32
f 3530/6326/32 3532/6328/32 3531/6327/32
f 3531/6327/31 3532/6328/31 3485/6273/31
f 3532/6328/31 3486/6274/31 3485/6273/31
f 3533/6329/96 3534/6330/96 3535/6331/96
f 3534/6330/96 3536/6332/96 3535/6331/96
f 3535/6331/97 3536/6332/97 3537/6333/97
f 3536/6332/97 3538/6334/97 3537/6333/97
f 3537/6333/98 3538/6334/98 3539/6335/98
f 3538/6334/98 3540/6336/98 3539/6335/98
f 3539/6337/100 3540/6338/100 3541/6339/100
f 3540/6338/100 3542/6340/100 3541/6339/100
f 3541/6339/78 3542/6340/78 3543/6341/78
f 3542/6340/78 3544/6342/78 3543/6341/78
f 3543/6341/77 3544/6342/77 3545/6343/77
f 3544/6342/77 3546/6344/77 3545/6343/77
f 3545/6343/76 3546/6344/76 3547/6345/76
f 3546/6344/76 3548/6346/76 3547/6345/76
f 3547/6345/75 3548/6346/75 3549/6347/75
f 3548/6346/75 3550/6348/75 3549/6347/75
f 3549/6347/74 3550/6348/74 3551/6349/74
f 3550/6348/74 3552/6350/74 3551/6349/74
f 3551/6351/71 3552/6352/71 3553/6353/71
f 3552/6352/71 3554/6354/71 3553/6353/71
f 3553/6353/70 3554/6354/70 3555/6355/70
f 3554/6354/70 3556/6356/70 3555/6355/70
f 3555/6355/69 3556/6356/69 3557/6357/69
f 3556/6356/69 3558/6358/69 3557/6357/69
f 3557/6357/79 3558/6358/79 3559/6359/79
f 3558/6358/79 3560/6360/79 3559/6359/79
f 3559/6359/80 3560/6360/80 3561/6361/80
f 3560/6360/80 3562/6362/80 3561/6361/80
f 3561/6361/84 3562/6362/84 3563/6363/84
f 3562/6362/84 3564/6364/84 3563/6363/84
f 3563/6365/83 3564/6366/83 3565/6367/83
f 3564/6366/83 3566/6368/83 3565/6367/83
f 3565/6367/39 3566/6368/39 3567/6369/39
f 3566/6368/39 3568/6370/39 3567/6369/39
f 3567/6369/38 3568/6370/38 3569/6371/38
f 3568/6370/38 3570/6372/38 3569/6371/38
f 3569/6371/37 3570/6372/37 3571/6373/37
f 3570/6372/37 3572/6374/37 3571/6373/37
f 3571/6373/36 3572/6374/36 3573/6375/36
f 3572/6374/36 3574/6376/36 3573/6375/36
f 3573/6375/35 3574/6376/35 3575/6377/35
f 3574/6376/35 3576/6378/35 3575/6377/35
f 3575/6379/34 3576/6380/34 3577/6381/34
f 3576/6380/34 3578/6382/34 3577/6381/34
f 3577/6381/32 3578/6382/32 3579/6383/32
f 3578/6382/32 3580/6384/32 3579/6383/32
f 3579/6383/31 3580/6384/31 3533/6329/31
f 3580/6384/31 3534/6330/31 3533/6329/31
f 2339/6385/234 3581/6386/234 2293/6387/234
f 3581/6386/234 3582/6388/234 2293/6387/234
f 2293/6387/234 3582/6388/234 2295/6389/234
f 3582/6388/234 3583/6390/234 2295/6389/234
f 2295/6389/234 3583/6390/234 2297/6391/234
f 3583/6390/234 3584/6392/234 2297/6391/234
f 2297/6391/234 3584/6392/234 2299/6393/234
f 3584/6392/234 3585/6394/234 2299/6393/234
f 2299/6393/234 3585/6394/234 2301/6395/234
f 3585/6394/234 3586/6396/234 2301/6395/234
f 2301/6395/234 3586/6396/234 2303/6397/234
f 3586/6396/234 3587/6398/234 2303/6397/234
f 2303/6397/234 3587/6398/234 2305/6399/234
f 3587/6398/234 3588/6400/234 2305/6399/234
f 2305/6399/234 3588/6400/234 2307/6401/234
f 3588/6400/234 3589/6402/234 2307/6401/234
f 2307/6401/234 3589/6402/234 2309/6403/234
f 3589/6402/234 3590/6404/234 2309/6403/234
f 2309/6403/234 3590/6404/234 2311/6405/234
f 3590/6404/234 3591/6406/234 2311/6405/234
f 2311/6405/234 3591/6406/234 2313/6407/234
f 3591/6406/234 3592/6408/234 2313/6407/234
f 2313/6407/234 3592/6408/234 2315/6409/234
f 3592/6408/234 3593/6410/234 2315/6409/234
f 2315/6409/234 3593/6410/234 2317/6411/234
f 3593/6410/234 3594/6412/234 2317/6411/234
f 2317/6411/234 3594/6412/234 2319/6413/234
f 3594/6412/234 3595/6414/234 2319/6413/234
f 2319/6413/234 3595/6414/234 2321/6415/234
f 3595/6414/234 3596/6416/234 2321/6415/234
f 2321/6415/234 3596/6416/234 2323/6417/234
f 3596/6416/234 3597/6418/234 2323/6417/234
f 2323/6417/234 3597/6418/234 2325/6419/234
f 3597/6418/234 3598/6420/234 2325/6419/234
f 2325/6419/234 3598/6420/234 2327/6421/234
f 3598/6420/234 3599/6422/234 2327/6421/234
f 2327/6421/234 3599/6422/234 2329/6423/234
f 3599/6422/234 3600/6424/234 2329/6423/234
f 2329/6423/234 3600/6424/234 2331/6425/234
f 3600/6424/234 3601/6426/234 2331/6425/234
f 2331/6425/234 3601/6426/234 2333/6427/234
f 3601/6426/234 3602/6428/234 2333/6427/234
f 2333/6427/234 3602/6428/234 2335/6429/234
f 3602/6428/234 3603/6430/234 2335/6429/234
f 2335/6429/234 3603/6430/234 2337/6431/234
f 3603/6430/234 3604/6432/234 2337/6431/234
f 2337/6431/234 3604/6432/234 2339/6385/234
f 3604/6432/234 3581/6386/234 2339/6385/234
f 1845/2512/197 3605/6433/197 1847/2514/197
f 3605/6433/197 3606/6434/197 1847/2514/197
f 3607/6435/582 3606/6434/582 3608/6436/582
f 3606/6434/582 3605/6433/582 3608/6436/582
f 3606/6437/583 3607/6438/583 3609/6439/583
f 3607/6438/583 3610/6440/583 3609/6439/583
f 3611/6441/583 1859/6442/583 3612/6443/583
f 1859/6442/583 3613/6444/583 3612/6443/583
f 3612/6443/583 3613/6444/583 3614/6445/583
f 3613/6444/583 3609/6439/583 3614/6445/583
f 3614/6445/583 3609/6439/583 3615/6446/583
f 3609/6439/583 3610/6440/583 3615/6446/583
f 3616/6447/584 1858/6448/584 3611/6449/584
f 1858/6448/584 1859/6450/584 3611/6449/584
f 3611/6441/391 3617/6451/391 3616/6452/391
f 3617/6451/391 3618/6453/391 3616/6452/391
f 3618/6454/585 3619/6455/585 3620/6456/585
f 3619/6455/585 3621/6457/585 3620/6456/585
f 3619/6458/586 3618/6453/586 3622/6459/586
f 3618/6453/587 3617/6451/587 3622/6459/587
f 3623/6460/588 3619/6458/588 3624/6461/588
f 3619/6458/589 3622/6459/589 3624/6461/589
f 3625/6462/590 3626/6463/590 3627/6464/590
f 3626/6463/590 3621/6457/590 3627/6464/590
f 3627/6464/590 3621/6457/590 3623/6465/590
f 3621/6457/590 3619/6455/590 3623/6465/590
f 3628/6466/591 3629/6467/591 3630/6468/591
f 3628/6466/591 3630/6468/591 3631/6469/591
f 3630/6468/592 3632/6470/592 3631/6469/592
f 3631/6469/592 3632/6470/592 3633/6471/592
f 3632/6470/593 3634/6472/593 3633/6471/593
f 3633/6471/593 3634/6472/593 3635/6473/593
f 3634/6474/594 3636/6475/594 3635/6476/594
f 3635/6476/594 3636/6475/594 3637/6477/594
f 3636/6475/595 3638/6478/595 3637/6477/595
f 3637/6477/595 3638/6478/595 3639/6479/595
f 3638/6478/596 3627/6464/596 3639/6479/596
f 3639/6479/596 3627/6464/596 3623/6465/596
f 3640/6480/597 3628/6466/597 3631/6469/597
f 3640/6480/597 3631/6469/597 3641/6481/597
f 3631/6482/598 3633/6483/598 3641/6484/598
f 3641/6484/598 3633/6483/598 3642/6485/598
f 3633/6483/599 3635/6486/599 3642/6485/599
f 3642/6485/599 3635/6486/599 3643/6487/599
f 3635/6486/600 3637/6488/600 3643/6487/600
f 3643/6487/601 3637/6488/601 3644/6489/601
f 3637/6488/602 3639/6490/602 3644/6489/602
f 3644/6489/603 3639/6490/603 3645/6491/603
f 3639/6490/604 3623/6460/604 3645/6491/604
f 3645/6491/605 3623/6460/605 3624/6461/605
f 3646/6492/133 3647/6493/133 3648/6494/133
f 3647/6493/133 3628/6466/133 3648/6494/133
f 3648/6494/133 3628/6466/133 3640/6480/133
f 3649/6495/1 3629/6467/1 3647/6493/1
f 3629/6467/1 3628/6466/1 3647/6493/1
f 3650/6496/606 3649/6495/606 3647/6493/606
f 3651/6497/285 3652/6498/285 3653/6499/285
f 3653/6499/607 3654/6500/607 3651/6497/607
f 3654/6500/608 3655/6501/608 3651/6497/608
f 3651/6497/609 3655/6501/609 3656/6502/609
f 3657/6503/610 3658/6504/610 3659/6505/610
f 3659/6505/611 3660/6506/611 3657/6503/611
f 3660/6507/612 3661/6508/612 3657/6509/612
f 3657/6509/613 3661/6508/613 3655/6501/613
f 3661/6508/614 3662/6510/614 3655/6501/614
f 3655/6501/615 3662/6510/615 3656/6502/615
f 3663/6511/616 3664/6512/616 3665/6513/616
f 3665/6513/617 3666/6514/617 3663/6511/617
f 3666/6514/618 3667/6515/618 3663/6511/618
f 3663/6511/619 3667/6515/619 3658/6504/619
f 3667/6515/620 3668/6516/620 3658/6504/620
f 3658/6504/621 3668/6516/621 3659/6505/621
f 3669/6517/622 3670/6518/622 3671/6519/622
f 3670/6518/623 3672/6520/623 3671/6519/623
f 3671/6519/92 3672/6520/92 3664/6512/92
f 3672/6520/624 3673/6521/624 3664/6512/624
f 3664/6512/625 3673/6521/625 3665/6513/625
f 3674/6522/626 3675/6523/626 3669/6517/626
f 3675/6523/627 3676/6524/627 3669/6517/627
f 3669/6517/628 3676/6524/628 3670/6518/628
f 3677/6525/629 3678/6526/629 3674/6522/629
f 3678/6526/630 3679/6527/630 3674/6522/630
f 3674/6522/631 3679/6527/631 3675/6523/631
f 3647/6493/632 3680/6528/632 3650/6496/632
f 3680/6528/633 3681/6529/633 3650/6496/633
f 3650/6496/634 3681/6529/634 3682/6530/634
f 3681/6529/635 3683/6531/635 3682/6530/635
f 3682/6530/636 3683/6531/636 3677/6532/636
f 3683/6531/637 3684/6533/637 3677/6532/637
f 3677/6532/638 3684/6533/638 3678/6534/638
f 3685/6535/639 3652/6536/639 3686/6537/639
f 3652/6536/639 3651/6538/639 3686/6537/639
f 3686/6537/640 3651/6538/640 3687/6539/640
f 3651/6538/641 3656/6540/641 3687/6539/641
f 3656/6540/642 3662/6541/642 3687/6539/642
f 3687/6539/643 3662/6541/643 3688/6542/643
f 3662/6541/644 3661/6543/644 3688/6542/644
f 3661/6543/645 3660/6544/645 3688/6542/645
f 3688/6542/646 3660/6544/646 3689/6545/646
f 3660/6544/647 3659/6546/647 3689/6545/647
f 3659/6546/648 3668/6547/648 3689/6545/648
f 3689/6545/649 3668/6547/649 3690/6548/649
f 3668/6547/650 3667/6549/650 3690/6548/650
f 3667/6549/651 3666/6550/651 3690/6548/651
f 3690/6548/652 3666/6550/652 3691/6551/652
f 3666/6514/653 3665/6513/653 3691/6552/653
f 3665/6553/654 3673/6554/654 3691/6555/654
f 3673/6554/655 3672/6556/655 3691/6555/655
f 3691/6557/656 3672/6558/656 3692/6559/656
f 3672/6560/657 3670/6561/657 3692/6562/657
f 3670/6561/658 3676/6563/658 3692/6562/658
f 3692/6562/659 3676/6563/659 3693/6564/659
f 3676/6563/660 3675/6565/660 3693/6564/660
f 3675/6565/661 3679/6566/661 3693/6564/661
f 3693/6564/662 3679/6566/662 3694/6567/662
f 3679/6566/663 3678/6568/663 3694/6567/663
f 3678/6568/664 3684/6569/664 3694/6567/664
f 3694/6567/665 3684/6569/665 3695/6570/665
f 3647/6493/666 3646/6492/666 3680/6528/666
f 3646/6492/666 3696/6571/666 3680/6528/666
f 3680/6572/667 3696/6573/667 3681/6574/667
f 3696/6573/668 3695/6570/668 3681/6574/668
f 3681/6574/669 3695/6570/669 3683/6575/669
f 3695/6570/670 3684/6569/670 3683/6575/670
f 3697/6576/583 3652/6536/583 3698/6577/583
f 3652/6536/583 3685/6535/583 3698/6577/583
f 3699/6578/234 3653/6499/234 3697/6579/234
f 3653/6499/234 3652/6498/234 3697/6579/234
f 3699/6578/671 3697/6579/671 3700/6580/671
f 3699/6578/671 3700/6580/671 3701/6581/671
f 3700/6580/672 3702/6582/672 3701/6581/672
f 3701/6581/672 3702/6582/672 3703/6583/672
f 3702/6582/673 3704/6584/673 3703/6583/673
f 3703/6583/673 3704/6584/673 3705/6585/673
f 3704/6586/674 3706/6587/674 3705/6588/674
f 3705/6588/674 3706/6587/674 3707/6589/674
f 3706/6587/675 3708/6590/675 3707/6589/675
f 3707/6589/675 3708/6590/675 3709/6591/675
f 3708/6590/676 3710/6592/676 3709/6591/676
f 3709/6591/676 3710/6592/676 3711/6593/676
f 3710/6592/677 3712/6594/677 3711/6593/677
f 3711/6593/677 3712/6594/677 3713/6595/677
f 3712/6594/678 3714/6596/678 3713/6595/678
f 3713/6595/678 3714/6596/678 3715/6597/678
f 3716/6598/679 3714/6599/679 3712/6600/679
f 3716/6598/679 3712/6600/679 3717/6601/679
f 3712/6594/680 3710/6592/680 3717/6602/680
f 3717/6602/680 3710/6592/680 3718/6603/680
f 3710/6604/681 3708/6605/681 3718/6606/681
f 3718/6606/682 3708/6605/682 3719/6607/682
f 3708/6605/683 3706/6608/683 3719/6607/683
f 3719/6607/683 3706/6608/683 3720/6609/683
f 3706/6608/684 3704/6610/684 3720/6609/684
f 3720/6609/684 3704/6610/684 3721/6611/684
f 3704/6610/685 3702/6612/685 3721/6611/685
f 3721/6611/685 3702/6612/685 3722/6613/685
f 3702/6612/686 3700/6614/686 3722/6613/686
f 3722/6613/686 3700/6614/686 3723/6615/686
f 3700/6614/687 3697/6576/687 3723/6615/687
f 3723/6615/687 3697/6576/687 3698/6577/687
f 3724/6616/688 3725/6617/688 3726/6618/688
f 3724/6616/688 3726/6618/688 3727/6619/688
f 3726/6618/689 3728/6620/689 3727/6619/689
f 3727/6619/690 3728/6620/690 3729/6621/690
f 3728/6620/691 3730/6622/691 3729/6621/691
f 3729/6621/691 3730/6622/691 3731/6623/691
f 3730/6622/692 3714/6599/692 3731/6623/692
f 3731/6623/692 3714/6599/692 3716/6598/692
f 3732/6624/693 3733/6625/693 3734/6626/693
f 3732/6624/693 3734/6626/693 3735/6627/693
f 3734/6626/694 3736/6628/694 3735/6627/694
f 3735/6627/694 3736/6628/694 3737/6629/694
f 3736/6628/695 3738/6630/695 3737/6629/695
f 3737/6629/695 3738/6630/695 3739/6631/695
f 3738/6632/696 3740/6633/696 3739/6634/696
f 3739/6634/696 3740/6633/696 3741/6635/696
f 3740/6633/697 3742/6636/697 3741/6635/697
f 3741/6635/697 3742/6636/697 3743/6637/697
f 3742/6636/698 3744/6638/698 3743/6637/698
f 3743/6637/698 3744/6638/698 3745/6639/698
f 3744/6638/699 3746/6640/699 3745/6639/699
f 3745/6639/699 3746/6640/699 3747/6641/699
f 3746/6640/700 3748/6642/700 3747/6641/700
f 3747/6641/700 3748/6642/700 3725/6643/700
f 3749/6644/701 3732/6624/701 3735/6627/701
f 3749/6644/701 3735/6627/701 3750/6645/701
f 3735/6646/702 3737/6647/702 3750/6648/702
f 3750/6648/702 3737/6647/702 3751/6649/702
f 3737/6647/703 3739/6650/703 3751/6649/703
f 3751/6649/703 3739/6650/703 3752/6651/703
f 3739/6650/704 3741/6652/704 3752/6651/704
f 3752/6651/704 3741/6652/704 3753/6653/704
f 3741/6652/705 3743/6654/705 3753/6653/705
f 3753/6653/705 3743/6654/705 3754/6655/705
f 3743/6654/706 3745/6656/706 3754/6655/706
f 3754/6655/706 3745/6656/706 3755/6657/706
f 3745/6639/707 3747/6641/707 3755/6658/707
f 3755/6658/707 3747/6641/707 3756/6659/707
f 3747/6660/708 3725/6617/708 3756/6661/708
f 3756/6661/708 3725/6617/708 3724/6616/708
f 3749/6644/460 3757/6662/460 3732/6624/460
f 3757/6662/460 3758/6663/460 3732/6624/460
f 3732/6624/94 3758/6663/94 3733/6625/94
f 3758/6663/94 3759/6664/94 3733/6625/94
f 3760/6665/92 3761/6666/92 3762/6667/92
f 3761/6666/92 3763/6668/92 3762/6667/92
f 3764/6669/291 3760/6665/291 3762/6667/291
f 3765/6670/709 3759/6664/709 3758/6663/709
f 3762/6667/710 3766/6671/710 3764/6669/710
f 3766/6671/711 3767/6672/711 3764/6669/711
f 3764/6669/712 3767/6672/712 3768/6673/712
f 3769/6674/713 3770/6675/713 3767/6672/713
f 3770/6675/714 3771/6676/714 3767/6672/714
f 3767/6672/715 3771/6676/715 3768/6673/715
f 3772/6677/716 3773/6678/716 3774/6679/716
f 3774/6679/717 3775/6680/717 3772/6677/717
f 3775/6680/718 3776/6681/718 3772/6677/718
f 3772/6677/719 3776/6681/719 3769/6682/719
f 3776/6681/720 3777/6683/720 3769/6682/720
f 3769/6674/721 3777/6684/721 3770/6675/721
f 3778/6685/722 3779/6686/722 3780/6687/722
f 3779/6686/723 3781/6688/723 3780/6687/723
f 3780/6687/724 3781/6688/724 3773/6678/724
f 3781/6688/725 3782/6689/725 3773/6678/725
f 3773/6678/726 3782/6689/726 3774/6679/726
f 3783/6690/727 3784/6691/727 3778/6685/727
f 3784/6691/728 3785/6692/728 3778/6685/728
f 3778/6685/729 3785/6692/729 3779/6686/729
f 3786/6693/730 3787/6694/730 3783/6690/730
f 3787/6694/731 3788/6695/731 3783/6690/731
f 3783/6690/732 3788/6695/732 3784/6691/732
f 3789/6696/733 3790/6697/733 3786/6693/733
f 3790/6697/734 3791/6698/734 3786/6693/734
f 3786/6693/735 3791/6698/735 3787/6694/735
f 3758/6663/736 3792/6699/736 3765/6670/736
f 3792/6699/737 3793/6700/737 3765/6670/737
f 3765/6670/738 3793/6700/738 3794/6701/738
f 3793/6700/739 3795/6702/739 3794/6701/739
f 3794/6701/740 3795/6702/740 3789/6703/740
f 3795/6702/741 3796/6704/741 3789/6703/741
f 3789/6703/742 3796/6704/742 3790/6705/742
f 3797/6706/743 3760/6707/743 3798/6708/743
f 3760/6707/743 3764/6709/743 3798/6708/743
f 3798/6708/744 3764/6709/744 3799/6710/744
f 3764/6709/745 3768/6711/745 3799/6710/745
f 3768/6711/746 3771/6712/746 3799/6710/746
f 3799/6710/747 3771/6712/747 3800/6713/747
f 3771/6712/748 3770/6714/748 3800/6713/748
f 3770/6714/749 3777/6715/749 3800/6713/749
f 3800/6713/750 3777/6715/750 3801/6716/750
f 3777/6715/751 3776/6717/751 3801/6716/751
f 3776/6717/752 3775/6718/752 3801/6716/752
f 3801/6716/753 3775/6718/753 3802/6719/753
f 3775/6680/754 3774/6679/754 3802/6720/754
f 3774/6721/755 3782/6722/755 3802/6723/755
f 3802/6720/666 3782/6689/666 3803/6724/666
f 3782/6689/756 3781/6688/756 3803/6724/756
f 3781/6688/757 3779/6686/757 3803/6724/757
f 3779/6686/758 3785/6692/758 3803/6724/758
f 3803/6724/759 3785/6692/759 3804/6725/759
f 3785/6726/760 3784/6727/760 3804/6728/760
f 3784/6727/761 3788/6729/761 3804/6728/761
f 3804/6728/762 3788/6729/762 3805/6730/762
f 3788/6729/763 3787/6731/763 3805/6730/763
f 3787/6731/764 3791/6732/764 3805/6730/764
f 3805/6730/765 3791/6732/765 3806/6733/765
f 3791/6732/766 3790/6734/766 3806/6733/766
f 3790/6734/767 3796/6735/767 3806/6733/767
f 3806/6733/768 3796/6735/768 3807/6736/768
f 3758/6663/769 3757/6662/769 3792/6699/769
f 3757/6662/769 3808/6737/769 3792/6699/769
f 3792/6738/770 3808/6739/770 3793/6740/770
f 3808/6739/771 3807/6736/771 3793/6740/771
f 3793/6740/772 3807/6736/772 3795/6741/772
f 3807/6736/773 3796/6735/773 3795/6741/773
f 3761/6742/391 3760/6707/391 3809/6743/391
f 3760/6707/391 3797/6706/391 3809/6743/391
f 3810/6744/774 3811/6745/774 3812/6746/774
f 3811/6745/774 3813/6747/774 3812/6746/774
f 3811/6745/775 3810/6744/775 3814/6748/775
f 3810/6744/775 3815/6749/775 3814/6748/775
f 3816/6750/776 3815/6751/776 3817/6752/776
f 3815/6751/776 3810/6753/776 3817/6752/776
f 3818/6754/777 3819/6755/777 3820/6756/777
f 3817/6757/777 3810/6744/777 3820/6756/777
f 3810/6744/777 3812/6746/777 3820/6756/777
f 3820/6756/777 3812/6746/777 3818/6754/777
f 3821/6758/778 3822/6759/778 3823/6760/778
f 3821/6758/778 3823/6760/778 3824/6761/778
f 3823/6760/779 3825/6762/779 3824/6761/779
f 3824/6761/779 3825/6762/779 3826/6763/779
f 3825/6762/780 3827/6764/780 3826/6763/780
f 3826/6763/780 3827/6764/780 3828/6765/780
f 3827/6766/781 3829/6767/781 3828/6768/781
f 3828/6768/781 3829/6767/781 3830/6769/781
f 3829/6767/782 3831/6770/782 3830/6769/782
f 3830/6769/782 3831/6770/782 3832/6771/782
f 3831/6770/783 3817/6757/783 3832/6771/783
f 3832/6771/783 3817/6757/783 3820/6756/783
f 3816/6750/784 3817/6752/784 3831/6772/784
f 3816/6750/784 3831/6772/784 3833/6773/784
f 3831/6772/785 3829/6774/785 3833/6773/785
f 3833/6773/786 3829/6774/786 3834/6775/786
f 3829/6774/787 3827/6776/787 3834/6775/787
f 3834/6775/788 3827/6776/788 3835/6777/788
f 3827/6776/789 3825/6778/789 3835/6777/789
f 3835/6777/789 3825/6778/789 3836/6779/789
f 3825/6778/790 3823/6780/790 3836/6779/790
f 3836/6779/791 3823/6780/791 3837/6781/791
f 3823/6760/792 3822/6759/792 3837/6782/792
f 3837/6782/792 3822/6759/792 3838/6783/792
f 3839/6784/133 3840/6785/133 3822/6759/133
f 3840/6785/133 3841/6786/133 3822/6759/133
f 3822/6759/133 3841/6786/133 3838/6783/133
f 3821/6758/1 3842/6787/1 3822/6759/1
f 3842/6787/1 3839/6784/1 3822/6759/1
f 3843/6788/793 3844/6789/793 3845/6790/793
f 3846/6791/273 3839/6784/273 3842/6787/273
f 3842/6787/794 3847/6792/794 3846/6791/794
f 3847/6792/795 3848/6793/795 3846/6791/795
f 3846/6791/796 3848/6793/796 3849/6794/796
f 3850/6795/797 3851/6796/797 3848/6793/797
f 3851/6796/798 3852/6797/798 3848/6793/798
f 3848/6793/799 3852/6797/799 3849/6794/799
f 3853/6798/800 3854/6799/800 3855/6800/800
f 3855/6800/801 3856/6801/801 3853/6798/801
f 3856/6801/802 3857/6802/802 3853/6798/802
f 3853/6798/803 3857/6802/803 3850/6803/803
f 3857/6802/804 3858/6804/804 3850/6803/804
f 3850/6795/805 3858/6805/805 3851/6796/805
f 3859/6806/806 3860/6807/806 3861/6808/806
f 3860/6807/807 3862/6809/807 3861/6808/807
f 3861/6808/808 3862/6809/808 3854/6799/808
f 3862/6809/809 3863/6810/809 3854/6799/809
f 3854/6799/810 3863/6810/810 3855/6800/810
f 3864/6811/811 3865/6812/811 3859/6806/811
f 3865/6812/812 3866/6813/812 3859/6806/812
f 3859/6806/813 3866/6813/813 3860/6807/813
f 3867/6814/814 3868/6815/814 3864/6811/814
f 3868/6815/815 3869/6816/815 3864/6811/815
f 3864/6811/816 3869/6816/816 3865/6812/816
f 3870/6817/817 3871/6818/817 3867/6814/817
f 3871/6818/818 3872/6819/818 3867/6814/818
f 3867/6814/819 3872/6819/819 3868/6815/819
f 3845/6790/820 3873/6820/820 3843/6788/820
f 3873/6820/821 3874/6821/821 3843/6788/821
f 3843/6788/822 3874/6821/822 3875/6822/822
f 3874/6821/823 3876/6823/823 3875/6822/823
f 3875/6822/824 3876/6823/824 3870/6824/824
f 3876/6823/825 3877/6825/825 3870/6824/825
f 3870/6824/826 3877/6825/826 3871/6826/826
f 3840/6785/827 3839/6784/827 3878/6827/827
f 3839/6784/827 3846/6791/827 3878/6827/827
f 3878/6828/828 3846/6829/828 3879/6830/828
f 3846/6829/829 3849/6831/829 3879/6830/829
f 3849/6831/830 3852/6832/830 3879/6830/830
f 3879/6830/831 3852/6832/831 3880/6833/831
f 3852/6832/832 3851/6834/832 3880/6833/832
f 3851/6834/833 3858/6835/833 3880/6833/833
f 3880/6833/834 3858/6835/834 3881/6836/834
f 3858/6835/835 3857/6837/835 3881/6836/835
f 3857/6837/836 3856/6838/836 3881/6836/836
f 3881/6836/837 3856/6838/837 3882/6839/837
f 3856/6801/838 3855/6800/838 3882/6840/838
f 3855/6841/839 3863/6842/839 3882/6843/839
f 3882/6840/769 3863/6810/769 3883/6844/769
f 3863/6810/840 3862/6809/840 3883/6844/840
f 3862/6809/841 3860/6807/841 3883/6844/841
f 3860/6807/842 3866/6813/842 3883/6844/842
f 3883/6844/843 3866/6813/843 3884/6845/843
f 3866/6846/844 3865/6847/844 3884/6848/844
f 3865/6847/845 3869/6849/845 3884/6848/845
f 3884/6848/846 3869/6849/846 3885/6850/846
f 3869/6849/847 3868/6851/847 3885/6850/847
f 3868/6851/848 3872/6852/848 3885/6850/848
f 3885/6850/849 3872/6852/849 3886/6853/849
f 3872/6852/850 3871/6854/850 3886/6853/850
f 3871/6854/851 3877/6855/851 3886/6853/851
f 3886/6853/852 3877/6855/852 3887/6856/852
f 3845/6857/853 3888/6858/853 3873/6859/853
f 3888/6858/853 3889/6860/853 3873/6859/853
f 3873/6859/854 3889/6860/854 3874/6861/854
f 3889/6860/855 3887/6856/855 3874/6861/855
f 3874/6861/856 3887/6856/856 3876/6862/856
f 3887/6856/857 3877/6855/857 3876/6862/857
f 3890/6863/583 3888/6858/583 3891/6864/583
f 3888/6858/583 3845/6857/583 3891/6864/583
f 3844/6789/234 3892/6865/234 3845/6790/234
f 3892/6865/234 3891/6866/234 3845/6790/234
f 3891/6866/858 3892/6865/858 3893/6867/858
f 3891/6866/858 3893/6867/858 3894/6868/858
f 3893/6867/859 3895/6869/859 3894/6868/859
f 3894/6868/859 3895/6869/859 3896/6870/859
f 3895/6869/860 3897/6871/860 3896/6870/860
f 3896/6870/860 3897/6871/860 3898/6872/860
f 3897/6873/861 3899/6874/861 3898/6875/861
f 3898/6875/861 3899/6874/861 3900/6876/861
f 3899/6874/862 3901/6877/862 3900/6876/862
f 3900/6876/862 3901/6877/862 3902/6878/862
f 3901/6877/863 3903/6879/863 3902/6878/863
f 3902/6878/863 3903/6879/863 3904/6880/863
f 3903/6879/864 3905/6881/864 3904/6880/864
f 3904/6880/864 3905/6881/864 3906/6882/864
f 3905/6881/865 3907/6883/865 3906/6882/865
f 3906/6882/865 3907/6883/865 3908/6884/865
f 3890/6863/866 3891/6864/866 3894/6885/866
f 3890/6863/866 3894/6885/866 3909/6886/866
f 3894/6885/867 3896/6887/867 3909/6886/867
f 3909/6886/867 3896/6887/867 3910/6888/867
f 3896/6887/868 3898/6889/868 3910/6888/868
f 3910/6888/868 3898/6889/868 3911/6890/868
f 3898/6889/869 3900/6891/869 3911/6890/869
f 3911/6890/869 3900/6891/869 3912/6892/869
f 3900/6891/870 3902/6893/870 3912/6892/870
f 3912/6892/870 3902/6893/870 3913/6894/870
f 3902/6893/871 3904/6895/871 3913/6894/871
f 3913/6894/871 3904/6895/871 3914/6896/871
f 3904/6880/872 3906/6882/872 3914/6897/872
f 3914/6897/872 3906/6882/872 3915/6898/872
f 3906/6899/873 3908/6900/873 3915/6901/873
f 3915/6901/873 3908/6900/873 3916/6902/873
f 3916/6902/874 3908/6900/874 3917/6903/874
f 3916/6902/874 3917/6903/874 3918/6904/874
f 3917/6903/875 3919/6905/875 3918/6904/875
f 3918/6904/875 3919/6905/875 3920/6906/875
f 3919/6905/876 3921/6907/876 3920/6906/876
f 3920/6906/876 3921/6907/876 3922/6908/876
f 3921/6907/877 3923/6909/877 3922/6908/877
f 3922/6908/877 3923/6909/877 3924/6910/877
f 3924/6910/878 3923/6909/878 3925/6911/878
f 3924/6910/878 3925/6911/878 3926/6912/878
f 3925/6913/879 3927/6914/879 3926/6915/879
f 3926/6915/879 3927/6914/879 3928/6916/879
f 3927/6917/880 3929/6918/880 3928/6919/880
f 3928/6919/880 3929/6918/880 3930/6920/880
f 3929/6918/881 3931/6921/881 3930/6920/881
f 3930/6920/881 3931/6921/881 3932/6922/881
f 3931/6921/882 3933/6923/882 3932/6922/882
f 3932/6922/882 3933/6923/882 3934/6924/882
f 3933/6923/883 3935/6925/883 3934/6924/883
f 3934/6924/883 3935/6925/883 3936/6926/883
f 3935/6925/884 3937/6927/884 3936/6926/884
f 3936/6926/884 3937/6927/884 3938/6928/884
f 3937/6927/885 3761/6742/885 3938/6928/885
f 3938/6928/885 3761/6742/885 3809/6743/885
f 3763/6668/886 3761/6666/886 3937/6929/886
f 3763/6668/886 3937/6929/886 3939/6930/886
f 3937/6929/887 3935/6931/887 3939/6930/887
f 3939/6930/887 3935/6931/887 3940/6932/887
f 3935/6931/888 3933/6933/888 3940/6932/888
f 3940/6932/888 3933/6933/888 3941/6934/888
f 3933/6935/889 3931/6936/889 3941/6937/889
f 3941/6937/889 3931/6936/889 3942/6938/889
f 3931/6936/890 3929/6939/890 3942/6938/890
f 3942/6938/890 3929/6939/890 3943/6940/890
f 3929/6939/891 3927/6914/891 3943/6940/891
f 3943/6940/891 3927/6914/891 3944/6941/891
f 3927/6914/892 3925/6913/892 3944/6941/892
f 3944/6941/892 3925/6913/892 3945/6942/892
f 3925/6913/893 3923/6943/893 3945/6942/893
f 3945/6942/893 3923/6943/893 3946/6944/893
f 3715/6597/894 3714/6596/894 3730/6945/894
f 3946/6944/895 3923/6943/895 3921/6946/895
f 3947/6947/896 3946/6944/896 3948/6948/896
f 3949/6949/897 3950/6950/897 3951/6951/897
f 3950/6950/1 3952/6952/1 3951/6951/1
f 3951/6951/1 3952/6952/1 3953/6953/1
f 3952/6952/898 3947/6947/898 3953/6953/898
f 3953/6953/898 3947/6947/898 3954/6954/898
f 3947/6947/899 3948/6948/899 3954/6954/899
f 3955/6955/900 3748/6642/900 3949/6949/900
f 3748/6642/901 3956/6956/901 3949/6949/901
f 3949/6949/897 3956/6956/897 3950/6950/897
f 3626/6463/902 3625/6462/902 3957/6957/902
f 3625/6462/903 3715/6597/903 3957/6957/903
f 3917/6958/904 3908/6884/904 3907/6883/904
f 3946/6944/895 3921/6946/895 3948/6948/895
f 3921/6946/905 3919/6959/905 3948/6948/905
f 3948/6948/905 3919/6959/905 3958/6960/905
f 3919/6961/906 3917/6958/906 3958/6962/906
f 3958/6962/906 3917/6958/906 3959/6963/906
f 3917/6958/904 3907/6883/904 3959/6963/904
f 3959/6963/907 3907/6883/907 3960/6964/907
f 3907/6883/908 3819/6755/908 3960/6964/908
f 3960/6964/909 3819/6755/909 3818/6754/909
f 3715/6597/894 3730/6945/894 3957/6957/894
f 3730/6945/910 3728/6965/910 3957/6957/910
f 3957/6957/910 3728/6965/910 3961/6966/910
f 3728/6967/911 3726/6968/911 3961/6969/911
f 3961/6969/911 3726/6968/911 3955/6955/911
f 3726/6968/912 3725/6643/912 3955/6955/912
f 3955/6955/912 3725/6643/912 3748/6642/912
f 3962/6970/40 3736/6971/40 3734/6972/40
f 3950/6973/40 3744/6974/40 3742/6975/40
f 3963/6976/40 3964/6977/40 3952/6978/40
f 3964/6977/40 3965/6979/40 3952/6978/40
f 3952/6978/40 3965/6979/40 3966/6980/40
f 3946/6981/40 3947/6982/40 3945/6983/40
f 3947/6982/40 3952/6978/40 3945/6983/40
f 3962/6970/40 3734/6972/40 3967/6984/40
f 3734/6972/40 3733/6985/40 3967/6984/40
f 3967/6984/40 3733/6985/40 3968/6986/40
f 3733/6985/40 3759/6987/40 3968/6986/40
f 3968/6986/40 3759/6987/40 3969/6988/40
f 3759/6987/40 3765/6989/40 3969/6988/40
f 3969/6988/40 3765/6989/40 3970/6990/40
f 3765/6989/40 3794/6991/40 3970/6990/40
f 3970/6990/40 3794/6991/40 3971/6992/40
f 3794/6991/40 3789/6993/40 3971/6992/40
f 3971/6992/40 3789/6993/40 3972/6994/40
f 3789/6993/40 3786/6995/40 3972/6994/40
f 3972/6994/40 3786/6995/40 3973/6996/40
f 3786/6995/40 3783/6997/40 3973/6996/40
f 3973/6996/40 3783/6997/40 3974/6998/40
f 3744/6974/40 3950/6973/40 3746/6999/40
f 3950/6973/40 3956/7000/40 3746/6999/40
f 3746/6999/40 3956/7000/40 3748/7001/40
f 3963/6976/40 3952/6978/40 3975/7002/40
f 3952/6978/40 3950/6973/40 3975/7002/40
f 3975/7002/40 3950/6973/40 3976/7003/40
f 3950/6973/40 3742/6975/40 3976/7003/40
f 3976/7003/40 3742/6975/40 3977/7004/40
f 3742/6975/40 3740/7005/40 3977/7004/40
f 3977/7004/40 3740/7005/40 3962/6970/40
f 3740/7005/40 3738/7006/40 3962/6970/40
f 3962/6970/40 3738/7006/40 3736/6971/40
f 3940/7007/40 3941/7008/40 3978/7009/40
f 3941/7008/40 3942/7010/40 3978/7009/40
f 3978/7009/40 3942/7010/40 3966/6980/40
f 3942/7010/40 3943/7011/40 3966/6980/40
f 3966/6980/40 3943/7011/40 3952/6978/40
f 3943/7011/40 3944/7012/40 3952/6978/40
f 3952/6978/40 3944/7012/40 3945/6983/40
f 3783/6997/40 3778/7013/40 3974/6998/40
f 3778/7013/40 3780/7014/40 3974/6998/40
f 3974/6998/40 3780/7014/40 3979/7015/40
f 3780/7014/40 3773/7016/40 3979/7015/40
f 3979/7015/40 3773/7016/40 3980/7017/40
f 3773/7016/40 3772/7018/40 3980/7017/40
f 3980/7017/40 3772/7018/40 3981/7019/40
f 3772/7018/40 3769/7020/40 3981/7019/40
f 3981/7019/40 3769/7020/40 3982/7021/40
f 3769/7020/40 3767/7022/40 3982/7021/40
f 3982/7021/40 3767/7022/40 3983/7023/40
f 3767/7022/40 3766/7024/40 3983/7023/40
f 3983/7023/40 3766/7024/40 3984/7025/40
f 3766/7024/40 3762/7026/40 3984/7025/40
f 3984/7025/40 3762/7026/40 3985/7027/40
f 3762/7026/40 3763/7028/40 3985/7027/40
f 3985/7027/40 3763/7028/40 3978/7009/40
f 3763/7028/40 3939/7029/40 3978/7009/40
f 3978/7009/40 3939/7029/40 3940/7007/40
f 3984/7030/291 3986/7031/291 3983/7032/291
f 3986/7031/291 3987/7033/291 3983/7032/291
f 3983/7032/292 3987/7033/292 3982/7034/292
f 3987/7033/292 3988/7035/292 3982/7034/292
f 3982/7034/293 3988/7035/293 3981/7036/293
f 3988/7035/293 3989/7037/293 3981/7036/293
f 3981/7038/294 3989/7039/294 3980/7040/294
f 3989/7039/294 3990/7041/294 3980/7040/294
f 3980/7040/295 3990/7041/295 3979/7042/295
f 3990/7041/295 3991/7043/295 3979/7042/295
f 3979/7042/296 3991/7043/296 3974/7044/296
f 3991/7043/296 3992/7045/296 3974/7044/296
f 3974/7044/273 3992/7045/273 3973/7046/273
f 3992/7045/273 3993/7047/273 3973/7046/273
f 3973/7046/274 3993/7047/274 3972/7048/274
f 3993/7047/274 3994/7049/274 3972/7048/274
f 3972/7048/275 3994/7049/275 3971/7050/275
f 3994/7049/275 3995/7051/275 3971/7050/275
f 3971/7052/276 3995/7053/276 3970/7054/276
f 3995/7053/276 3996/7055/276 3970/7054/276
f 3970/7054/277 3996/7055/277 3969/7056/277
f 3996/7055/277 3997/7057/277 3969/7056/277
f 3969/7056/278 3997/7057/278 3968/7058/278
f 3997/7057/278 3998/7059/278 3968/7058/278
f 3968/7058/279 3998/7059/279 3967/7060/279
f 3998/7059/279 3999/7061/279 3967/7060/279
f 3967/7060/280 3999/7061/280 3962/7062/280
f 3999/7061/280 4000/7063/280 3962/7062/280
f 3962/7062/281 4000/7063/281 3977/7064/281
f 4000/7063/281 4001/7065/281 3977/7064/281
f 3977/7066/282 4001/7067/282 3976/7068/282
f 4001/7067/282 4002/7069/282 3976/7068/282
f 3976/7068/283 4002/7069/283 3975/7070/283
f 4002/7069/283 4003/7071/283 3975/7070/283
f 3975/7070/284 4003/7071/284 3963/7072/284
f 4003/7071/284 4004/7073/284 3963/7072/284
f 3963/7072/285 4004/7073/285 3964/7074/285
f 4004/7073/285 4005/7075/285 3964/7074/285
f 3964/7074/286 4005/7075/286 3965/7076/286
f 4005/7075/286 4006/7077/286 3965/7076/286
f 3965/7076/287 4006/7077/287 3966/7078/287
f 4006/7077/287 4007/7079/287 3966/7078/287
f 3966/7080/288 4007/7081/288 3978/7082/288
f 4007/7081/288 4008/7083/288 3978/7082/288
f 3978/7082/289 4008/7083/289 3985/7084/289
f 4008/7083/289 4009/7085/289 3985/7084/289
f 3985/7084/290 4009/7085/290 3984/7030/290
f 4009/7085/290 3986/7031/290 3984/7030/290
f 3813/7086/67 873/7087/67 874/7088/67
f 856/7089/67 875/7090/67 858/7091/67
f 875/7090/67 876/7092/67 858/7091/67
f 4010/7093/67 4011/7094/67 858/7091/67
f 876/7092/67 4012/7095/67 4013/7096/67
f 876/7092/67 4013/7096/67 858/7091/67
f 4013/7096/67 4014/7097/67 858/7091/67
f 858/7091/67 4014/7097/67 4010/7093/67
f 961/7098/67 964/7099/67 963/7100/67
f 964/7099/67 965/7101/67 963/7100/67
f 1843/7102/67 1841/7103/67 3812/7104/67
f 1833/7105/67 3818/7106/67 1835/7107/67
f 3818/7106/67 3812/7104/67 1835/7107/67
f 4011/7094/67 4015/7108/67 858/7091/67
f 4015/7108/67 4016/7109/67 858/7091/67
f 858/7091/67 4016/7109/67 874/7088/67
f 4016/7109/67 4017/7110/67 874/7088/67
f 874/7088/67 4017/7110/67 3813/7086/67
f 4017/7110/67 4018/7111/67 3813/7086/67
f 3813/7086/67 4018/7111/67 3812/7104/67
f 4018/7111/67 4019/7112/67 3812/7104/67
f 1801/7113/67 1799/7114/67 4019/7112/67
f 1841/7103/67 1839/7115/67 3812/7104/67
f 1839/7115/67 1837/7116/67 3812/7104/67
f 3812/7104/67 1837/7116/67 1835/7107/67
f 1833/7105/67 1831/7117/67 3818/7106/67
f 1831/7117/67 1829/7118/67 3818/7106/67
f 3818/7106/67 1829/7118/67 3960/7119/67
f 1829/7118/67 1827/7120/67 3960/7119/67
f 1827/7120/67 1825/7121/67 3960/7119/67
f 3960/7119/67 1825/7121/67 1823/7122/67
f 4019/7112/67 1799/7114/67 3812/7104/67
f 1799/7114/67 1797/7123/67 3812/7104/67
f 3812/7104/67 1797/7123/67 1843/7102/67
f 1726/7124/67 1815/7125/67 1813/7126/67
f 1821/7127/67 1819/7128/67 1726/7124/67
f 1819/7128/67 1817/7129/67 1726/7124/67
f 1726/7124/67 1817/7129/67 1815/7125/67
f 1738/7130/67 1736/7131/67 1807/7132/67
f 1736/7131/67 1734/7133/67 1807/7132/67
f 1807/7132/67 1734/7133/67 1809/7134/67
f 1734/7133/67 1732/7135/67 1809/7134/67
f 1809/7134/67 1732/7135/67 1811/7136/67
f 1732/7135/67 1730/7137/67 1811/7136/67
f 1811/7136/67 1730/7137/67 1813/7126/67
f 1730/7137/67 1728/7138/67 1813/7126/67
f 1813/7126/67 1728/7138/67 1726/7124/67
f 1738/7130/67 1807/7132/67 1740/7139/67
f 1807/7132/67 1805/7140/67 1740/7139/67
f 1740/7139/67 1805/7140/67 1803/7141/67
f 4020/7142/67 4021/7143/67 4022/7144/67
f 4021/7143/67 1699/7145/67 4022/7144/67
f 4022/7144/67 1699/7145/67 4023/7146/67
f 1699/7145/67 4024/7147/67 4023/7146/67
f 876/7092/67 4025/7148/67 4012/7095/67
f 4025/7148/67 963/7100/67 4012/7095/67
f 4012/7095/913 963/7100/913 4026/7149/913
f 963/7100/67 965/7101/67 4026/7149/67
f 4026/7149/67 965/7101/67 4020/7142/67
f 965/7101/67 4027/7150/67 4020/7142/67
f 4020/7142/67 4027/7150/67 4021/7143/67
f 4019/7112/67 4028/7151/67 1801/7113/67
f 4028/7151/67 4029/7152/67 1801/7113/67
f 1801/7113/67 4029/7152/67 1803/7141/67
f 4029/7152/67 4030/7153/67 1803/7141/67
f 1803/7141/67 4030/7153/67 1740/7139/67
f 4030/7153/67 4031/7154/67 1740/7139/67
f 1740/7139/67 4031/7154/67 1742/7155/67
f 4031/7154/67 4032/7156/67 1742/7155/67
f 1742/7155/67 4032/7156/67 1744/7157/67
f 4032/7156/67 4033/7158/67 1744/7157/67
f 1744/7157/67 4033/7158/67 1746/7159/67
f 4033/7158/67 4034/7160/67 1746/7159/67
f 1746/7159/67 4034/7160/67 1747/7161/67
f 4034/7160/67 4035/7162/67 1747/7161/67
f 1747/7161/67 4035/7162/67 1699/7145/67
f 4035/7162/67 4036/7163/67 1699/7145/67
f 1699/7145/67 4036/7163/67 4024/7147/67
f 4005/7164/67 4004/7165/67 3953/7166/67
f 4000/7167/67 3999/7168/67 3949/7169/67
f 3953/7166/67 4004/7165/67 3951/7170/67
f 1713/7171/67 3995/7172/67 3994/7173/67
f 3954/7174/67 4007/7175/67 3953/7166/67
f 4007/7175/67 4006/7176/67 3953/7166/67
f 3953/7166/67 4006/7176/67 4005/7164/67
f 4004/7165/67 4003/7177/67 3951/7170/67
f 4003/7177/67 4002/7178/67 3951/7170/67
f 3951/7170/67 4002/7178/67 3949/7169/67
f 4002/7178/67 4001/7179/67 3949/7169/67
f 3949/7169/67 4001/7179/67 4000/7167/67
f 3987/7180/67 3986/7181/67 3948/7182/67
f 3986/7181/67 4009/7183/67 3948/7182/67
f 3948/7182/67 4009/7183/67 3954/7174/67
f 4009/7183/67 4008/7184/67 3954/7174/67
f 3954/7174/67 4008/7184/67 4007/7175/67
f 3999/7168/67 3998/7185/67 3949/7169/67
f 3998/7185/67 3997/7186/67 3949/7169/67
f 3949/7169/67 3997/7186/67 1713/7171/67
f 3997/7186/67 3996/7187/67 1713/7171/67
f 1713/7171/67 3996/7187/67 3995/7172/67
f 3990/7188/67 1723/7189/67 3991/7190/67
f 1723/7189/67 1721/7191/67 3991/7190/67
f 3991/7190/67 1721/7191/67 3992/7192/67
f 1721/7191/67 1719/7193/67 3992/7192/67
f 3992/7192/67 1719/7193/67 3993/7194/67
f 1719/7193/67 1717/7195/67 3993/7194/67
f 3993/7194/67 1717/7195/67 3994/7173/67
f 1717/7195/67 1715/7196/67 3994/7173/67
f 3994/7173/67 1715/7196/67 1713/7171/67
f 1823/7122/67 1821/7127/67 3960/7119/67
f 1821/7127/67 1726/7124/67 3960/7119/67
f 3960/7119/67 1726/7124/67 3990/7188/67
f 1726/7124/913 1725/7197/913 3990/7188/913
f 3990/7188/67 1725/7197/67 1723/7189/67
f 3948/7182/67 3958/7198/67 3987/7180/67
f 3958/7198/67 3959/7199/67 3987/7180/67
f 3987/7180/67 3959/7199/67 3988/7200/67
f 3959/7199/67 3960/7119/67 3988/7200/67
f 3988/7200/67 3960/7119/67 3989/7201/67
f 3960/7119/67 3990/7188/67 3989/7201/67
f 3957/7202/67 3961/7203/67 1713/7171/67
f 3961/7203/67 3955/7204/67 1713/7171/67
f 1713/7171/67 3955/7204/67 3949/7169/67
f 1701/7205/67 1699/7145/67 1765/7206/67
f 1757/7207/67 1755/7208/67 1709/7209/67
f 1757/7207/67 1709/7209/67 1759/7210/67
f 3957/7202/67 1751/7211/67 1749/7212/67
f 1789/7213/67 1787/7214/67 3626/7215/67
f 1787/7214/67 1785/7216/67 3626/7215/67
f 3626/7215/67 1785/7216/67 3621/7217/67
f 1785/7216/67 1783/7218/67 3621/7217/67
f 1783/7218/67 1781/7219/67 3621/7217/67
f 3621/7217/67 1781/7219/67 1779/7220/67
f 1779/7220/67 1777/7221/67 3621/7217/67
f 1777/7221/67 1775/7222/67 3621/7217/67
f 3621/7217/67 1775/7222/67 2681/7223/67
f 3621/7217/67 919/7224/67 3620/7225/67
f 919/7224/67 928/7226/67 3620/7225/67
f 3620/7225/67 928/7226/67 4037/7227/67
f 1751/7211/67 3957/7202/67 1753/7228/67
f 3957/7202/67 1713/7171/67 1753/7228/67
f 1753/7228/67 1713/7171/67 1755/7208/67
f 1713/7171/67 1711/7229/67 1755/7208/67
f 1755/7208/67 1711/7229/67 1709/7209/67
f 1749/7212/67 1795/7230/67 3957/7202/67
f 1795/7230/67 1793/7231/67 3957/7202/67
f 3957/7202/67 1793/7231/67 3626/7215/67
f 1793/7231/67 1791/7232/67 3626/7215/67
f 3626/7215/67 1791/7232/67 1789/7213/67
f 1775/7222/67 1773/7233/67 2681/7223/67
f 1773/7233/67 1771/7234/67 2681/7223/67
f 2681/7223/67 1771/7234/67 4021/7143/67
f 1771/7234/67 1769/7235/67 4021/7143/67
f 4021/7143/67 1769/7235/67 1699/7145/67
f 1769/7235/67 1767/7236/67 1699/7145/67
f 1699/7145/67 1767/7236/67 1765/7206/67
f 2679/7237/67 2682/7238/67 2681/7223/67
f 2682/7238/67 2683/7239/67 2681/7223/67
f 2681/7223/67 2683/7239/67 3621/7217/67
f 2683/7239/67 4038/7240/67 3621/7217/67
f 3621/7217/67 4038/7240/67 919/7224/67
f 4038/7240/67 931/7241/67 919/7224/67
f 919/7224/67 931/7241/67 917/7242/67
f 931/7241/67 930/7243/67 917/7242/67
f 1759/7210/67 1709/7209/67 1761/7244/67
f 1709/7209/67 1707/7245/67 1761/7244/67
f 1761/7244/67 1707/7245/67 1763/7246/67
f 1707/7245/67 1705/7247/67 1763/7246/67
f 1763/7246/67 1705/7247/67 1765/7206/67
f 1705/7247/67 1703/7248/67 1765/7206/67
f 1765/7206/67 1703/7248/67 1701/7205/67
f 4039/7249/279 4022/7250/279 4040/7251/279
f 4022/7250/279 4023/7252/279 4040/7251/279
f 4040/7251/280 4023/7252/280 4041/7253/280
f 4023/7252/280 4024/7254/280 4041/7253/280
f 4041/7253/281 4024/7254/281 4042/7255/281
f 4024/7254/281 4036/7256/281 4042/7255/281
f 4042/7257/282 4036/7258/282 4043/7259/282
f 4036/7258/282 4035/7260/282 4043/7259/282
f 4043/7259/283 4035/7260/283 4044/7261/283
f 4035/7260/283 4034/7262/283 4044/7261/283
f 4044/7261/284 4034/7262/284 4045/7263/284
f 4034/7262/284 4033/7264/284 4045/7263/284
f 4045/7263/285 4033/7264/285 4046/7265/285
f 4033/7264/285 4032/7266/285 4046/7265/285
f 4046/7265/286 4032/7266/286 4047/7267/286
f 4032/7266/286 4031/7268/286 4047/7267/286
f 4047/7267/287 4031/7268/287 4048/7269/287
f 4031/7268/287 4030/7270/287 4048/7269/287
f 4048/7271/288 4030/7272/288 4049/7273/288
f 4030/7272/288 4029/7274/288 4049/7273/288
f 4049/7273/289 4029/7274/289 4050/7275/289
f 4029/7274/289 4028/7276/289 4050/7275/289
f 4050/7275/290 4028/7276/290 4051/7277/290
f 4028/7276/290 4019/7278/290 4051/7277/290
f 4051/7277/291 4019/7278/291 4052/7279/291
f 4019/7278/291 4018/7280/291 4052/7279/291
f 4052/7279/292 4018/7280/292 4053/7281/292
f 4018/7280/292 4017/7282/292 4053/7281/292
f 4053/7281/293 4017/7282/293 4054/7283/293
f 4017/7282/293 4016/7284/293 4054/7283/293
f 4054/3535/294 4016/7285/294 4055/7286/294
f 4016/7285/294 4015/7287/294 4055/7286/294
f 4055/7286/295 4015/7287/295 4056/7288/295
f 4015/7287/295 4011/7289/295 4056/7288/295
f 4056/7288/296 4011/7289/296 4057/7290/296
f 4011/7289/296 4010/7291/296 4057/7290/296
f 4057/7290/273 4010/7291/273 4058/7292/273
f 4010/7291/273 4014/7293/273 4058/7292/273
f 4058/7292/274 4014/7293/274 4059/7294/274
f 4014/7293/274 4013/7295/274 4059/7294/274
f 4059/7294/275 4013/7295/275 4060/7296/275
f 4013/7295/275 4012/7297/275 4060/7296/275
f 4060/7298/276 4012/7299/276 4061/7300/276
f 4012/7299/276 4026/7301/276 4061/7300/276
f 4061/7300/277 4026/7301/277 4062/7302/277
f 4026/7301/277 4020/7303/277 4062/7302/277
f 4062/7302/278 4020/7303/278 4039/7249/278
f 4020/7303/278 4022/7250/278 4039/7249/278
f 1671/7304/40 1669/7305/40 4052/7306/40
f 4059/7307/40 4060/7308/40 1696/7309/40
f 4060/7308/40 4061/7310/40 1696/7309/40
f 1696/7309/40 4061/7310/40 1673/7311/40
f 4052/7306/40 4053/7312/40 1671/7304/40
f 4053/7312/40 4054/7313/40 1671/7304/40
f 1671/7304/40 4054/7313/40 4055/7314/40
f 4061/7310/40 4062/7315/40 1673/7311/40
f 4062/7315/40 4039/7316/40 1673/7311/40
f 1673/7311/40 4039/7316/40 1675/7317/40
f 4039/7316/40 4040/7318/40 1675/7317/40
f 1675/7317/40 4040/7318/40 1677/7319/40
f 4040/7318/40 4041/7320/40 1677/7319/40
f 1677/7319/40 4041/7320/40 1679/7321/40
f 4041/7320/40 4042/7322/40 1679/7321/40
f 1679/7321/40 4042/7322/40 1681/7323/40
f 4042/7322/40 4043/7324/40 1681/7323/40
f 1681/7323/40 4043/7324/40 1683/7325/40
f 4043/7324/40 4044/7326/40 1683/7325/40
f 1683/7325/40 4044/7326/40 1685/7327/40
f 4044/7326/40 4045/7328/40 1685/7327/40
f 1685/7327/40 4045/7328/40 1687/7329/40
f 4045/7328/40 4046/7330/40 1687/7329/40
f 1687/7329/40 4046/7330/40 1689/7331/40
f 4046/7330/40 4047/7332/40 1689/7331/40
f 1689/7331/40 4047/7332/40 1691/7333/40
f 4047/7332/40 4048/7334/40 1691/7333/40
f 1691/7333/40 4048/7334/40 1693/7335/40
f 4048/7334/40 4049/7336/40 1693/7335/40
f 1693/7335/40 4049/7336/40 1695/7337/40
f 4049/7336/40 4050/7338/40 1695/7337/40
f 1695/7337/40 4050/7338/40 1669/7305/40
f 4050/7338/40 4051/7339/40 1669/7305/40
f 1669/7305/40 4051/7339/40 4052/7306/40
f 4055/7314/40 4056/7340/40 1671/7304/40
f 4056/7340/40 4057/7341/40 1671/7304/40
f 1671/7304/40 4057/7341/40 1696/7309/40
f 4057/7341/40 4058/7342/40 1696/7309/40
f 1696/7309/40 4058/7342/40 4059/7307/40
f 3832/7343/914 3820/7344/914 3819/7345/914
f 3819/7345/915 3907/7346/915 3905/7347/915
f 1830/7348/40 1832/7349/40 3819/7345/40
f 1832/7349/40 3830/7350/40 3819/7345/40
f 3819/7345/40 3830/7350/40 3832/7343/40
f 1832/7349/40 1834/7351/40 3830/7350/40
f 1834/7351/40 1836/7352/40 3830/7350/40
f 3830/7350/40 1836/7352/40 3828/7353/40
f 1836/7352/40 3826/7354/40 3828/7353/40
f 3905/7347/40 3903/7355/40 3819/7345/40
f 3903/7355/40 3901/7356/40 3819/7345/40
f 3819/7345/40 3901/7356/40 3899/7357/40
f 3897/7358/40 1824/7359/40 3899/7357/40
f 1824/7359/40 1826/7360/40 3899/7357/40
f 3899/7357/40 1826/7360/40 3819/7345/40
f 1826/7360/40 1828/7361/40 3819/7345/40
f 3819/7345/40 1828/7361/40 1830/7348/40
f 3826/7354/40 1836/7352/40 3824/7362/40
f 1836/7352/40 1838/7363/40 3824/7362/40
f 3824/7362/40 1838/7363/40 3821/7364/40
f 1838/7363/40 1840/7365/40 3821/7364/40
f 3821/7364/40 1840/7365/40 3842/7366/40
f 3897/7358/40 3895/7367/40 1824/7359/40
f 3895/7367/40 3893/7368/40 1824/7359/40
f 1824/7359/40 3893/7368/40 1822/7369/40
f 3893/7368/40 3892/7370/40 1822/7369/40
f 1822/7369/40 3892/7370/40 1820/7371/40
f 3892/7370/40 3844/7372/40 1820/7371/40
f 1820/7371/40 3844/7372/40 1818/7373/40
f 3844/7372/40 3843/7374/40 1818/7373/40
f 1818/7373/40 3843/7374/40 1816/7375/40
f 3843/7374/40 3875/7376/40 1816/7375/40
f 1816/7375/40 3875/7376/40 1814/7377/40
f 3875/7376/40 3870/7378/40 1814/7377/40
f 1814/7377/40 3870/7378/40 1812/7379/40
f 3870/7378/40 3867/7380/40 1812/7379/40
f 1812/7379/40 3867/7380/40 1810/7381/40
f 3867/7380/40 3864/7382/40 1810/7381/40
f 1810/7381/40 3864/7382/40 1808/7383/40
f 3864/7382/40 3859/7384/40 1808/7383/40
f 3859/7384/40 3861/7385/40 1808/7383/40
f 1808/7383/40 3861/7385/40 1806/7386/40
f 3861/7385/40 3854/7387/40 1806/7386/40
f 1806/7386/40 3854/7387/40 1804/7388/40
f 3854/7387/40 3853/7389/40 1804/7388/40
f 1804/7388/40 3853/7389/40 1802/7390/40
f 3853/7389/40 3850/7391/40 1802/7390/40
f 1802/7390/40 3850/7391/40 1800/7392/40
f 3850/7391/40 3848/7393/40 1800/7392/40
f 1800/7392/40 3848/7393/40 1798/7394/40
f 3848/7393/40 3847/7395/40 1798/7394/40
f 1798/7394/40 3847/7395/40 1796/7396/40
f 3847/7395/40 3842/7366/40 1796/7396/40
f 1796/7396/40 3842/7366/40 1842/7397/40
f 3842/7366/40 1840/7365/40 1842/7397/40
f 1782/7398/40 1784/7399/40 3636/7400/40
f 1784/7399/40 1786/7401/40 3636/7400/40
f 1786/7401/40 3625/7402/40 3636/7400/40
f 3636/7400/40 3625/7402/40 3638/7403/40
f 3625/7402/414 3627/7404/414 3638/7403/414
f 1786/7401/40 1788/7405/40 3625/7402/40
f 1788/7405/40 1790/7406/40 3625/7402/40
f 3625/7402/40 1790/7406/40 1792/7407/40
f 1760/7408/40 1762/7409/40 3669/7410/40
f 3669/7410/40 1762/7409/40 3674/7411/40
f 1762/7409/40 1764/7412/40 3674/7411/40
f 3674/7411/40 1764/7412/40 3677/7413/40
f 1764/7412/40 1766/7414/40 3677/7413/40
f 3677/7413/40 1766/7414/40 3682/7415/40
f 1766/7414/40 1768/7416/40 3682/7415/40
f 3682/7415/40 1768/7416/40 3650/7417/40
f 1768/7416/40 1770/7418/40 3650/7417/40
f 3650/7417/40 1770/7418/40 3649/7419/40
f 3715/7420/916 3625/7402/916 3713/7421/916
f 3625/7402/40 3711/7422/40 3713/7421/40
f 3703/7423/40 3705/7424/40 1792/7407/40
f 3705/7424/40 3707/7425/40 1792/7407/40
f 1792/7407/40 3707/7425/40 3625/7402/40
f 3707/7425/40 3709/7426/40 3625/7402/40
f 3625/7402/40 3709/7426/40 3711/7422/40
f 1782/7398/40 3636/7400/40 1780/7427/40
f 3636/7400/40 3634/7428/40 1780/7427/40
f 1780/7427/40 3634/7428/40 1778/7429/40
f 1770/7418/40 1772/7430/40 3649/7419/40
f 1772/7430/40 1774/7431/40 3649/7419/40
f 3649/7419/40 1774/7431/40 3629/7432/40
f 1774/7431/40 1776/7433/40 3629/7432/40
f 3629/7432/40 1776/7433/40 3630/7434/40
f 1776/7433/40 1778/7429/40 3630/7434/40
f 3630/7434/40 1778/7429/40 3632/7435/40
f 1778/7429/40 3634/7428/40 3632/7435/40
f 3669/7410/40 3671/7436/40 1760/7408/40
f 3671/7436/40 3664/7437/40 1760/7408/40
f 1760/7408/40 3664/7437/40 1758/7438/40
f 3664/7437/40 3663/7439/40 1758/7438/40
f 1758/7438/40 3663/7439/40 1756/7440/40
f 3663/7439/40 3658/7441/40 1756/7440/40
f 1756/7440/40 3658/7441/40 1754/7442/40
f 3658/7441/40 3657/7443/40 1754/7442/40
f 1754/7442/40 3657/7443/40 1752/7444/40
f 3657/7443/40 3655/7445/40 1752/7444/40
f 1752/7444/40 3655/7445/40 1750/7446/40
f 3655/7445/40 3654/7447/40 1750/7446/40
f 1750/7446/40 3654/7447/40 1748/7448/40
f 3654/7447/40 3653/7449/40 1748/7448/40
f 1748/7448/40 3653/7449/40 1794/7450/40
f 3653/7449/40 3699/7451/40 1794/7450/40
f 1794/7450/40 3699/7451/40 1792/7407/40
f 3699/7451/40 3701/7452/40 1792/7407/40
f 1792/7407/40 3701/7452/40 3703/7423/40
f 1184/7453/1 1185/7454/1 4063/7455/1
f 1185/7454/1 1202/7456/1 4063/7455/1
f 4063/7455/1 1202/7456/1 1203/7457/1
f 1667/7458/1 4064/7459/1 1147/7460/1
f 4064/7459/1 4065/7461/1 1147/7460/1
f 1147/7460/1 4065/7461/1 1146/7462/1
f 1697/7463/1 1670/7464/1 1696/7465/1
f 1670/7464/1 1671/7466/1 1696/7465/1
f 1161/1481/94 1160/1480/94 1667/7467/94
f 1160/1480/94 4064/7468/94 1667/7467/94
f 1698/7469/40 1700/7470/40 4066/7471/40
f 3807/6736/40 3808/6739/40 4067/7472/40
f 3640/7473/40 3641/6484/40 1195/7474/40
f 3641/6484/40 3642/6485/40 1195/7474/40
f 1195/7474/40 3642/6485/40 3643/6487/40
f 3643/6487/40 3644/6489/40 1195/7474/40
f 3644/6489/40 3645/6491/40 1195/7474/40
f 1195/7474/40 3645/6491/40 3624/6461/40
f 1046/7475/40 1048/7476/40 3694/6567/40
f 3640/7473/40 1195/7474/40 3648/7477/40
f 1195/7474/40 1193/7478/40 3648/7477/40
f 3648/7477/40 1193/7478/40 1191/7479/40
f 1050/7480/40 1052/7481/40 1700/7470/40
f 1052/7481/40 1054/7482/40 1700/7470/40
f 3696/6573/40 1041/7483/40 3695/6570/40
f 1041/7483/40 1043/7484/40 3695/6570/40
f 3695/6570/40 1043/7484/40 3694/6567/40
f 1043/7484/40 1044/7485/40 3694/6567/40
f 3694/6567/40 1044/7485/40 1046/7475/40
f 1191/7479/40 1189/7486/40 3648/7477/40
f 1189/7486/40 1187/7487/40 3648/7477/40
f 3648/7477/40 1187/7487/40 3646/7488/40
f 1187/7487/40 1036/7489/40 3646/7488/40
f 3646/7488/40 1036/7489/40 3696/6573/40
f 1036/7489/40 1039/7490/40 3696/6573/40
f 3696/6573/40 1039/7490/40 1041/7483/40
f 1008/7491/40 1010/7492/40 1714/7493/40
f 1048/7476/40 1050/7480/40 3694/6567/40
f 1050/7480/40 1700/7470/40 3694/6567/40
f 3694/6567/40 1700/7470/40 3693/6564/40
f 1700/7470/40 1702/7494/40 3693/6564/40
f 3693/6564/40 1702/7494/40 3692/6562/40
f 1702/7494/40 1704/7495/40 3692/6562/40
f 3692/6562/40 1704/7495/40 3691/6551/40
f 1704/7495/40 1706/7496/40 3691/6551/40
f 3691/6551/40 1706/7496/40 3690/6548/40
f 1706/7496/40 1708/7497/40 3690/6548/40
f 3690/6548/40 1708/7497/40 3689/6545/40
f 1708/7497/40 1710/7498/40 3689/6545/40
f 3689/6545/40 1710/7498/40 1712/7499/40
f 3686/6537/40 3687/6539/40 1033/7500/40
f 1712/7499/40 1714/7493/40 3689/6545/40
f 1714/7493/40 1031/7501/40 3689/6545/40
f 3689/6545/40 1031/7501/40 3688/6542/40
f 1031/7501/40 1029/7502/40 3688/6542/40
f 3688/6542/40 1029/7502/40 1027/7503/40
f 3721/6611/40 1662/7504/40 3720/6609/40
f 1662/7504/40 1660/7505/40 3720/6609/40
f 1658/7506/40 3731/6623/40 1660/7505/40
f 3731/6623/40 3716/6598/40 1660/7505/40
f 1660/7505/40 3716/6598/40 3717/6601/40
f 1027/7503/40 1025/7507/40 3688/6542/40
f 1025/7507/40 1023/7508/40 3688/6542/40
f 3688/6542/40 1023/7508/40 3687/6539/40
f 1023/7508/40 1021/7509/40 3687/6539/40
f 3687/6539/40 1021/7509/40 1033/7500/40
f 995/7510/40 1002/7511/40 4067/7472/40
f 1002/7511/40 1004/7512/40 4067/7472/40
f 4067/7472/40 1004/7512/40 1714/7493/40
f 1004/7512/40 1006/7513/40 1714/7493/40
f 1714/7493/40 1006/7513/40 1008/7491/40
f 1010/7492/40 1012/7514/40 1714/7493/40
f 1012/7514/40 1015/7515/40 1714/7493/40
f 1714/7493/40 1015/7515/40 1031/7501/40
f 1033/7500/40 1035/7516/40 3686/6537/40
f 1035/7516/40 1666/7517/40 3686/6537/40
f 3686/6537/40 1666/7517/40 3685/6535/40
f 1666/7517/40 1664/7518/40 3685/6535/40
f 3717/6601/40 3718/6606/40 1660/7505/40
f 3718/6606/40 3719/6607/40 1660/7505/40
f 1660/7505/40 3719/6607/40 3720/6609/40
f 1658/7506/40 1656/7519/40 3731/6623/40
f 1656/7519/40 1654/7520/40 3731/6623/40
f 3731/6623/40 1654/7520/40 3729/6621/40
f 3721/6611/40 3722/6613/40 1662/7504/40
f 3722/6613/40 3723/6615/40 1662/7504/40
f 1662/7504/40 3723/6615/40 1664/7518/40
f 3723/6615/40 3698/6577/40 1664/7518/40
f 1664/7518/40 3698/6577/40 3685/6535/40
f 3751/6649/40 3752/6651/40 981/7521/40
f 995/7510/40 4067/7472/40 993/7522/40
f 4067/7472/40 3808/6739/40 993/7522/40
f 993/7522/40 3808/6739/40 975/7523/40
f 3724/6616/40 3727/6619/40 989/7524/40
f 989/7524/40 987/7525/40 3724/6616/40
f 987/7525/40 985/7526/40 3724/6616/40
f 3724/6616/40 985/7526/40 3756/6661/40
f 985/7526/40 983/7527/40 3756/6661/40
f 3756/6661/40 983/7527/40 3755/6657/40
f 983/7527/40 3754/6655/40 3755/6657/40
f 1654/7520/40 1649/7528/40 3729/6621/40
f 1649/7528/40 1651/7529/40 3729/6621/40
f 3729/6621/40 1651/7529/40 3727/6619/40
f 1651/7529/40 991/7530/40 3727/6619/40
f 3727/6619/40 991/7530/40 989/7524/40
f 981/7521/40 3752/6651/40 983/7527/40
f 3752/6651/40 3753/6653/40 983/7527/40
f 983/7527/40 3753/6653/40 3754/6655/40
f 975/7523/40 3808/6739/40 977/7531/40
f 3808/6739/40 3757/7532/40 977/7531/40
f 977/7531/40 3757/7532/40 979/7533/40
f 3757/7532/40 3749/7534/40 979/7533/40
f 979/7533/40 3749/7534/40 981/7521/40
f 3749/7534/40 3750/6648/40 981/7521/40
f 981/7521/40 3750/6648/40 3751/6649/40
f 3798/6708/40 3799/6710/40 4068/7535/40
f 3799/6710/40 3800/6713/40 4068/7535/40
f 4068/7535/40 3800/6713/40 1722/7536/40
f 3800/6713/40 3801/6716/40 1722/7536/40
f 1722/7536/40 3801/6716/40 1720/7537/40
f 3801/6716/40 3802/6719/40 1720/7537/40
f 1720/7537/40 3802/6719/40 1718/7538/40
f 3802/6719/40 3803/7539/40 1718/7538/40
f 1718/7538/40 3803/7539/40 1716/7540/40
f 3803/7539/40 3804/6728/40 1716/7540/40
f 1716/7540/40 3804/6728/40 1714/7493/40
f 3804/6728/40 3805/6730/40 1714/7493/40
f 1714/7493/40 3805/6730/40 4067/7472/40
f 3805/6730/40 3806/6733/40 4067/7472/40
f 4067/7472/40 3806/6733/40 3807/6736/40
f 3932/6922/40 3934/6924/40 1125/7541/40
f 3924/6910/40 1121/7542/40 1119/7543/40
f 3924/6910/40 1119/7543/40 3922/6908/40
f 3932/6922/40 1125/7541/40 3930/6920/40
f 1119/7543/40 1117/7544/40 3922/6908/40
f 1117/7544/40 1112/7545/40 3922/6908/40
f 3922/6908/40 1112/7545/40 3920/6906/40
f 3798/6708/40 1001/7546/40 3797/6706/40
f 1001/7546/40 1129/7547/40 3797/6706/40
f 3797/6706/40 1129/7547/40 3809/6743/40
f 1129/7547/40 1127/7548/40 3809/6743/40
f 3809/6743/40 1127/7548/40 3938/6928/40
f 1127/7548/40 1125/7541/40 3938/6928/40
f 3938/6928/40 1125/7541/40 3936/6926/40
f 1125/7541/40 3934/6924/40 3936/6926/40
f 1121/7542/40 3924/6910/40 1123/7549/40
f 3924/6910/40 3926/6912/40 1123/7549/40
f 1123/7549/40 3926/6912/40 1125/7541/40
f 3926/6912/40 3928/6919/40 1125/7541/40
f 1125/7541/40 3928/6919/40 3930/6920/40
f 1099/7550/40 1097/7551/40 3889/6860/40
f 1112/7545/40 1114/7552/40 3920/6906/40
f 1114/7552/40 1111/7553/40 3920/6906/40
f 3920/6906/40 1111/7553/40 3918/6904/40
f 1111/7553/40 1109/7554/40 3918/6904/40
f 3889/6860/40 3888/6858/40 1099/7550/40
f 3888/6858/40 3890/6863/40 1099/7550/40
f 1099/7550/40 3890/6863/40 1101/7555/40
f 3890/6863/40 3909/6886/40 1101/7555/40
f 1097/7551/40 1074/7556/40 3889/6860/40
f 1074/7556/40 1077/7557/40 3889/6860/40
f 3889/6860/40 1077/7557/40 3887/6856/40
f 1077/7557/40 1079/7558/40 3887/6856/40
f 3887/6856/40 1079/7558/40 3886/6853/40
f 1079/7558/40 1086/7559/40 3886/6853/40
f 1109/7554/40 1107/7560/40 3918/6904/40
f 1107/7560/40 1105/7561/40 3918/6904/40
f 3918/6904/40 1105/7561/40 3916/6902/40
f 1105/7561/40 1103/7562/40 3916/6902/40
f 3909/6886/40 3910/6888/40 1101/7555/40
f 3910/6888/40 3911/6890/40 1101/7555/40
f 1101/7555/40 3911/6890/40 3912/6892/40
f 3912/6892/40 3913/6894/40 1101/7555/40
f 3913/6894/40 3914/6896/40 1101/7555/40
f 1101/7555/40 3914/6896/40 1103/7562/40
f 3914/6896/40 3915/6901/40 1103/7562/40
f 1103/7562/40 3915/6901/40 3916/6902/40
f 1086/7559/40 1088/7563/40 3886/6853/40
f 1088/7563/40 1090/7564/40 3886/6853/40
f 3886/6853/40 1090/7564/40 3885/6850/40
f 1090/7564/40 1092/7565/40 3885/6850/40
f 3885/6850/40 1092/7565/40 1722/7536/40
f 1092/7565/40 1094/7566/40 1722/7536/40
f 1094/7566/40 1018/7567/40 1722/7536/40
f 1018/7567/40 1019/7568/40 1722/7536/40
f 1722/7536/40 1019/7568/40 1213/7569/40
f 1213/7569/40 1211/7570/40 1722/7536/40
f 1211/7570/40 1209/7571/40 1722/7536/40
f 1722/7536/40 1209/7571/40 4068/7535/40
f 1209/7571/40 1207/7572/40 4068/7535/40
f 1207/7572/40 1205/7573/40 4068/7535/40
f 1205/7573/40 996/7574/40 4068/7535/40
f 4068/7535/40 996/7574/40 3798/6708/40
f 996/7574/40 999/7575/40 3798/6708/40
f 3798/6708/40 999/7575/40 1001/7546/40
f 3879/6830/40 1081/7576/40 3878/6828/40
f 1081/7576/40 1083/7577/40 3878/6828/40
f 3878/6828/40 1083/7577/40 3840/7578/40
f 1083/7577/40 1085/7579/40 3840/7578/40
f 3840/7578/40 1085/7579/40 3841/7580/40
f 1085/7579/40 1130/7581/40 3841/7580/40
f 3841/7580/40 1130/7581/40 1143/7582/40
f 1073/7583/40 1071/7584/40 3880/6833/40
f 1071/7584/40 1069/7585/40 3880/6833/40
f 1069/7585/40 1067/7586/40 3880/6833/40
f 1067/7586/40 1065/7587/40 3880/6833/40
f 3880/6833/40 1065/7587/40 3879/6830/40
f 1065/7587/40 1063/7588/40 3879/6830/40
f 3879/6830/40 1063/7588/40 1081/7576/40
f 3880/6833/40 3881/6836/40 1073/7583/40
f 3881/6836/40 1737/7589/40 1073/7583/40
f 1073/7583/40 1737/7589/40 1059/7590/40
f 1737/7589/40 1058/7591/40 1059/7590/40
f 1722/7536/40 1724/7592/40 3885/6850/40
f 1724/7592/40 1727/7593/40 3885/6850/40
f 3885/6850/40 1727/7593/40 3884/6848/40
f 1727/7593/40 1729/7594/40 3884/6848/40
f 3884/6848/40 1729/7594/40 3883/7595/40
f 1729/7594/40 1731/7596/40 3883/7595/40
f 3883/7595/40 1731/7596/40 3882/6839/40
f 1731/7596/40 1733/7597/40 3882/6839/40
f 3882/6839/40 1733/7597/40 3881/6836/40
f 1733/7597/40 1735/7598/40 3881/6836/40
f 3881/6836/40 1735/7598/40 1737/7589/40
f 1137/7599/40 3835/6777/40 3836/6779/40
f 3816/6750/40 3833/6773/40 1137/7599/40
f 3833/6773/40 3834/6775/40 1137/7599/40
f 1137/7599/40 3834/6775/40 3835/6777/40
f 1143/7582/40 1141/7600/40 3841/7580/40
f 1141/7600/40 1139/7601/40 3841/7580/40
f 3841/7580/40 1139/7601/40 3838/7602/40
f 1139/7601/40 1137/7599/40 3838/7602/40
f 3838/7602/40 1137/7599/40 3837/6781/40
f 1137/7599/40 3836/6779/40 3837/6781/40
f 1137/7599/40 1135/7603/40 3816/6750/40
f 1135/7603/40 1133/7604/40 3816/6750/40
f 3816/6750/40 1133/7604/40 3815/6751/40
f 1133/7604/40 1145/7605/40 3815/6751/40
f 3815/6751/40 1145/7605/40 3814/7606/40
f 1200/7607/40 1199/7608/40 3624/6461/40
f 1199/7608/40 1197/7609/40 3624/6461/40
f 3624/6461/40 1197/7609/40 1195/7474/40
f 4069/7610/40 1737/7589/40 1739/7611/40
f 1739/7611/40 1741/7612/40 4069/7610/40
f 1741/7612/40 1743/7613/40 4069/7610/40
f 4069/7610/40 1743/7613/40 4066/7471/40
f 1743/7613/40 1745/7614/40 4066/7471/40
f 4066/7471/40 1745/7614/40 1698/7469/40
f 1054/7482/40 1061/7615/40 1700/7470/40
f 1061/7615/40 1183/7616/40 1700/7470/40
f 1700/7470/40 1183/7616/40 4066/7471/40
f 1183/7616/40 1181/7617/40 4066/7471/40
f 4066/7471/40 1181/7617/40 1179/7618/40
f 1177/7619/40 1175/7620/40 3614/6445/40
f 1175/7620/40 1166/7621/40 3614/6445/40
f 1169/7622/40 1171/7623/40 1173/7624/40
f 3624/6461/40 3622/6459/40 1200/7607/40
f 3622/6459/40 3617/6451/40 1200/7607/40
f 1200/7607/40 3617/6451/40 1203/7625/40
f 3617/6451/40 3611/6441/40 1203/7625/40
f 1203/7625/40 3611/6441/40 4063/7626/40
f 3611/6441/40 3612/6443/40 4063/7626/40
f 4063/7626/40 3612/6443/40 1184/7627/40
f 3612/6443/40 3614/6445/40 1184/7627/40
f 1184/7627/40 3614/6445/40 1173/7624/40
f 3614/6445/40 1166/7621/40 1173/7624/40
f 1173/7624/40 1166/7621/40 1169/7622/40
f 1152/7628/40 4069/7610/40 3615/6446/40
f 1152/7628/40 1154/7629/40 4069/7610/40
f 1154/7629/40 1156/7630/40 4069/7610/40
f 4069/7610/40 1156/7630/40 1737/7589/40
f 1156/7630/40 1158/7631/40 1737/7589/40
f 1737/7589/40 1158/7631/40 1058/7591/40
f 3814/7606/40 1145/7605/40 3607/6438/40
f 1145/7605/40 1146/7632/40 3607/6438/40
f 3607/6438/40 1146/7632/40 3610/6440/40
f 1146/7632/40 4065/7633/40 3610/6440/40
f 3610/6440/40 4065/7633/40 3615/6446/40
f 4065/7633/40 4064/7634/40 3615/6446/40
f 3615/6446/40 4064/7634/40 1160/7635/40
f 1163/7636/40 1165/7637/40 1160/7635/40
f 1165/7637/40 1148/7638/40 1160/7635/40
f 1160/7635/40 1148/7638/40 3615/6446/40
f 1148/7638/40 1150/7639/40 3615/6446/40
f 3615/6446/40 1150/7639/40 1152/7628/40
f 1672/7640/40 1674/7641/40 4066/7471/40
f 1179/7618/40 1177/7619/40 4066/7471/40
f 1177/7619/40 3614/6445/40 4066/7471/40
f 4066/7471/40 3614/6445/40 1672/7640/40
f 3614/6445/40 1697/7642/40 1672/7640/40
f 1674/7641/40 1676/7643/40 4066/7471/40
f 1676/7643/40 1678/7644/40 4066/7471/40
f 4066/7471/40 1678/7644/40 1680/7645/40
f 1697/7642/40 3614/6445/40 1670/7646/40
f 3614/6445/40 3615/6446/40 1670/7646/40
f 1670/7646/40 3615/6446/40 1668/7647/40
f 3615/6446/40 4069/7610/40 1668/7647/40
f 1668/7647/40 4069/7610/40 1694/7648/40
f 1680/7645/40 1682/7649/40 4066/7471/40
f 1682/7649/40 1684/7650/40 4066/7471/40
f 4066/7471/40 1684/7650/40 4069/7610/40
f 1684/7650/40 1686/7651/40 4069/7610/40
f 4069/7610/40 1686/7651/40 1688/7652/40
f 1688/7652/40 1690/7653/40 4069/7610/40
f 1690/7653/40 1692/7654/40 4069/7610/40
f 4069/7610/40 1692/7654/40 1694/7648/40
f 3608/6436/460 3811/6745/460 3607/6435/460
f 3811/6745/460 3814/6748/460 3607/6435/460
f 3813/6747/94 3811/6745/94 873/1120/94
f 3811/6745/94 3608/6436/94 873/1120/94
f 873/1120/94 3608/6436/94 868/1121/94
f 3608/6436/94 3605/6433/94 868/1121/94
f 868/1121/94 3605/6433/94 865/1111/94
f 3605/6433/94 1845/2512/94 865/1111/94
f 865/1111/94 1845/2512/94 864/1110/94
f 1845/2512/94 1844/2511/94 864/1110/94
f 864/1110/94 1844/2511/94 4070/7655/94
f 1844/2511/94 4071/7656/94 4070/7655/94
f 1846/2513/506 4072/7657/506 1844/2511/506
f 4072/7657/506 4071/7656/506 1844/2511/506
f 4073/7658/917 4074/7659/917 4075/7660/917
f 4074/7659/918 4076/7661/918 4075/7660/918
f 4075/7662/919 4071/7656/919 4073/7663/919
f 4071/7656/919 4072/7657/919 4073/7663/919
f 4077/7664/774 4070/7655/774 4075/7662/774
f 4070/7655/774 4071/7656/774 4075/7662/774
f 4078/7665/777 4079/7666/777 4080/7667/777
f 4079/7666/777 4077/7664/777 4080/7667/777
f 4080/7667/777 4077/7664/777 4076/7668/777
f 4077/7664/777 4075/7662/777 4076/7668/777
f 4081/7669/778 4082/7670/778 4083/7671/778
f 4081/7669/778 4083/7671/778 4084/7672/778
f 4083/7671/779 4085/7673/779 4084/7672/779
f 4084/7672/779 4085/7673/779 4086/7674/779
f 4085/7673/780 4087/7675/780 4086/7674/780
f 4086/7674/780 4087/7675/780 4088/7676/780
f 4087/7677/781 4089/7678/781 4088/7679/781
f 4088/7679/781 4089/7678/781 4090/7680/781
f 4089/7678/782 4091/7681/782 4090/7680/782
f 4090/7680/782 4091/7681/782 4092/7682/782
f 4091/7681/783 4080/7667/783 4092/7682/783
f 4092/7682/783 4080/7667/783 4076/7668/783
f 4093/7683/920 4081/7669/920 4084/7672/920
f 4093/7683/920 4084/7672/920 4094/7684/920
f 4084/7685/921 4086/7686/921 4094/7687/921
f 4094/7687/921 4086/7686/921 4095/7688/921
f 4086/7686/922 4088/7689/922 4095/7688/922
f 4095/7688/922 4088/7689/922 4096/7690/922
f 4088/7689/923 4090/7691/923 4096/7690/923
f 4096/7690/923 4090/7691/923 4097/7692/923
f 4090/7691/924 4092/7693/924 4097/7692/924
f 4097/7692/925 4092/7693/925 4098/7694/925
f 4092/7693/926 4076/7661/926 4098/7694/926
f 4098/7694/927 4076/7661/927 4074/7659/927
f 4099/7695/137 4100/7696/137 4101/7697/137
f 4100/7696/137 4081/7669/137 4101/7697/137
f 4101/7697/137 4081/7669/137 4093/7683/137
f 4102/7698/1 4082/7670/1 4100/7696/1
f 4082/7670/1 4081/7669/1 4100/7696/1
f 4102/7698/928 4100/7696/928 4103/7699/928
f 4100/7696/928 4104/7700/928 4103/7699/928
f 4103/7699/929 4104/7700/929 4105/7701/929
f 4104/7700/929 4106/7702/929 4105/7701/929
f 4105/7701/797 4106/7702/797 4107/7703/797
f 4106/7702/797 4108/7704/797 4107/7703/797
f 4107/7705/803 4108/7706/803 4109/7707/803
f 4108/7706/803 4110/7708/803 4109/7707/803
f 4109/7707/930 4110/7708/930 4111/7709/930
f 4110/7708/800 4112/7710/800 4111/7709/800
f 4111/7709/808 4112/7710/808 4113/7711/808
f 4112/7710/808 4114/7712/808 4113/7711/808
f 4113/7711/94 4114/7712/94 4115/7713/94
f 4114/7712/94 4116/7714/94 4115/7713/94
f 4115/7713/931 4116/7714/931 4117/7715/931
f 4116/7714/931 4118/7716/931 4117/7715/931
f 4117/7715/932 4118/7716/932 4119/7717/932
f 4118/7716/933 4120/7718/933 4119/7717/933
f 4119/7717/934 4120/7718/934 4121/7719/934
f 4120/7718/934 4122/7720/934 4121/7719/934
f 4121/7721/935 4122/7722/935 4123/7723/935
f 4122/7722/935 4124/7724/935 4123/7723/935
f 4123/7723/822 4124/7724/822 4125/7725/822
f 4124/7724/822 4126/7726/822 4125/7725/822
f 4125/7725/793 4126/7726/793 4127/7727/793
f 4126/7726/793 4128/7728/793 4127/7727/793
f 4100/7696/936 4099/7695/936 4104/7700/936
f 4099/7695/936 4129/7729/936 4104/7700/936
f 4104/7730/937 4129/7731/937 4106/7732/937
f 4129/7731/937 4130/7733/937 4106/7732/937
f 4106/7732/938 4130/7733/938 4108/7734/938
f 4130/7733/939 4131/7735/939 4108/7734/939
f 4108/7734/940 4131/7735/940 4110/7736/940
f 4131/7735/940 4132/7737/940 4110/7736/940
f 4110/7736/941 4132/7737/941 4112/7738/941
f 4132/7737/941 4133/7739/941 4112/7738/941
f 4112/7738/942 4133/7739/942 4114/7740/942
f 4133/7739/942 4134/7741/942 4114/7740/942
f 4114/7712/943 4134/7742/943 4116/7714/943
f 4134/7742/944 4135/7743/944 4116/7714/944
f 4116/7744/945 4135/7745/945 4118/7746/945
f 4135/7745/945 4136/7747/945 4118/7746/945
f 4118/7746/946 4136/7747/946 4120/7748/946
f 4136/7747/946 4137/7749/946 4120/7748/946
f 4120/7748/947 4137/7749/947 4122/7750/947
f 4137/7749/948 4138/7751/948 4122/7750/948
f 4122/7750/949 4138/7751/949 4124/7752/949
f 4138/7751/949 4139/7753/949 4124/7752/949
f 4124/7724/950 4139/7754/950 4126/7726/950
f 4139/7754/950 4140/7755/950 4126/7726/950
f 4126/7726/951 4140/7755/951 4128/7728/951
f 4140/7755/951 4141/7756/951 4128/7728/951
f 4142/7757/316 4128/7728/316 4143/7758/316
f 4128/7728/316 4141/7756/316 4143/7758/316
f 4144/7759/234 4127/7727/234 4142/7757/234
f 4127/7727/234 4128/7728/234 4142/7757/234
f 4144/7759/858 4142/7757/858 4145/7760/858
f 4144/7759/858 4145/7760/858 4146/7761/858
f 4145/7760/859 4147/7762/859 4146/7761/859
f 4146/7761/859 4147/7762/859 4148/7763/859
f 4147/7762/860 4149/7764/860 4148/7763/860
f 4148/7763/860 4149/7764/860 4150/7765/860
f 4149/7766/861 4151/7767/861 4150/7768/861
f 4150/7768/861 4151/7767/861 4152/7769/861
f 4151/7767/862 4153/7770/862 4152/7769/862
f 4152/7769/862 4153/7770/862 4154/7771/862
f 4153/7770/863 4155/7772/863 4154/7771/863
f 4154/7771/863 4155/7772/863 4156/7773/863
f 4155/7772/864 4157/7774/864 4156/7773/864
f 4156/7773/864 4157/7774/864 4158/7775/864
f 4157/7774/865 4159/7776/865 4158/7775/865
f 4158/7775/865 4159/7776/865 4160/7777/865
f 4161/7778/952 4159/7779/952 4157/7780/952
f 4161/7778/952 4157/7780/952 4162/7781/952
f 4157/7774/953 4155/7772/953 4162/7782/953
f 4162/7782/953 4155/7772/953 4163/7783/953
f 4155/7784/954 4153/7785/954 4163/7786/954
f 4163/7786/954 4153/7785/954 4164/7787/954
f 4153/7785/955 4151/7788/955 4164/7787/955
f 4164/7787/955 4151/7788/955 4165/7789/955
f 4151/7788/956 4149/7790/956 4165/7789/956
f 4165/7789/956 4149/7790/956 4166/7791/956
f 4149/7790/957 4147/7792/957 4166/7791/957
f 4166/7791/957 4147/7792/957 4167/7793/957
f 4147/7792/958 4145/7794/958 4167/7793/958
f 4167/7793/958 4145/7794/958 4168/7795/958
f 4145/7760/959 4142/7757/959 4168/7796/959
f 4168/7796/959 4142/7757/959 4143/7758/959
f 4169/7797/960 4170/7798/960 4171/7799/960
f 4169/7797/960 4171/7799/960 4172/7800/960
f 4171/7799/961 4173/7801/961 4172/7800/961
f 4172/7800/962 4173/7801/962 4174/7802/962
f 4173/7801/963 4175/7803/963 4174/7802/963
f 4174/7802/963 4175/7803/963 4176/7804/963
f 4175/7803/964 4159/7779/964 4176/7804/964
f 4176/7804/964 4159/7779/964 4161/7778/964
f 4177/7805/886 4178/7806/886 4179/7807/886
f 4177/7805/886 4179/7807/886 4180/7808/886
f 4179/7807/887 4181/7809/887 4180/7808/887
f 4180/7808/887 4181/7809/887 4182/7810/887
f 4181/7809/888 4183/7811/888 4182/7810/888
f 4182/7810/888 4183/7811/888 4184/7812/888
f 4183/7813/889 4185/7814/889 4184/7815/889
f 4184/7815/889 4185/7814/889 4186/7816/889
f 4185/7814/890 4187/7817/890 4186/7816/890
f 4186/7816/890 4187/7817/890 4188/7818/890
f 4187/7817/891 4189/7819/891 4188/7818/891
f 4188/7818/891 4189/7819/891 4190/7820/891
f 4189/7819/892 4191/7821/892 4190/7820/892
f 4190/7820/892 4191/7821/892 4192/7822/892
f 4191/7821/893 4193/7823/893 4192/7822/893
f 4192/7822/893 4193/7823/893 4170/7824/893
f 4194/7825/965 4177/7826/965 4180/7827/965
f 4194/7825/965 4180/7827/965 4195/7828/965
f 4180/7827/966 4182/7829/966 4195/7828/966
f 4195/7828/966 4182/7829/966 4196/7830/966
f 4182/7829/967 4184/7831/967 4196/7830/967
f 4196/7830/967 4184/7831/967 4197/7832/967
f 4184/7831/968 4186/7833/968 4197/7832/968
f 4197/7832/968 4186/7833/968 4198/7834/968
f 4186/7833/969 4188/7835/969 4198/7834/969
f 4198/7834/969 4188/7835/969 4199/7836/969
f 4188/7835/970 4190/7837/970 4199/7836/970
f 4199/7836/970 4190/7837/970 4200/7838/970
f 4190/7820/971 4192/7822/971 4200/7839/971
f 4200/7839/971 4192/7822/971 4201/7840/971
f 4192/7841/972 4170/7798/972 4201/7842/972
f 4201/7842/972 4170/7798/972 4169/7797/972
f 4194/7825/4 4202/7843/4 4177/7826/4
f 4202/7843/4 4203/7844/4 4177/7826/4
f 4177/7805/92 4203/7845/92 4178/7806/92
f 4203/7845/92 4204/7846/92 4178/7806/92
f 4205/7847/94 4206/7848/94 4207/7849/94
f 4206/7848/94 4208/7850/94 4207/7849/94
f 4204/7846/973 4203/7845/973 4209/7851/973
f 4203/7845/973 4210/7852/973 4209/7851/973
f 4209/7851/974 4210/7852/974 4211/7853/974
f 4210/7852/974 4212/7854/974 4211/7853/974
f 4211/7853/713 4212/7854/713 4213/7855/713
f 4212/7854/713 4214/7856/713 4213/7855/713
f 4213/7857/719 4214/7858/719 4215/7859/719
f 4214/7858/719 4216/7860/719 4215/7859/719
f 4215/7859/975 4216/7860/975 4217/7861/975
f 4216/7860/975 4218/7862/975 4217/7861/975
f 4217/7861/724 4218/7862/724 4219/7863/724
f 4218/7862/724 4220/7864/724 4219/7863/724
f 4219/7863/1 4220/7864/1 4221/7865/1
f 4220/7864/1 4222/7866/1 4221/7865/1
f 4221/7865/976 4222/7866/976 4223/7867/976
f 4222/7866/976 4224/7868/976 4223/7867/976
f 4223/7867/977 4224/7868/977 4225/7869/977
f 4224/7868/977 4226/7870/977 4225/7869/977
f 4225/7869/978 4226/7870/978 4227/7871/978
f 4226/7870/978 4228/7872/978 4227/7871/978
f 4227/7873/979 4228/7874/979 4229/7875/979
f 4228/7874/979 4230/7876/979 4229/7875/979
f 4229/7875/738 4230/7876/738 4231/7877/738
f 4230/7876/738 4232/7878/738 4231/7877/738
f 4231/7877/709 4232/7878/709 4207/7849/709
f 4232/7878/709 4205/7847/709 4207/7849/709
f 4203/7844/980 4202/7843/980 4210/7879/980
f 4202/7843/980 4233/7880/980 4210/7879/980
f 4210/7879/981 4233/7880/981 4212/7881/981
f 4233/7880/981 4234/7882/981 4212/7881/981
f 4212/7881/982 4234/7882/982 4214/7883/982
f 4234/7882/983 4235/7884/983 4214/7883/983
f 4214/7883/984 4235/7884/984 4216/7885/984
f 4235/7884/984 4236/7886/984 4216/7885/984
f 4216/7885/985 4236/7886/985 4218/7887/985
f 4236/7886/986 4237/7888/986 4218/7887/986
f 4218/7887/987 4237/7888/987 4220/7889/987
f 4237/7888/987 4238/7890/987 4220/7889/987
f 4220/7864/988 4238/7891/988 4222/7866/988
f 4238/7891/988 4239/7892/988 4222/7866/988
f 4222/7893/989 4239/7894/989 4224/7895/989
f 4239/7894/990 4240/7896/990 4224/7895/990
f 4224/7895/991 4240/7896/991 4226/7897/991
f 4240/7896/991 4241/7898/991 4226/7897/991
f 4226/7897/992 4241/7898/992 4228/7899/992
f 4241/7898/993 4242/7900/993 4228/7899/993
f 4228/7899/994 4242/7900/994 4230/7901/994
f 4242/7900/995 4243/7902/995 4230/7901/995
f 4230/7901/996 4243/7902/996 4232/7903/996
f 4243/7902/996 4244/7904/996 4232/7903/996
f 4232/7878/997 4244/7905/997 4205/7847/997
f 4244/7905/997 4245/7906/997 4205/7847/997
f 4206/7848/506 4205/7847/506 4246/7907/506
f 4205/7847/506 4245/7906/506 4246/7907/506
f 4247/7908/585 4248/7909/585 4249/7910/585
f 4248/7909/585 4250/7911/585 4249/7910/585
f 4249/7912/998 4250/7913/998 4251/7914/998
f 4250/7913/998 4252/7915/998 4251/7914/998
f 4253/7916/999 4252/7915/999 4254/7917/999
f 4252/7915/999 4250/7913/999 4254/7917/999
f 4255/7918/590 4256/7919/590 4257/7920/590
f 4254/7921/590 4250/7911/590 4257/7920/590
f 4250/7911/590 4248/7909/590 4257/7920/590
f 4257/7920/590 4248/7909/590 4255/7918/590
f 4258/7922/591 4259/7923/591 4260/7924/591
f 4258/7922/591 4260/7924/591 4261/7925/591
f 4260/7924/592 4262/7926/592 4261/7925/592
f 4261/7925/592 4262/7926/592 4263/7927/592
f 4262/7926/593 4264/7928/593 4263/7927/593
f 4263/7927/593 4264/7928/593 4265/7929/593
f 4264/7930/594 4266/7931/594 4265/7932/594
f 4265/7932/594 4266/7931/594 4267/7933/594
f 4266/7931/595 4268/7934/595 4267/7933/595
f 4267/7933/595 4268/7934/595 4269/7935/595
f 4268/7934/596 4254/7921/596 4269/7935/596
f 4269/7935/596 4254/7921/596 4257/7920/596
f 4253/7916/1000 4254/7917/1000 4268/7936/1000
f 4253/7916/1001 4268/7936/1001 4270/7937/1001
f 4268/7936/1002 4266/7938/1002 4270/7937/1002
f 4270/7937/1003 4266/7938/1003 4271/7939/1003
f 4266/7938/1004 4264/7940/1004 4271/7939/1004
f 4271/7939/1005 4264/7940/1005 4272/7941/1005
f 4264/7940/1006 4262/7942/1006 4272/7941/1006
f 4272/7941/1006 4262/7942/1006 4273/7943/1006
f 4262/7942/1007 4260/7944/1007 4273/7943/1007
f 4273/7943/1008 4260/7944/1008 4274/7945/1008
f 4260/7924/1009 4259/7923/1009 4274/7946/1009
f 4274/7946/1009 4259/7923/1009 4275/7947/1009
f 4276/7948/137 4277/7949/137 4259/7923/137
f 4277/7949/137 4278/7950/137 4259/7923/137
f 4259/7923/137 4278/7950/137 4275/7947/137
f 4258/7922/1 4279/7951/1 4259/7923/1
f 4279/7951/1 4276/7948/1 4259/7923/1
f 4280/7952/1010 4281/7953/1010 4282/7954/1010
f 4281/7953/1010 4283/7955/1010 4282/7954/1010
f 4282/7954/1011 4283/7955/1011 4284/7956/1011
f 4283/7955/1011 4285/7957/1011 4284/7956/1011
f 4284/7956/613 4285/7957/613 4286/7958/613
f 4285/7957/613 4287/7959/613 4286/7958/613
f 4286/7960/610 4287/7961/610 4288/7962/610
f 4287/7961/610 4289/7963/610 4288/7962/610
f 4288/7962/619 4289/7963/619 4290/7964/619
f 4289/7963/619 4291/7965/619 4290/7964/619
f 4290/7964/616 4291/7965/616 4292/7966/616
f 4291/7965/616 4293/7967/616 4292/7966/616
f 4292/7966/92 4293/7967/92 4294/7968/92
f 4293/7967/92 4295/7969/92 4294/7968/92
f 4294/7968/1012 4295/7969/1012 4296/7970/1012
f 4295/7969/1012 4297/7971/1012 4296/7970/1012
f 4296/7970/1013 4297/7971/1013 4298/7972/1013
f 4297/7971/1013 4299/7973/1013 4298/7972/1013
f 4298/7972/1014 4299/7973/1014 4300/7974/1014
f 4299/7973/1014 4301/7975/1014 4300/7974/1014
f 4300/7976/1015 4301/7977/1015 4302/7978/1015
f 4301/7977/1015 4303/7979/1015 4302/7978/1015
f 4302/7978/634 4303/7979/634 4304/7980/634
f 4303/7979/634 4305/7981/634 4304/7980/634
f 4304/7980/606 4305/7981/606 4279/7951/606
f 4305/7981/606 4276/7948/606 4279/7951/606
f 4281/7953/1016 4306/7982/1016 4283/7955/1016
f 4306/7982/1016 4307/7983/1016 4283/7955/1016
f 4283/7984/1017 4307/7985/1017 4285/7986/1017
f 4307/7985/1017 4308/7987/1017 4285/7986/1017
f 4285/7986/1018 4308/7987/1018 4287/7988/1018
f 4308/7987/1018 4309/7989/1018 4287/7988/1018
f 4287/7988/1019 4309/7989/1019 4289/7990/1019
f 4309/7989/1019 4310/7991/1019 4289/7990/1019
f 4289/7990/1020 4310/7991/1020 4291/7992/1020
f 4310/7991/1021 4311/7993/1021 4291/7992/1021
f 4291/7992/1022 4311/7993/1022 4293/7994/1022
f 4311/7993/1023 4312/7995/1023 4293/7994/1023
f 4293/7967/1024 4312/7996/1024 4295/7969/1024
f 4312/7996/1025 4313/7997/1025 4295/7969/1025
f 4295/7998/1026 4313/7999/1026 4297/8000/1026
f 4313/7999/1027 4314/8001/1027 4297/8000/1027
f 4297/8000/1028 4314/8001/1028 4299/8002/1028
f 4314/8001/1028 4315/8003/1028 4299/8002/1028
f 4299/8002/1029 4315/8003/1029 4301/8004/1029
f 4315/8003/1029 4316/8005/1029 4301/8004/1029
f 4301/8004/1030 4316/8005/1030 4303/8006/1030
f 4316/8005/1030 4317/8007/1030 4303/8006/1030
f 4303/8006/1031 4317/8007/1031 4305/8008/1031
f 4317/8007/1031 4318/8009/1031 4305/8008/1031
f 4305/7981/1032 4318/8010/1032 4276/7948/1032
f 4318/8010/1032 4277/7949/1032 4276/7948/1032
f 4319/8011/316 4306/7982/316 4320/8012/316
f 4306/7982/316 4281/7953/316 4320/8012/316
f 4280/7952/234 4321/8013/234 4281/7953/234
f 4321/8013/234 4320/8012/234 4281/7953/234
f 4320/8012/671 4321/8013/671 4322/8014/671
f 4320/8012/671 4322/8014/671 4323/8015/671
f 4322/8014/672 4324/8016/672 4323/8015/672
f 4323/8015/672 4324/8016/672 4325/8017/672
f 4324/8016/673 4326/8018/673 4325/8017/673
f 4325/8017/673 4326/8018/673 4327/8019/673
f 4326/8020/674 4328/8021/674 4327/8022/674
f 4327/8022/674 4328/8021/674 4329/8023/674
f 4328/8021/675 4330/8024/675 4329/8023/675
f 4329/8023/675 4330/8024/675 4331/8025/675
f 4330/8024/676 4332/8026/676 4331/8025/676
f 4331/8025/676 4332/8026/676 4333/8027/676
f 4332/8026/677 4334/8028/677 4333/8027/677
f 4333/8027/677 4334/8028/677 4335/8029/677
f 4334/8028/678 4336/8030/678 4335/8029/678
f 4335/8029/678 4336/8030/678 4337/8031/678
f 4319/8011/1033 4320/8012/1033 4323/8015/1033
f 4319/8011/1033 4323/8015/1033 4338/8032/1033
f 4323/8033/1034 4325/8034/1034 4338/8035/1034
f 4338/8035/1034 4325/8034/1034 4339/8036/1034
f 4325/8034/1035 4327/8037/1035 4339/8036/1035
f 4339/8036/1035 4327/8037/1035 4340/8038/1035
f 4327/8037/1036 4329/8039/1036 4340/8038/1036
f 4340/8038/1036 4329/8039/1036 4341/8040/1036
f 4329/8039/1037 4331/8041/1037 4341/8040/1037
f 4341/8040/1037 4331/8041/1037 4342/8042/1037
f 4331/8041/1038 4333/8043/1038 4342/8042/1038
f 4342/8042/1039 4333/8043/1039 4343/8044/1039
f 4333/8027/1040 4335/8029/1040 4343/8045/1040
f 4343/8045/1040 4335/8029/1040 4344/8046/1040
f 4335/8047/1041 4337/8048/1041 4344/8049/1041
f 4344/8049/1041 4337/8048/1041 4345/8050/1041
f 4345/8050/1042 4337/8048/1042 4346/8051/1042
f 4345/8050/1043 4346/8051/1043 4347/8052/1043
f 4346/8051/1044 4348/8053/1044 4347/8052/1044
f 4347/8052/1044 4348/8053/1044 4349/8054/1044
f 4348/8053/1045 4350/8055/1045 4349/8054/1045
f 4349/8054/1046 4350/8055/1046 4351/8056/1046
f 4350/8055/1047 4352/8057/1047 4351/8056/1047
f 4351/8056/1047 4352/8057/1047 4353/8058/1047
f 4353/8058/1048 4352/8057/1048 4354/8059/1048
f 4353/8058/1048 4354/8059/1048 4355/8060/1048
f 4354/8061/1049 4356/8062/1049 4355/8063/1049
f 4355/8063/1049 4356/8062/1049 4357/8064/1049
f 4356/8065/1050 4358/8066/1050 4357/8067/1050
f 4357/8067/1050 4358/8066/1050 4359/8068/1050
f 4358/8066/1051 4360/8069/1051 4359/8068/1051
f 4359/8068/1051 4360/8069/1051 4361/8070/1051
f 4360/8069/1052 4362/8071/1052 4361/8070/1052
f 4361/8070/1052 4362/8071/1052 4363/8072/1052
f 4362/8071/1053 4364/8073/1053 4363/8072/1053
f 4363/8072/1053 4364/8073/1053 4365/8074/1053
f 4364/8073/1054 4366/8075/1054 4365/8074/1054
f 4365/8074/1054 4366/8075/1054 4367/8076/1054
f 4366/8077/1055 4206/7848/1055 4367/8078/1055
f 4367/8078/1055 4206/7848/1055 4246/7907/1055
f 4208/7850/693 4206/7848/693 4366/8077/693
f 4208/7850/693 4366/8077/693 4368/8079/693
f 4366/8077/694 4364/8080/694 4368/8079/694
f 4368/8079/694 4364/8080/694 4369/8081/694
f 4364/8080/695 4362/8082/695 4369/8081/695
f 4369/8081/695 4362/8082/695 4370/8083/695
f 4362/8084/696 4360/8085/696 4370/8086/696
f 4370/8086/696 4360/8085/696 4371/8087/696
f 4360/8085/697 4358/8088/697 4371/8087/697
f 4371/8087/697 4358/8088/697 4372/8089/697
f 4358/8088/698 4356/8062/698 4372/8089/698
f 4372/8089/698 4356/8062/698 4373/8090/698
f 4356/8062/699 4354/8061/699 4373/8090/699
f 4373/8090/699 4354/8061/699 4374/8091/699
f 4354/8061/700 4352/8092/700 4374/8091/700
f 4374/8091/700 4352/8092/700 4375/8093/700
f 4376/8094/1056 4375/8093/1056 4377/8095/1056
f 4377/8095/1057 4378/8096/1057 4376/8094/1057
f 4378/8096/897 4379/8097/897 4376/8094/897
f 4376/8094/897 4379/8097/897 4380/8098/897
f 4379/8097/1 4381/8099/1 4380/8098/1
f 4380/8098/1 4381/8099/1 4382/8100/1
f 4381/8099/898 4383/8101/898 4382/8100/898
f 4382/8100/898 4383/8101/898 4384/8102/898
f 4384/8102/1058 4383/8101/1058 4193/7823/1058
f 4383/8101/1059 4385/8103/1059 4193/7823/1059
f 4193/7823/895 4385/8103/895 4170/7824/895
f 4079/7666/909 4078/7665/909 4386/8104/909
f 4078/7665/1060 4160/7777/1060 4386/8104/1060
f 4386/8104/1061 4160/7777/1061 4387/8105/1061
f 4346/8106/894 4337/8031/894 4336/8030/894
f 4170/7824/895 4385/8103/895 4171/8107/895
f 4385/8103/905 4388/8108/905 4171/8107/905
f 4171/8107/905 4388/8108/905 4173/8109/905
f 4388/8110/906 4387/8105/906 4173/8111/906
f 4173/8111/906 4387/8105/906 4175/8112/906
f 4387/8105/904 4160/7777/904 4175/8112/904
f 4175/8112/904 4160/7777/904 4159/7776/904
f 4256/7919/1062 4255/7918/1062 4336/8030/1062
f 4255/7918/1063 4389/8113/1063 4336/8030/1063
f 4336/8030/894 4389/8113/894 4346/8106/894
f 4389/8113/910 4390/8114/910 4346/8106/910
f 4346/8106/910 4390/8114/910 4348/8115/910
f 4390/8116/911 4377/8095/911 4348/8117/911
f 4348/8117/911 4377/8095/911 4350/8118/911
f 4377/8095/912 4375/8093/912 4350/8118/912
f 4350/8118/912 4375/8093/912 4352/8092/912
f 4380/8119/67 4382/8120/67 4391/8121/67
f 4382/8120/67 4189/8122/67 4187/8123/67
f 4391/8121/67 4392/8124/67 4380/8119/67
f 4392/8124/67 4393/8125/67 4380/8119/67
f 4380/8119/67 4393/8125/67 4394/8126/67
f 4375/8127/67 4376/8128/67 4374/8129/67
f 4376/8128/67 4380/8119/67 4374/8129/67
f 4189/8122/67 4382/8120/67 4191/8130/67
f 4382/8120/67 4384/8131/67 4191/8130/67
f 4191/8130/67 4384/8131/67 4193/8132/67
f 4183/8133/67 4395/8134/67 4185/8135/67
f 4395/8134/67 4396/8136/67 4185/8135/67
f 4185/8135/67 4396/8136/67 4187/8123/67
f 4396/8136/67 4397/8137/67 4187/8123/67
f 4187/8123/67 4397/8137/67 4382/8120/67
f 4397/8137/67 4398/8138/67 4382/8120/67
f 4382/8120/67 4398/8138/67 4391/8121/67
f 4369/8139/67 4370/8140/67 4399/8141/67
f 4370/8140/67 4371/8142/67 4399/8141/67
f 4399/8141/67 4371/8142/67 4394/8126/67
f 4371/8142/67 4372/8143/67 4394/8126/67
f 4394/8126/67 4372/8143/67 4380/8119/67
f 4372/8143/67 4373/8144/67 4380/8119/67
f 4380/8119/67 4373/8144/67 4374/8129/67
f 4400/8145/67 4221/8146/67 4401/8147/67
f 4221/8146/67 4223/8148/67 4401/8147/67
f 4401/8147/67 4223/8148/67 4402/8149/67
f 4223/8148/67 4225/8150/67 4402/8149/67
f 4402/8149/67 4225/8150/67 4403/8151/67
f 4225/8150/67 4227/8152/67 4403/8151/67
f 4403/8151/67 4227/8152/67 4404/8153/67
f 4227/8152/67 4229/8154/67 4404/8153/67
f 4404/8153/67 4229/8154/67 4405/8155/67
f 4229/8154/67 4231/8156/67 4405/8155/67
f 4405/8155/67 4231/8156/67 4406/8157/67
f 4231/8156/67 4207/8158/67 4406/8157/67
f 4406/8157/67 4207/8158/67 4407/8159/67
f 4207/8158/67 4208/8160/67 4407/8159/67
f 4407/8159/67 4208/8160/67 4399/8141/67
f 4208/8160/67 4368/8161/67 4399/8141/67
f 4399/8141/67 4368/8161/67 4369/8139/67
f 4183/8133/67 4181/8162/67 4395/8134/67
f 4181/8162/67 4179/8163/67 4395/8134/67
f 4395/8134/67 4179/8163/67 4408/8164/67
f 4179/8163/67 4178/8165/67 4408/8164/67
f 4408/8164/67 4178/8165/67 4409/8166/67
f 4178/8165/67 4204/8167/67 4409/8166/67
f 4409/8166/67 4204/8167/67 4410/8168/67
f 4204/8167/67 4209/8169/67 4410/8168/67
f 4410/8168/67 4209/8169/67 4411/8170/67
f 4209/8169/67 4211/8171/67 4411/8170/67
f 4411/8170/67 4211/8171/67 4412/8172/67
f 4211/8171/67 4213/8173/67 4412/8172/67
f 4412/8172/67 4213/8173/67 4413/8174/67
f 4213/8173/67 4215/8175/67 4413/8174/67
f 4413/8174/67 4215/8175/67 4414/8176/67
f 4215/8175/67 4217/8177/67 4414/8176/67
f 4414/8176/67 4217/8177/67 4400/8145/67
f 4217/8177/67 4219/8178/67 4400/8145/67
f 4400/8145/67 4219/8178/67 4221/8146/67
f 4415/8179/291 4409/8180/291 4416/8181/291
f 4409/8180/291 4410/8182/291 4416/8181/291
f 4416/8181/292 4410/8182/292 4417/8183/292
f 4410/8182/292 4411/8184/292 4417/8183/292
f 4417/8183/293 4411/8184/293 4418/8185/293
f 4411/8184/293 4412/8186/293 4418/8185/293
f 4418/8187/294 4412/8188/294 4419/8189/294
f 4412/8188/294 4413/8190/294 4419/8189/294
f 4419/8189/295 4413/8190/295 4420/8191/295
f 4413/8190/295 4414/8192/295 4420/8191/295
f 4420/8191/296 4414/8192/296 4421/8193/296
f 4414/8192/296 4400/8194/296 4421/8193/296
f 4421/8193/273 4400/8194/273 4422/8195/273
f 4400/8194/273 4401/8196/273 4422/8195/273
f 4422/8195/274 4401/8196/274 4423/8197/274
f 4401/8196/274 4402/8198/274 4423/8197/274
f 4423/8197/275 4402/8198/275 4424/8199/275
f 4402/8198/275 4403/8200/275 4424/8199/275
f 4424/8201/276 4403/8202/276 4425/8203/276
f 4403/8202/276 4404/8204/276 4425/8203/276
f 4425/8203/277 4404/8204/277 4426/8205/277
f 4404/8204/277 4405/8206/277 4426/8205/277
f 4426/8205/278 4405/8206/278 4427/8207/278
f 4405/8206/278 4406/8208/278 4427/8207/278
f 4427/8207/279 4406/8208/279 4428/8209/279
f 4406/8208/279 4407/8210/279 4428/8209/279
f 4428/8209/280 4407/8210/280 4429/8211/280
f 4407/8210/280 4399/8212/280 4429/8211/280
f 4429/8211/281 4399/8212/281 4430/8213/281
f 4399/8212/281 4394/8214/281 4430/8213/281
f 4430/8215/282 4394/8216/282 4431/8217/282
f 4394/8216/282 4393/8218/282 4431/8217/282
f 4431/8217/283 4393/8218/283 4432/8219/283
f 4393/8218/283 4392/8220/283 4432/8219/283
f 4432/8219/284 4392/8220/284 4433/8221/284
f 4392/8220/284 4391/8222/284 4433/8221/284
f 4433/8221/285 4391/8222/285 4434/8223/285
f 4391/8222/285 4398/8224/285 4434/8223/285
f 4434/8223/286 4398/8224/286 4435/8225/286
f 4398/8224/286 4397/8226/286 4435/8225/286
f 4435/8225/287 4397/8226/287 4436/8227/287
f 4397/8226/287 4396/8228/287 4436/8227/287
f 4436/8229/288 4396/8230/288 4437/8231/288
f 4396/8230/288 4395/8232/288 4437/8231/288
f 4437/8231/289 4395/8232/289 4438/8233/289
f 4395/8232/289 4408/8234/289 4438/8233/289
f 4438/8233/290 4408/8234/290 4415/8179/290
f 4408/8234/290 4409/8180/290 4415/8179/290
f 910/8235/40 4439/8236/40 1338/8237/40
f 848/8238/40 4077/8239/40 1260/8240/40
f 1340/8241/40 1338/8237/40 4440/8242/40
f 4077/8239/40 849/8243/40 4070/8244/40
f 849/8243/40 862/8245/40 4070/8244/40
f 4070/8244/40 862/8245/40 864/8246/40
f 4386/8247/40 1238/8248/40 1240/8249/40
f 1240/8249/40 1242/8250/40 4386/8247/40
f 1242/8250/40 1244/8251/40 4386/8247/40
f 4386/8247/40 1244/8251/40 4079/8252/40
f 1244/8251/40 1246/8253/40 4079/8252/40
f 1246/8253/40 1248/8254/40 4079/8252/40
f 1248/8254/40 1250/8255/40 4079/8252/40
f 4079/8252/40 1250/8255/40 4077/8239/40
f 1250/8255/40 1252/8256/40 4077/8239/40
f 4077/8239/40 1252/8256/40 1254/8257/40
f 1254/8257/40 1256/8258/40 4077/8239/40
f 1256/8258/40 1258/8259/40 4077/8239/40
f 4077/8239/40 1258/8259/40 1260/8240/40
f 4441/8260/40 4439/8236/40 4442/8261/40
f 4439/8236/40 4443/8262/40 4442/8261/40
f 847/8263/40 843/8264/40 848/8238/40
f 843/8264/40 845/8265/40 848/8238/40
f 848/8238/40 845/8265/40 4077/8239/40
f 845/8265/40 4444/8266/40 4077/8239/40
f 4077/8239/40 4444/8266/40 849/8243/40
f 4444/8266/40 861/8267/40 849/8243/40
f 849/8243/40 861/8267/40 850/8268/40
f 861/8267/40 860/8269/40 850/8268/40
f 1238/8248/40 4386/8247/40 1236/8270/40
f 4386/8247/40 1311/8271/40 1236/8270/40
f 1236/8270/40 1311/8271/40 1234/8272/40
f 1354/8273/40 1224/8274/40 1356/8275/40
f 1224/8274/40 1226/8276/40 1356/8275/40
f 1356/8275/40 1226/8276/40 1358/8277/40
f 1226/8276/40 1228/8278/40 1358/8277/40
f 1358/8277/40 1228/8278/40 1359/8279/40
f 1228/8278/40 1230/8280/40 1359/8279/40
f 1359/8279/40 1230/8280/40 1311/8271/40
f 1230/8280/40 1232/8281/40 1311/8271/40
f 1311/8271/40 1232/8281/40 1234/8272/40
f 4445/8282/40 1224/8274/40 4446/8283/40
f 1224/8274/40 4447/8284/40 4446/8283/40
f 4448/8285/40 4449/8286/40 4439/8236/40
f 4441/8260/40 4450/8287/40 4439/8236/40
f 4450/8287/40 4451/8288/40 4439/8236/40
f 4439/8236/40 4451/8288/40 1338/8237/40
f 4451/8288/40 4452/8289/40 1338/8237/40
f 1338/8237/40 4452/8289/40 4440/8242/40
f 4448/8285/40 4439/8236/40 4453/8290/40
f 1348/8291/40 4447/8284/40 1350/8292/40
f 4447/8284/40 1224/8274/40 1350/8292/40
f 1350/8292/40 1224/8274/40 1352/8293/40
f 1224/8274/40 1354/8273/40 1352/8293/40
f 4445/8282/40 4454/8294/40 1224/8274/40
f 4454/8294/40 4455/8295/40 1224/8274/40
f 1224/8274/40 4455/8295/40 1222/8296/40
f 4455/8295/40 4456/8297/40 1222/8296/40
f 1222/8296/40 4456/8297/40 1220/8298/40
f 4456/8297/40 4457/8299/40 1220/8298/40
f 1220/8298/40 4457/8299/40 1218/8300/40
f 4457/8299/40 4458/8301/40 1218/8300/40
f 1218/8300/40 4458/8301/40 4459/8302/40
f 4459/8302/40 4460/8303/40 1218/8300/40
f 4460/8303/40 4461/8304/40 1218/8300/40
f 1218/8300/40 4461/8304/40 4462/8305/40
f 4449/8286/40 4463/8306/40 4439/8236/40
f 4463/8306/40 4464/8307/40 4439/8236/40
f 4439/8236/40 4464/8307/40 4443/8262/40
f 1348/8291/40 1346/8308/40 4447/8284/40
f 1346/8308/40 1344/8309/40 4447/8284/40
f 4447/8284/40 1344/8309/40 4440/8242/40
f 1344/8309/40 1342/8310/40 4440/8242/40
f 4440/8242/40 1342/8310/40 1340/8241/40
f 1260/8240/40 1214/8311/40 848/8238/40
f 1214/8311/40 1216/8312/40 848/8238/40
f 848/8238/40 1216/8312/40 4465/8313/40
f 1216/8312/40 1218/8300/40 4465/8313/40
f 4465/8313/40 1218/8300/40 4439/8236/40
f 1218/8300/40 4462/8305/40 4439/8236/40
f 4439/8236/40 4462/8305/40 4453/8290/40
f 914/8314/40 912/8315/40 922/8316/40
f 1308/8317/40 1262/8318/40 4389/8319/40
f 1286/8320/40 1288/8321/40 914/8314/40
f 922/8316/40 923/8322/40 914/8314/40
f 923/8322/40 4466/8323/40 914/8314/40
f 914/8314/40 4466/8323/40 1338/8237/40
f 4466/8323/40 908/8324/40 1338/8237/40
f 1338/8237/40 908/8324/40 910/8235/40
f 908/8324/40 906/8325/40 910/8235/40
f 910/8235/40 906/8325/40 909/8326/40
f 1278/8327/40 1280/8328/40 1338/8237/40
f 1280/8328/40 1282/8329/40 1338/8237/40
f 1338/8237/40 1282/8329/40 914/8314/40
f 1282/8329/40 1284/8330/40 914/8314/40
f 914/8314/40 1284/8330/40 1286/8320/40
f 4248/8331/40 1290/8332/40 1292/8333/40
f 1292/8333/40 1294/8334/40 4248/8331/40
f 1294/8334/40 1296/8335/40 4248/8331/40
f 4248/8331/40 1296/8335/40 4255/8336/40
f 1296/8335/40 1298/8337/40 4255/8336/40
f 4255/8336/40 1298/8337/40 1300/8338/40
f 1300/8338/40 1302/8339/40 4255/8336/40
f 1302/8339/40 1304/8340/40 4255/8336/40
f 4255/8336/40 1304/8340/40 4389/8319/40
f 1304/8340/40 1306/8341/40 4389/8319/40
f 4389/8319/40 1306/8341/40 1308/8317/40
f 1329/8342/40 1327/8343/40 1268/8344/40
f 1327/8343/40 1325/8345/40 1268/8344/40
f 1268/8344/40 1325/8345/40 1266/8346/40
f 1325/8345/40 1264/8347/40 1266/8346/40
f 1338/8237/40 1337/8348/40 1278/8327/40
f 1337/8348/40 1335/8349/40 1278/8327/40
f 1278/8327/40 1335/8349/40 1333/8350/40
f 1288/8321/40 1290/8332/40 914/8314/40
f 1290/8332/40 4248/8331/40 914/8314/40
f 914/8314/40 4248/8331/40 925/8351/40
f 4248/8331/40 4247/8352/40 925/8351/40
f 925/8351/40 4247/8352/40 926/8353/40
f 1268/8344/40 1270/8354/40 1329/8342/40
f 1270/8354/40 1272/8355/40 1329/8342/40
f 1329/8342/40 1272/8355/40 1331/8356/40
f 1272/8355/40 1274/8357/40 1331/8356/40
f 1331/8356/40 1274/8357/40 1333/8350/40
f 1274/8357/40 1276/8358/40 1333/8350/40
f 1333/8350/40 1276/8358/40 1278/8327/40
f 1262/8318/40 1264/8347/40 4389/8319/40
f 1264/8347/40 1325/8345/40 4389/8319/40
f 4389/8319/40 1325/8345/40 4390/8359/40
f 1325/8345/40 4377/8360/40 4390/8359/40
f 4426/8361/40 4427/8362/40 4378/8363/40
f 4427/8362/40 4428/8364/40 4378/8363/40
f 4433/8365/40 4381/8366/40 4432/8367/40
f 4381/8366/40 4379/8368/40 4432/8367/40
f 4428/8364/40 4429/8369/40 4378/8363/40
f 4429/8369/40 4430/8370/40 4378/8363/40
f 4378/8363/40 4430/8370/40 4379/8368/40
f 4430/8370/40 4431/8371/40 4379/8368/40
f 4379/8368/40 4431/8371/40 4432/8367/40
f 4433/8365/40 4434/8372/40 4381/8366/40
f 4434/8372/40 4435/8373/40 4381/8366/40
f 4381/8366/40 4435/8373/40 4383/8374/40
f 4435/8373/40 4436/8375/40 4383/8374/40
f 4436/8375/40 4437/8376/40 4383/8374/40
f 4383/8374/40 4437/8376/40 4385/8377/40
f 4377/8360/40 1325/8345/40 4378/8363/40
f 1325/8345/40 4425/8378/40 4378/8363/40
f 4378/8363/40 4425/8378/40 4426/8361/40
f 1315/8379/40 4419/8380/40 1317/8381/40
f 4419/8380/40 4420/8382/40 1317/8381/40
f 1317/8381/40 4420/8382/40 1319/8383/40
f 4420/8382/40 4421/8384/40 1319/8383/40
f 1319/8383/40 4421/8384/40 1321/8385/40
f 4421/8384/40 4422/8386/40 1321/8385/40
f 1321/8385/40 4422/8386/40 1323/8387/40
f 4422/8386/40 4423/8388/40 1323/8387/40
f 1323/8387/40 4423/8388/40 1325/8345/40
f 4423/8388/40 4424/8389/40 1325/8345/40
f 1325/8345/40 4424/8389/40 4425/8378/40
f 4437/8376/40 4438/8390/40 4385/8377/40
f 4438/8390/40 4415/8391/40 4385/8377/40
f 4385/8377/40 4415/8391/40 4388/8392/40
f 4415/8391/40 4416/8393/40 4388/8392/40
f 4388/8392/40 4416/8393/40 4387/8394/40
f 4416/8393/40 4386/8247/40 4387/8394/40
f 1315/8379/40 1313/8395/40 4419/8380/40
f 1313/8395/414 1311/8271/414 4419/8380/414
f 4419/8380/40 1311/8271/40 4418/8396/40
f 1311/8271/40 4386/8247/40 4418/8396/40
f 4418/8396/40 4386/8247/40 4417/8397/40
f 4386/8247/40 4416/8393/40 4417/8397/40
f 4451/8398/279 4467/8399/279 4452/8400/279
f 4467/8399/279 4468/8401/279 4452/8400/279
f 4452/8400/280 4468/8401/280 4440/8402/280
f 4468/8401/280 4469/8403/280 4440/8402/280
f 4440/8402/281 4469/8403/281 4447/8404/281
f 4469/8403/281 4470/8405/281 4447/8404/281
f 4447/8406/282 4470/8407/282 4446/8408/282
f 4470/8407/282 4471/8409/282 4446/8408/282
f 4446/8408/283 4471/8409/283 4445/8410/283
f 4471/8409/283 4472/8411/283 4445/8410/283
f 4445/8410/284 4472/8411/284 4454/8412/284
f 4472/8411/284 4473/8413/284 4454/8412/284
f 4454/8412/285 4473/8413/285 4455/8414/285
f 4473/8413/285 4474/8415/285 4455/8414/285
f 4455/8414/286 4474/8415/286 4456/8416/286
f 4474/8415/286 4475/8417/286 4456/8416/286
f 4456/8416/287 4475/8417/287 4457/8418/287
f 4475/8417/287 4476/8419/287 4457/8418/287
f 4457/8420/288 4476/8421/288 4458/8422/288
f 4476/8421/288 4477/8423/288 4458/8422/288
f 4458/8422/289 4477/8423/289 4459/8424/289
f 4477/8423/289 4478/8425/289 4459/8424/289
f 4459/8424/290 4478/8425/290 4460/8426/290
f 4478/8425/290 4479/8427/290 4460/8426/290
f 4460/8426/291 4479/8427/291 4461/8428/291
f 4479/8427/291 4480/8429/291 4461/8428/291
f 4461/8428/292 4480/8429/292 4462/8430/292
f 4480/8429/292 4481/8431/292 4462/8430/292
f 4462/8430/293 4481/8431/293 4453/8432/293
f 4481/8431/293 4482/8433/293 4453/8432/293
f 4453/8434/294 4482/8435/294 4448/8436/294
f 4482/8435/294 4483/8437/294 4448/8436/294
f 4448/8436/295 4483/8437/295 4449/8438/295
f 4483/8437/295 4484/8439/295 4449/8438/295
f 4449/8438/296 4484/8439/296 4463/8440/296
f 4484/8439/296 4485/8441/296 4463/8440/296
f 4463/8440/273 4485/8441/273 4464/8442/273
f 4485/8441/273 4486/8443/273 4464/8442/273
f 4464/8442/274 4486/8443/274 4443/8444/274
f 4486/8443/274 4487/8445/274 4443/8444/274
f 4443/8444/275 4487/8445/275 4442/8446/275
f 4487/8445/275 4488/8447/275 4442/8446/275
f 4442/8448/276 4488/8449/276 4441/8450/276
f 4488/8449/276 4489/8451/276 4441/8450/276
f 4441/8450/277 4489/8451/277 4450/8452/277
f 4489/8451/277 4490/8453/277 4450/8452/277
f 4450/8452/278 4490/8453/278 4451/8398/278
f 4490/8453/278 4467/8399/278 4451/8398/278
f 1362/8454/67 4484/8455/67 4483/8456/67
f 4483/8456/67 4482/8457/67 1362/8454/67
f 4482/8457/67 4481/8458/67 1362/8454/67
f 1362/8454/67 4481/8458/67 1360/8459/67
f 1364/8460/67 4490/8461/67 1389/8462/67
f 4490/8461/67 4489/8463/67 1389/8462/67
f 1389/8462/67 4489/8463/67 4488/8464/67
f 4488/8464/67 4487/8465/67 1389/8462/67
f 4487/8465/67 4486/8466/67 1389/8462/67
f 1389/8462/67 4486/8466/67 1362/8454/67
f 4486/8466/67 4485/8467/67 1362/8454/67
f 1362/8454/67 4485/8467/67 4484/8455/67
f 4481/8458/67 4480/8468/67 1360/8459/67
f 4480/8468/67 4479/8469/67 1360/8459/67
f 1360/8459/67 4479/8469/67 1386/8470/67
f 4479/8469/67 4478/8471/67 1386/8470/67
f 1386/8470/67 4478/8471/67 1384/8472/67
f 4478/8471/67 4477/8473/67 1384/8472/67
f 1384/8472/67 4477/8473/67 1382/8474/67
f 4477/8473/67 4476/8475/67 1382/8474/67
f 1382/8474/67 4476/8475/67 1380/8476/67
f 4476/8475/67 4475/8477/67 1380/8476/67
f 1380/8476/67 4475/8477/67 1378/8478/67
f 4475/8477/67 4474/8479/67 1378/8478/67
f 1378/8478/67 4474/8479/67 1376/8480/67
f 4474/8479/67 4473/8481/67 1376/8480/67
f 1376/8480/67 4473/8481/67 1374/8482/67
f 4473/8481/67 4472/8483/67 1374/8482/67
f 1374/8482/67 4472/8483/67 1372/8484/67
f 4472/8483/67 4471/8485/67 1372/8484/67
f 1372/8484/67 4471/8485/67 1370/8486/67
f 4471/8485/67 4470/8487/67 1370/8486/67
f 1370/8486/67 4470/8487/67 1368/8488/67
f 4470/8487/67 4469/8489/67 1368/8488/67
f 1368/8488/67 4469/8489/67 1366/8490/67
f 4469/8489/67 4468/8491/67 1366/8490/67
f 1366/8490/67 4468/8491/67 1364/8460/67
f 4468/8491/67 4467/8492/67 1364/8460/67
f 1364/8460/67 4467/8492/67 4490/8461/67
f 4269/8493/913 4257/8494/913 4256/8495/913
f 1297/8496/67 1295/8497/67 4267/8498/67
f 4269/8493/67 4256/8495/67 4267/8498/67
f 4267/8498/67 1295/8497/67 4265/8499/67
f 4279/8500/67 4258/8501/67 1291/8502/67
f 4256/8495/67 4330/8503/67 4328/8504/67
f 1297/8496/67 4267/8498/67 1299/8505/67
f 4267/8498/67 4256/8495/67 1299/8505/67
f 1299/8505/67 4256/8495/67 1301/8506/67
f 4336/8507/1064 4334/8508/1064 4256/8495/1064
f 4334/8508/67 4332/8509/67 4256/8495/67
f 4256/8495/67 4332/8509/67 4330/8503/67
f 1291/8502/67 4258/8501/67 1293/8510/67
f 4258/8501/67 4261/8511/67 1293/8510/67
f 1293/8510/67 4261/8511/67 1295/8497/67
f 4261/8511/67 4263/8512/67 1295/8497/67
f 1295/8497/67 4263/8512/67 4265/8499/67
f 4326/8513/67 1307/8514/67 4328/8504/67
f 1307/8514/67 1305/8515/67 4328/8504/67
f 4328/8504/67 1305/8515/67 4256/8495/67
f 1305/8515/67 1303/8516/67 4256/8495/67
f 4256/8495/67 1303/8516/67 1301/8506/67
f 1291/8502/67 1289/8517/67 4279/8500/67
f 1289/8517/67 1287/8518/67 4279/8500/67
f 4279/8500/67 1287/8518/67 4304/8519/67
f 1287/8518/67 1285/8520/67 4304/8519/67
f 4304/8519/67 1285/8520/67 4302/8521/67
f 1285/8520/67 1283/8522/67 4302/8521/67
f 4302/8521/67 1283/8522/67 4300/8523/67
f 1283/8522/67 1281/8524/67 4300/8523/67
f 4300/8523/67 1281/8524/67 4298/8525/67
f 1281/8524/67 1279/8526/67 4298/8525/67
f 4298/8525/67 1279/8526/67 4296/8527/67
f 1279/8526/67 1277/8528/67 4296/8527/67
f 4296/8527/67 1277/8528/67 4294/8529/67
f 1277/8528/67 1275/8530/67 4294/8529/67
f 4326/8513/67 4324/8531/67 1307/8514/67
f 4324/8531/67 4322/8532/67 1307/8514/67
f 1307/8514/67 4322/8532/67 1309/8533/67
f 4322/8532/67 4321/8534/67 1309/8533/67
f 1309/8533/67 4321/8534/67 1263/8535/67
f 4321/8534/67 4280/8536/67 1263/8535/67
f 1263/8535/67 4280/8536/67 1265/8537/67
f 4280/8536/67 4282/8538/67 1265/8537/67
f 1265/8537/67 4282/8538/67 1267/8539/67
f 4282/8538/67 4284/8540/67 1267/8539/67
f 1267/8539/67 4284/8540/67 1269/8541/67
f 4284/8540/67 4286/8542/67 1269/8541/67
f 1269/8541/67 4286/8542/67 1271/8543/67
f 4286/8542/67 4288/8544/67 1271/8543/67
f 1271/8543/67 4288/8544/67 1273/8545/67
f 4288/8544/67 4290/8546/67 1273/8545/67
f 1273/8545/67 4290/8546/67 1275/8530/67
f 4290/8546/67 4292/8547/67 1275/8530/67
f 1275/8530/67 4292/8547/67 4294/8529/67
f 1255/8548/67 1253/8549/67 4089/8550/67
f 4080/8551/346 4091/8552/346 4078/8553/346
f 4091/8552/67 4089/8550/67 4078/8553/67
f 1253/8549/67 1251/8554/67 4089/8550/67
f 1251/8554/67 1249/8555/67 4089/8550/67
f 4089/8550/67 1249/8555/67 4078/8553/67
f 1249/8555/67 1247/8556/67 4078/8553/67
f 4152/8557/67 4154/8558/67 4078/8553/67
f 1227/8559/67 1225/8560/67 4111/8561/67
f 4148/8562/67 4150/8563/67 1243/8564/67
f 4111/8561/67 1225/8560/67 4109/8565/67
f 1225/8560/67 1223/8566/67 4109/8565/67
f 4109/8565/67 1223/8566/67 4107/8567/67
f 1223/8566/67 1221/8568/67 4107/8567/67
f 4107/8567/67 1221/8568/67 4105/8569/67
f 1221/8568/67 1219/8570/67 4105/8569/67
f 4105/8569/67 1219/8570/67 4103/8571/67
f 1219/8570/67 1217/8572/67 4103/8571/67
f 4103/8571/67 1217/8572/67 4102/8573/67
f 4150/8563/67 4152/8557/67 1243/8564/67
f 4152/8557/67 4078/8553/67 1243/8564/67
f 1243/8564/67 4078/8553/67 1245/8574/67
f 4078/8553/67 1247/8556/67 1245/8574/67
f 4154/8558/67 4156/8575/67 4078/8553/67
f 4156/8575/67 4158/8576/67 4078/8553/67
f 4078/8553/1065 4158/8576/1065 4160/8577/1065
f 4089/8550/67 4087/8578/67 1255/8548/67
f 4087/8578/67 4085/8579/67 1255/8548/67
f 1255/8548/67 4085/8579/67 1257/8580/67
f 4085/8579/67 4083/8581/67 1257/8580/67
f 1257/8580/67 4083/8581/67 1259/8582/67
f 4083/8581/67 4082/8583/67 1259/8582/67
f 1259/8582/67 4082/8583/67 1261/8584/67
f 4082/8583/67 4102/8573/67 1261/8584/67
f 1261/8584/67 4102/8573/67 1215/8585/67
f 4102/8573/67 1217/8572/67 1215/8585/67
f 4111/8561/67 4113/8586/67 1227/8559/67
f 4113/8586/67 4115/8587/67 1227/8559/67
f 1227/8559/67 4115/8587/67 1229/8588/67
f 4115/8587/67 4117/8589/67 1229/8588/67
f 1229/8588/67 4117/8589/67 1231/8590/67
f 4117/8589/67 4119/8591/67 1231/8590/67
f 1231/8590/67 4119/8591/67 1233/8592/67
f 4119/8591/67 4121/8593/67 1233/8592/67
f 1233/8592/67 4121/8593/67 1235/8594/67
f 4121/8593/67 4123/8595/67 1235/8594/67
f 1235/8594/67 4123/8595/67 1237/8596/67
f 4123/8595/67 4125/8597/67 1237/8596/67
f 1237/8596/67 4125/8597/67 1239/8598/67
f 4125/8597/67 4127/8599/67 1239/8598/67
f 1239/8598/67 4127/8599/67 1241/8600/67
f 4127/8599/67 4144/8601/67 1241/8600/67
f 1241/8600/67 4144/8601/67 1243/8564/67
f 4144/8601/67 4146/8602/67 1243/8564/67
f 1243/8564/67 4146/8602/67 4148/8562/67
f 1648/8603/1 4491/8604/1 1538/8605/1
f 4491/8604/1 4492/8606/1 1538/8605/1
f 1538/8605/1 4492/8606/1 1537/8607/1
f 1564/8608/1 1464/8609/1 4493/8610/1
f 1464/8609/1 1473/8611/1 4493/8610/1
f 4493/8610/1 1473/8611/1 1562/8612/1
f 1363/8613/1 1388/8614/1 1362/8615/1
f 1388/8614/1 1389/8616/1 1362/8615/1
f 1581/2009/92 1580/2008/92 1648/8617/92
f 1580/2008/92 4491/8618/92 1648/8617/92
f 1347/8619/67 1349/8620/67 4494/8621/67
f 1534/8622/67 1528/8623/67 4074/7659/67
f 1351/8624/67 1493/8625/67 1494/8626/67
f 4132/7737/67 4131/7735/67 1491/8627/67
f 1351/8624/67 1353/8628/67 1493/8625/67
f 1353/8628/67 4132/7737/67 1493/8625/67
f 1493/8625/67 4132/7737/67 1492/8629/67
f 4132/7737/67 1491/8627/67 1492/8629/67
f 1494/8626/67 1495/8630/67 1351/8624/67
f 1495/8630/67 1496/8631/67 1351/8624/67
f 1351/8624/67 1496/8631/67 1349/8620/67
f 4101/8632/67 1531/8633/67 1532/8634/67
f 1532/8634/67 1533/8635/67 4101/8632/67
f 1533/8635/67 1527/8636/67 4101/8632/67
f 4101/8632/67 1527/8636/67 4099/8637/67
f 1527/8636/67 1502/8638/67 4099/8637/67
f 4099/8637/67 1502/8638/67 4129/7731/67
f 1502/8638/67 1501/8639/67 4129/7731/67
f 4129/7731/67 1501/8639/67 4130/7733/67
f 1501/8639/67 1500/8640/67 4130/7733/67
f 4130/7733/67 1500/8640/67 4131/7735/67
f 1500/8640/67 1490/8641/67 4131/7735/67
f 4131/7735/67 1490/8641/67 1491/8627/67
f 4137/7749/67 4136/7747/67 1357/8642/67
f 4136/7747/67 4135/7745/67 1357/8642/67
f 1357/8642/67 4135/7745/67 1355/8643/67
f 4135/7745/67 4134/7741/67 1355/8643/67
f 1355/8643/67 4134/7741/67 1353/8628/67
f 4134/7741/67 4133/7739/67 1353/8628/67
f 1353/8628/67 4133/7739/67 4132/7737/67
f 4137/7749/67 1357/8642/67 4138/7751/67
f 1357/8642/67 1310/8644/67 4138/7751/67
f 4138/7751/67 1310/8644/67 4139/7753/67
f 1506/8645/67 1310/8644/67 1507/8646/67
f 1310/8644/67 1312/8647/67 1507/8646/67
f 1507/8646/67 1312/8647/67 1508/8648/67
f 1506/8645/67 1505/8649/67 1310/8644/67
f 1505/8649/67 1504/8650/67 1310/8644/67
f 1310/8644/67 1504/8650/67 1503/8651/67
f 4141/8652/67 4140/8653/67 4176/7804/67
f 4140/8653/67 4139/7753/67 4176/7804/67
f 1628/8654/67 1539/8655/67 4495/8656/67
f 1539/8655/67 1540/8657/67 4495/8656/67
f 1508/8648/67 1312/8647/67 1545/8658/67
f 1312/8647/67 1314/8659/67 1545/8658/67
f 1545/8658/67 1314/8659/67 1544/8660/67
f 4176/7804/67 1509/8661/67 1510/8662/67
f 1541/8663/67 1542/8664/67 1314/8659/67
f 1542/8664/67 1543/8665/67 1314/8659/67
f 1314/8659/67 1543/8665/67 1544/8660/67
f 1509/8661/67 4176/7804/67 1497/8666/67
f 4141/8652/67 4176/7804/67 4143/8667/67
f 4176/7804/67 4161/7778/67 4143/8667/67
f 4143/8667/67 4161/7778/67 4162/7781/67
f 4139/7753/67 1310/8644/67 4176/7804/67
f 1310/8644/67 1503/8651/67 4176/7804/67
f 4176/7804/67 1503/8651/67 1497/8666/67
f 1503/8651/67 1499/8668/67 1497/8666/67
f 1497/8666/67 1499/8668/67 1498/8669/67
f 1510/8662/67 1511/8670/67 4176/7804/67
f 1511/8670/67 1512/8671/67 4176/7804/67
f 4176/7804/67 1512/8671/67 1513/8672/67
f 1513/8672/67 1514/8673/67 4176/7804/67
f 1514/8673/67 1515/8674/67 4176/7804/67
f 4176/7804/67 1515/8674/67 4174/7802/67
f 4162/7781/67 4163/7786/67 4143/8667/67
f 4163/7786/67 4164/7787/67 4143/8667/67
f 4143/8667/67 4164/7787/67 4165/7789/67
f 4165/7789/67 4166/7791/67 4143/8667/67
f 4166/7791/67 4167/7793/67 4143/8667/67
f 4143/8667/67 4167/7793/67 4168/7795/67
f 4196/7830/67 4197/7832/67 1523/8675/67
f 4169/7797/67 4172/7800/67 1519/8676/67
f 1519/8676/67 1520/8677/67 4169/7797/67
f 1520/8677/67 1521/8678/67 4169/7797/67
f 4169/7797/67 1521/8678/67 4201/7842/67
f 1521/8678/67 1522/8679/67 4201/7842/67
f 4201/7842/67 1522/8679/67 4200/7838/67
f 1522/8679/67 1523/8675/67 4200/7838/67
f 1515/8674/67 1516/8680/67 4174/7802/67
f 1516/8680/67 1518/8681/67 4174/7802/67
f 4174/7802/67 1518/8681/67 4172/7800/67
f 1518/8681/67 1517/8682/67 4172/7800/67
f 4172/7800/67 1517/8682/67 1519/8676/67
f 4197/7832/67 4198/7834/67 1523/8675/67
f 4198/7834/67 4199/7836/67 1523/8675/67
f 1523/8675/67 4199/7836/67 4200/7838/67
f 1526/8683/67 4233/7880/67 1525/8684/67
f 4233/7880/67 4202/7843/67 1525/8684/67
f 1525/8684/67 4202/7843/67 1524/8685/67
f 4202/7843/67 4194/7825/67 1524/8685/67
f 1524/8685/67 4194/7825/67 1523/8675/67
f 4194/7825/67 4195/7828/67 1523/8675/67
f 1523/8675/67 4195/7828/67 4196/7830/67
f 4495/8656/67 4236/7886/67 4235/7884/67
f 1526/8683/67 1628/8654/67 4233/7880/67
f 1628/8654/67 4495/8656/67 4233/7880/67
f 4233/7880/67 4495/8656/67 4234/7882/67
f 4495/8656/67 4235/7884/67 4234/7882/67
f 1322/8686/67 4496/8687/67 1320/8688/67
f 4496/8687/67 4241/7898/67 1320/8688/67
f 1540/8657/67 1541/8663/67 4495/8656/67
f 1541/8663/67 1314/8659/67 4495/8656/67
f 4495/8656/67 1314/8659/67 4236/7886/67
f 1314/8659/67 1316/8689/67 4236/7886/67
f 4241/7898/67 4240/7896/67 1320/8688/67
f 4240/7896/67 4239/7894/67 1320/8688/67
f 1320/8688/67 4239/7894/67 1318/8690/67
f 4239/7894/67 4238/7890/67 1318/8690/67
f 1318/8690/67 4238/7890/67 1316/8689/67
f 4238/7890/67 4237/7888/67 1316/8689/67
f 1316/8689/67 4237/7888/67 4236/7886/67
f 4244/7904/67 4243/7902/67 4496/8687/67
f 4243/7902/67 4242/7900/67 4496/8687/67
f 4496/8687/67 4242/7900/67 4241/7898/67
f 1630/8691/67 1629/8692/67 4244/7904/67
f 4353/8058/67 1635/8693/67 1636/8694/67
f 4353/8058/67 1636/8694/67 4351/8056/67
f 4244/7904/67 1629/8692/67 4245/8695/67
f 1629/8692/67 1631/8696/67 4245/8695/67
f 4245/8695/67 1631/8696/67 4246/8697/67
f 1631/8696/67 1632/8698/67 4246/8697/67
f 4246/8697/67 1632/8698/67 4367/8076/67
f 1632/8698/67 1633/8699/67 4367/8076/67
f 4367/8076/67 1633/8699/67 4365/8074/67
f 4359/8068/67 4361/8070/67 1633/8699/67
f 4361/8070/67 4363/8072/67 1633/8699/67
f 1633/8699/67 4363/8072/67 4365/8074/67
f 1635/8693/67 4353/8058/67 1634/8700/67
f 4353/8058/67 4355/8060/67 1634/8700/67
f 1634/8700/67 4355/8060/67 1633/8699/67
f 4355/8060/67 4357/8067/67 1633/8699/67
f 1633/8699/67 4357/8067/67 4359/8068/67
f 1636/8694/67 1637/8701/67 4351/8056/67
f 1637/8701/67 1638/8702/67 4351/8056/67
f 4351/8056/67 1638/8702/67 4349/8054/67
f 1630/8691/67 4244/7904/67 1622/8703/67
f 4244/7904/67 4496/8687/67 1622/8703/67
f 1622/8703/67 4496/8687/67 1623/8704/67
f 1617/8705/67 1618/8706/67 1324/8707/67
f 1608/8708/67 1615/8709/67 4309/7989/67
f 1326/8710/67 1328/8711/67 4310/7991/67
f 1617/8705/67 1324/8707/67 1616/8712/67
f 1324/8707/67 1326/8710/67 1616/8712/67
f 1616/8712/67 1326/8710/67 1615/8709/67
f 1326/8710/67 4310/7991/67 1615/8709/67
f 1615/8709/67 4310/7991/67 4309/7989/67
f 1627/8713/67 1626/8714/67 1322/8686/67
f 1626/8714/67 1625/8715/67 1322/8686/67
f 1322/8686/67 1625/8715/67 4496/8687/67
f 1625/8715/67 1624/8716/67 4496/8687/67
f 4496/8687/67 1624/8716/67 1623/8704/67
f 1618/8706/67 1619/8717/67 1324/8707/67
f 1619/8717/67 1620/8718/67 1324/8707/67
f 1324/8707/67 1620/8718/67 1322/8686/67
f 1620/8718/67 1621/8719/67 1322/8686/67
f 1322/8686/67 1621/8719/67 1627/8713/67
f 1638/8702/67 1640/8720/67 4349/8054/67
f 1640/8720/67 1639/8721/67 4349/8054/67
f 4349/8054/67 1639/8721/67 4347/8052/67
f 1639/8721/67 1641/8722/67 4347/8052/67
f 1641/8722/67 1642/8723/67 4347/8052/67
f 1642/8723/67 1643/8724/67 4347/8052/67
f 4347/8052/67 1643/8724/67 4345/8050/67
f 1643/8724/67 1644/8725/67 4345/8050/67
f 4339/8036/67 4340/8038/67 1645/8726/67
f 4340/8038/67 4341/8040/67 1645/8726/67
f 1608/8708/67 4309/7989/67 1609/8727/67
f 4309/7989/67 4308/7987/67 1609/8727/67
f 1609/8727/67 4308/7987/67 1610/8728/67
f 4308/7987/67 4307/7985/67 1610/8728/67
f 1610/8728/67 4307/7985/67 1647/8729/67
f 4307/7985/67 4306/8730/67 1647/8729/67
f 1647/8729/67 4306/8730/67 1646/8731/67
f 4306/8730/67 4319/8732/67 1646/8731/67
f 1646/8731/67 4319/8732/67 1645/8726/67
f 4319/8732/67 4338/8035/67 1645/8726/67
f 1645/8726/67 4338/8035/67 4339/8036/67
f 4341/8040/67 4342/8042/67 1645/8726/67
f 4342/8042/67 4343/8044/67 1645/8726/67
f 1645/8726/67 4343/8044/67 1644/8725/67
f 4343/8044/67 4344/8049/67 1644/8725/67
f 1644/8725/67 4344/8049/67 4345/8050/67
f 4315/8003/67 4314/8001/67 1332/8733/67
f 4314/8001/67 4313/7999/67 1332/8733/67
f 1332/8733/67 4313/7999/67 1330/8734/67
f 4313/7999/67 4312/7995/67 1330/8734/67
f 1330/8734/67 4312/7995/67 1328/8711/67
f 4312/7995/67 4311/7993/67 1328/8711/67
f 1328/8711/67 4311/7993/67 4310/7991/67
f 1332/8733/67 1334/8735/67 1603/8736/67
f 1332/8733/67 1603/8736/67 4315/8003/67
f 1603/8736/67 1601/8737/67 4315/8003/67
f 4315/8003/67 1601/8737/67 4316/8005/67
f 1594/8738/67 1607/8739/67 1334/8735/67
f 1607/8739/67 1605/8740/67 1334/8735/67
f 1334/8735/67 1605/8740/67 1603/8736/67
f 1594/8738/67 1334/8735/67 1592/8741/67
f 1334/8735/67 1336/8742/67 1592/8741/67
f 1592/8741/67 1336/8742/67 1590/8743/67
f 1601/8737/67 1599/8744/67 4316/8005/67
f 1599/8744/67 1597/8745/67 4316/8005/67
f 4316/8005/67 1597/8745/67 4317/8007/67
f 1597/8745/67 1613/8746/67 4317/8007/67
f 4317/8007/67 1613/8746/67 4318/8009/67
f 1613/8746/67 1611/8747/67 4318/8009/67
f 4318/8009/67 1611/8747/67 4277/8748/67
f 1611/8747/67 1560/8749/67 4277/8748/67
f 4277/8748/67 1560/8749/67 4278/8750/67
f 1560/8749/67 1548/8751/67 4278/8750/67
f 4278/8750/67 1548/8751/67 1550/8752/67
f 1550/8752/67 1552/8753/67 4278/8750/67
f 1552/8753/67 1554/8754/67 4278/8750/67
f 4278/8750/67 1554/8754/67 4275/8755/67
f 1554/8754/67 1556/8756/67 4275/8755/67
f 4275/8755/67 1556/8756/67 4274/7945/67
f 4271/7939/67 1556/8756/67 4270/7937/67
f 1556/8756/67 4253/7916/67 4270/7937/67
f 4271/7939/67 4272/7941/67 1556/8756/67
f 4272/7941/67 4273/7943/67 1556/8756/67
f 1556/8756/67 4273/7943/67 4274/7945/67
f 1556/8756/67 1558/8757/67 4253/7916/67
f 1558/8757/67 1547/8758/67 4253/7916/67
f 4253/7916/67 1547/8758/67 4252/7915/67
f 1547/8758/67 1535/8759/67 4252/7915/67
f 4252/7915/67 1535/8759/67 4251/7914/67
f 4094/7687/67 4095/7688/67 1530/8760/67
f 4095/7688/67 4096/7690/67 1530/8760/67
f 1530/8760/67 4096/7690/67 4097/7692/67
f 1531/8633/67 4101/8632/67 1530/8760/67
f 4101/8632/67 4093/8761/67 1530/8760/67
f 1530/8760/67 4093/8761/67 4094/7687/67
f 1528/8623/67 1529/8762/67 4074/7659/67
f 1529/8762/67 1530/8760/67 4074/7659/67
f 4074/7659/67 1530/8760/67 4098/7694/67
f 1530/8760/67 4097/7692/67 4098/7694/67
f 1568/8763/67 1567/8764/67 4494/8621/67
f 1496/8631/67 1571/8765/67 1349/8620/67
f 1571/8765/67 1570/8766/67 1349/8620/67
f 1349/8620/67 1570/8766/67 4494/8621/67
f 1570/8766/67 1569/8767/67 4494/8621/67
f 4494/8621/67 1569/8767/67 1568/8763/67
f 1567/8764/67 1566/8768/67 1855/8769/67
f 1566/8768/67 1565/8770/67 1855/8769/67
f 1573/8771/67 1572/8772/67 1563/8773/67
f 4074/7659/67 4073/7658/67 1534/8622/67
f 4073/7658/67 4072/8774/67 1534/8622/67
f 1534/8622/67 4072/8774/67 1562/8775/67
f 4072/8774/67 1846/8776/67 1562/8775/67
f 1562/8775/67 1846/8776/67 4493/8777/67
f 1846/8776/67 1854/8778/67 4493/8777/67
f 4493/8777/67 1854/8778/67 1564/8779/67
f 1854/8778/67 1855/8769/67 1564/8779/67
f 1564/8779/67 1855/8769/67 1563/8773/67
f 1855/8769/67 1565/8770/67 1563/8773/67
f 1563/8773/67 1565/8770/67 1573/8771/67
f 1339/8780/67 4497/8781/67 1336/8742/67
f 4497/8781/67 1588/8782/67 1336/8742/67
f 1336/8742/67 1588/8782/67 1590/8743/67
f 1339/8780/67 1341/8783/67 4497/8781/67
f 1341/8783/67 1343/8784/67 4497/8781/67
f 4497/8781/67 1343/8784/67 4494/8621/67
f 1343/8784/67 1345/8785/67 4494/8621/67
f 4494/8621/67 1345/8785/67 1347/8619/67
f 1852/8786/67 1584/8787/67 4497/8781/67
f 1584/8787/67 1586/8788/67 4497/8781/67
f 4497/8781/67 1586/8788/67 1588/8782/67
f 4251/7914/67 1535/8759/67 1850/8789/67
f 1535/8759/67 1537/8790/67 1850/8789/67
f 1850/8789/67 1537/8790/67 1851/8791/67
f 1537/8790/67 4492/8792/67 1851/8791/67
f 1851/8791/67 4492/8792/67 1852/8786/67
f 4492/8792/67 4491/8793/67 1852/8786/67
f 1852/8786/67 4491/8793/67 1580/8794/67
f 1578/8795/67 1576/8796/67 1580/8794/67
f 1576/8796/67 1575/8797/67 1580/8794/67
f 1580/8794/67 1575/8797/67 1852/8786/67
f 1575/8797/67 1582/8798/67 1852/8786/67
f 1852/8786/67 1582/8798/67 1584/8787/67
f 1567/8764/67 1855/8769/67 4494/8621/67
f 1855/8769/67 1361/8799/67 4494/8621/67
f 4494/8621/67 1361/8799/67 1387/8800/67
f 1387/8800/67 1385/8801/67 4494/8621/67
f 1385/8801/67 1383/8802/67 4494/8621/67
f 4494/8621/67 1383/8802/67 1381/8803/67
f 1369/8804/67 4497/8781/67 1371/8805/67
f 4497/8781/67 1373/8806/67 1371/8805/67
f 1369/8804/67 1367/8807/67 4497/8781/67
f 1367/8807/67 1365/8808/67 4497/8781/67
f 4497/8781/67 1365/8808/67 1852/8786/67
f 1365/8808/67 1388/8809/67 1852/8786/67
f 1852/8786/67 1388/8809/67 1855/8769/67
f 1388/8809/67 1363/8810/67 1855/8769/67
f 1855/8769/67 1363/8810/67 1361/8799/67
f 1381/8803/67 1379/8811/67 4494/8621/67
f 1379/8811/67 1377/8812/67 4494/8621/67
f 4494/8621/67 1377/8812/67 4497/8781/67
f 1377/8812/67 1375/8813/67 4497/8781/67
f 4497/8781/67 1375/8813/67 1373/8806/67
f 1856/8814/4 4249/7912/4 1850/8789/4
f 4249/7912/4 4251/7914/4 1850/8789/4
f 4247/7908/92 4249/7910/92 926/1202/92
f 4249/7910/92 1856/2527/92 926/1202/92
f 926/1202/92 1856/2527/92 927/1203/92
f 1856/2527/92 1857/2528/92 927/1203/92
f 927/1203/92 1857/2528/92 4498/8815/92
f 1857/2528/92 1858/6448/92 4498/8815/92
f 4498/8815/92 1858/6448/92 4037/8816/92
f 1858/6448/92 3616/6447/92 4037/8816/92
f 4037/8816/92 3616/6447/92 3620/6456/92
f 3616/6447/92 3618/6454/92 3620/6456/92
f 928/8817/1066 929/8818/1066 4037/8816/1066
f 929/8818/1066 4498/8815/1066 4037/8816/1066
f 4499/8819/179 924/1205/179 927/1203/179
f 4498/8815/179 929/8818/179 4500/8820/179
f 4500/8820/179 4501/8821/179 4498/8815/179
f 4501/8821/179 4502/8822/179 4498/8815/179
f 4498/8815/179 4502/8822/179 927/1203/179
f 4502/8822/179 4503/8823/179 927/1203/179
f 927/1203/179 4503/8823/179 4499/8819/179
f 2503/8824/1 2504/8825/1 2486/8826/1
f 2460/8827/1 2479/8828/1 2455/8829/1
f 2506/8830/1 2509/8831/1 2504/8825/1
f 2509/8831/1 3281/8832/1 2504/8825/1
f 2504/8825/1 3281/8832/1 2455/8829/1
f 2455/8829/1 2479/8828/1 2504/8825/1
f 2479/8828/1 2481/8833/1 2504/8825/1
f 2504/8825/1 2481/8833/1 2486/8826/1
f 3281/8832/1 3279/8834/1 2455/8829/1
f 3279/8834/1 2436/8835/1 2455/8829/1
f 2455/8829/1 2436/8835/1 2452/8836/1
f 2436/8835/1 2451/8837/1 2452/8836/1
f 2506/8830/1 2522/8838/1 2509/8831/1
f 2522/8838/1 2520/8839/1 2509/8831/1
f 2509/8831/1 2520/8839/1 2510/8840/1
f 2455/8829/1 2457/8841/1 2460/8827/1
f 2457/8841/1 2473/8842/1 2460/8827/1
f 2460/8827/1 2473/8842/1 2471/8843/1
f 2497/8844/1 2499/8845/1 2486/8826/1
f 2499/8845/1 2501/8846/1 2486/8826/1
f 2486/8826/1 2501/8846/1 2503/8824/1
f 2520/8839/1 2518/8847/1 2516/8848/1
f 2460/8827/1 2465/8849/1 2461/8850/1
f 2465/8849/561 2463/8851/561 2461/8850/561
f 2489/8852/559 2491/8853/559 2493/8854/559
f 2516/8848/1 2514/8855/1 2520/8839/1
f 2514/8855/1 2512/8856/1 2520/8839/1
f 2520/8839/1 2512/8856/1 2510/8840/1
f 2451/8837/1 2436/8835/1 2449/8857/1
f 2436/8835/1 2439/8858/1 2449/8857/1
f 2449/8857/1 2439/8858/1 2441/8859/1
f 2471/8843/1 2469/8860/1 2460/8827/1
f 2469/8860/1 2467/8861/1 2460/8827/1
f 2460/8827/1 2467/8861/1 2465/8849/1
f 2441/8859/1 2443/8862/1 2449/8857/1
f 2443/8862/1 2445/8863/1 2449/8857/1
f 2449/8857/1 2445/8863/1 2447/8864/1
f 2489/8852/1 2493/8854/1 2486/8826/1
f 2493/8854/1 2495/8865/1 2486/8826/1
f 2486/8826/1 2495/8865/1 2497/8844/1
f 463/8866/1 465/8867/1 745/8868/1
f 745/8868/1 465/8867/1 794/8869/1
f 792/8870/1 768/8871/1 794/8869/1
f 768/8871/1 770/8872/1 794/8869/1
f 794/8869/1 770/8872/1 745/8868/1
f 465/8867/1 467/8873/1 794/8869/1
f 467/8873/1 469/8874/1 794/8869/1
f 794/8869/1 469/8874/1 796/8875/1
f 469/8874/1 811/8876/1 796/8875/1
f 770/8872/1 766/8877/1 745/8868/1
f 766/8877/1 749/8878/1 745/8868/1
f 745/8868/1 749/8878/1 747/8879/1
f 749/8878/1 764/8880/1 747/8879/1
f 745/8868/1 743/8881/1 463/8866/1
f 743/8881/1 740/8882/1 463/8866/1
f 463/8866/1 740/8882/1 738/8883/1
f 792/8870/1 790/8884/1 768/8871/1
f 790/8884/1 788/8885/1 768/8871/1
f 768/8871/1 788/8885/1 778/8886/1
f 728/8887/1 463/8866/1 730/8888/1
f 463/8866/1 732/8889/1 730/8888/1
f 788/8885/1 786/8890/1 784/8891/1
f 738/8883/1 736/8892/1 463/8866/1
f 736/8892/1 734/8893/1 463/8866/1
f 463/8866/1 734/8893/1 732/8889/1
f 799/8894/1 801/8895/1 469/8874/1
f 801/8895/1 803/8896/1 469/8874/1
f 469/8874/1 803/8896/1 805/8897/1
f 805/8897/1 807/8898/1 469/8874/1
f 807/8898/1 809/8899/1 469/8874/1
f 469/8874/1 809/8899/1 811/8876/1
f 784/8891/1 782/8900/1 788/8885/1
f 782/8900/1 780/8901/1 788/8885/1
f 788/8885/1 780/8901/1 778/8886/1
f 764/8880/1 749/8878/1 762/8902/1
f 749/8878/1 752/8903/1 762/8902/1
f 762/8902/1 752/8903/1 754/8904/1
f 754/8904/1 756/8905/1 762/8902/1
f 756/8905/1 758/8906/1 762/8902/1
f 762/8902/1 758/8906/1 760/8907/1
f 3017/8908/1 3021/8909/1 3023/8910/1
f 3230/8911/1 3228/8912/1 3232/8913/1
f 2551/8914/1 2552/8915/1 2534/8916/1
f 2597/8917/1 2595/8918/1 4504/8919/1
f 361/8920/1 363/8921/1 375/8922/1
f 663/8923/1 664/8924/1 455/8925/1
f 709/8926/1 707/8927/1 4505/8928/1
f 2798/8929/1 2802/8930/1 888/8931/1
f 924/1200/1 4499/8932/1 933/8933/1
f 4499/8932/1 4506/8934/1 933/8933/1
f 933/8933/1 4506/8934/1 934/8935/1
f 3277/8936/1 939/8937/1 4506/8934/1
f 939/8937/1 936/8938/1 4506/8934/1
f 4506/8934/1 936/8938/1 934/8935/1
f 933/8933/1 939/8937/1 924/1200/1
f 939/8937/1 3277/8936/1 924/1200/1
f 924/1200/1 3277/8936/1 916/1198/1
f 3277/8936/1 3274/8939/1 916/1198/1
f 916/1198/1 3274/8939/1 915/8940/1
f 3274/8939/1 3104/8941/1 915/8940/1
f 915/8940/1 3104/8941/1 913/8942/1
f 3104/8941/1 923/8943/1 913/8942/1
f 3104/8941/1 3108/8944/1 923/8943/1
f 3108/8944/1 3270/8945/1 923/8943/1
f 923/8943/1 3270/8945/1 4466/8946/1
f 3270/8945/1 3272/8947/1 4466/8946/1
f 4466/8946/1 3272/8947/1 908/8948/1
f 3116/8949/1 907/8950/1 3112/8951/1
f 907/8950/1 908/8948/1 3112/8951/1
f 3112/8951/1 908/8948/1 3268/8952/1
f 908/8948/1 3272/8947/1 3268/8952/1
f 3128/8953/1 3132/8954/1 910/8955/1
f 910/8955/1 3132/8954/1 4439/8956/1
f 3132/8954/1 3226/8957/1 4439/8956/1
f 4439/8956/1 3226/8957/1 4465/8958/1
f 3226/8957/1 3224/8959/1 4465/8958/1
f 4465/8958/1 3224/8959/1 848/8960/1
f 3140/8961/1 846/8962/1 3136/8963/1
f 846/8962/1 848/8960/1 3136/8963/1
f 3136/8963/1 848/8960/1 3219/8964/1
f 848/8960/1 3224/8959/1 3219/8964/1
f 3152/8965/1 3156/8966/1 845/8967/1
f 3156/8966/1 3176/8968/1 845/8967/1
f 845/8967/1 3176/8968/1 4444/8969/1
f 3176/8968/1 3178/8970/1 4444/8969/1
f 4444/8969/1 3178/8970/1 861/8971/1
f 3178/8970/1 3174/8972/1 861/8971/1
f 3174/8972/1 3160/8973/1 861/8971/1
f 861/8971/1 3160/8973/1 852/8974/1
f 3160/8973/1 3164/8975/1 852/8974/1
f 883/8976/1 4504/8919/1 880/8977/1
f 4504/8919/1 869/1116/1 880/8977/1
f 880/8977/1 869/1116/1 879/8978/1
f 869/1116/1 863/1107/1 879/8978/1
f 863/1107/1 854/1105/1 879/8978/1
f 879/8978/1 854/1105/1 882/8979/1
f 3171/8980/1 854/1105/1 3164/8975/1
f 854/1105/1 853/8981/1 3164/8975/1
f 3164/8975/1 853/8981/1 852/8974/1
f 883/8976/1 882/8979/1 4504/8919/1
f 882/8979/1 854/1105/1 4504/8919/1
f 4504/8919/1 854/1105/1 3169/8982/1
f 854/1105/1 3171/8980/1 3169/8982/1
f 867/1113/1 866/1112/1 967/8983/1
f 450/8984/1 973/8985/1 4507/8986/1
f 973/8985/1 970/8987/1 4507/8986/1
f 4507/8986/1 970/8987/1 968/8988/1
f 967/8983/1 973/8985/1 867/1113/1
f 973/8985/1 450/8984/1 867/1113/1
f 867/1113/1 450/8984/1 859/1124/1
f 450/8984/1 472/8989/1 859/1124/1
f 859/1124/1 472/8989/1 857/8990/1
f 472/8989/1 479/8991/1 857/8990/1
f 857/8990/1 479/8991/1 876/8992/1
f 479/8991/1 475/8993/1 876/8992/1
f 475/8993/1 477/8994/1 876/8992/1
f 876/8992/1 477/8994/1 4025/8995/1
f 477/8994/1 481/8996/1 4025/8995/1
f 4025/8995/1 481/8996/1 963/8997/1
f 513/8998/1 509/8999/1 531/9000/1
f 509/8999/1 511/9001/1 531/9000/1
f 531/9000/1 511/9001/1 530/9002/1
f 513/8998/1 962/9003/1 494/9004/1
f 962/9003/1 486/9005/1 494/9004/1
f 513/8998/1 531/9000/1 962/9003/1
f 531/9000/1 537/9006/1 962/9003/1
f 962/9003/1 537/9006/1 965/9007/1
f 481/8996/1 483/9008/1 963/8997/1
f 483/9008/1 489/9009/1 963/8997/1
f 963/8997/1 489/9009/1 962/9003/1
f 489/9009/1 484/9010/1 962/9003/1
f 962/9003/1 484/9010/1 486/9005/1
f 505/9011/1 503/9012/1 501/9013/1
f 486/9005/1 491/9014/1 494/9004/1
f 491/9014/1 507/9015/1 494/9004/1
f 494/9004/1 507/9015/1 495/9016/1
f 507/9015/1 497/9017/1 495/9016/1
f 530/9002/1 511/9001/1 528/9018/1
f 511/9001/1 516/9019/1 528/9018/1
f 528/9018/1 516/9019/1 518/9020/1
f 505/9011/1 501/9013/1 507/9015/1
f 501/9013/1 499/9021/1 507/9015/1
f 507/9015/1 499/9021/1 497/9017/1
f 518/9020/1 520/9022/1 528/9018/1
f 520/9022/1 522/9023/1 528/9018/1
f 528/9018/1 522/9023/1 526/9024/1
f 522/9023/1 524/9025/1 526/9024/1
f 589/9026/1 590/9027/1 570/9028/1
f 553/9029/1 572/9030/1 546/9031/1
f 572/9030/1 568/9032/1 546/9031/1
f 546/9031/1 568/9032/1 2680/9033/1
f 570/9028/1 590/9027/1 568/9032/1
f 568/9032/1 590/9027/1 2680/9033/1
f 590/9027/1 596/9034/1 2680/9033/1
f 2680/9033/1 596/9034/1 2683/9035/1
f 537/9006/1 533/9036/1 965/9007/1
f 533/9036/1 535/9037/1 965/9007/1
f 965/9007/1 535/9037/1 4027/9038/1
f 535/9037/1 539/9039/1 4027/9038/1
f 4027/9038/1 539/9039/1 4021/9040/1
f 539/9039/1 541/9041/1 4021/9040/1
f 4021/9040/1 541/9041/1 2681/9042/1
f 541/9041/1 548/9043/1 2681/9042/1
f 2681/9042/1 548/9043/1 2680/9033/1
f 548/9043/1 544/9044/1 2680/9033/1
f 2680/9033/1 544/9044/1 546/9031/1
f 570/9028/1 581/9045/1 583/9046/1
f 581/9045/1 570/9028/1 579/9047/1
f 570/9028/1 575/9048/1 579/9047/1
f 579/9047/559 575/9048/559 577/9049/559
f 583/9046/1 585/9050/1 570/9028/1
f 585/9050/1 587/9051/1 570/9028/1
f 570/9028/1 587/9051/1 589/9026/1
f 564/9052/1 562/9053/1 560/9054/1
f 546/9031/1 550/9055/1 553/9029/1
f 550/9055/1 566/9056/1 553/9029/1
f 553/9029/1 566/9056/1 554/9057/1
f 566/9056/1 556/9058/1 554/9057/1
f 564/9052/1 560/9054/1 566/9056/1
f 560/9054/1 558/9059/1 566/9056/1
f 566/9056/1 558/9059/1 556/9058/1
f 2674/9060/1 4505/8928/1 2676/9061/1
f 4505/8928/1 4500/9062/1 2676/9061/1
f 2676/9061/1 4500/9062/1 2673/9063/1
f 4500/9062/1 929/1209/1 2673/9063/1
f 929/1209/1 921/1207/1 2673/9063/1
f 2673/9063/1 921/1207/1 2672/9064/1
f 596/9034/1 592/9065/1 2683/9035/1
f 592/9065/1 594/9066/1 2683/9035/1
f 2683/9035/1 594/9066/1 4038/9067/1
f 594/9066/1 598/9068/1 4038/9067/1
f 4038/9067/1 598/9068/1 931/9069/1
f 2674/9060/1 2672/9064/1 4505/8928/1
f 2672/9064/1 921/1207/1 4505/8928/1
f 4505/8928/1 921/1207/1 462/9070/1
f 598/9068/1 600/9071/1 931/9069/1
f 600/9071/1 606/9072/1 931/9069/1
f 931/9069/1 606/9072/1 920/9073/1
f 606/9072/1 602/9074/1 920/9073/1
f 920/9073/1 602/9074/1 921/1207/1
f 602/9074/1 604/9075/1 921/1207/1
f 921/1207/1 604/9075/1 462/9070/1
f 705/9076/1 2652/9077/1 4501/9078/1
f 2652/9077/1 2653/9079/1 4501/9078/1
f 4501/9078/1 2653/9079/1 4502/9080/1
f 2633/9081/1 4502/9080/1 2928/9082/1
f 4502/9080/1 2653/9079/1 2928/9082/1
f 2928/9082/1 2653/9079/1 2930/9083/1
f 2653/9079/1 2668/9084/1 2930/9083/1
f 2930/9083/1 2668/9084/1 2629/9085/1
f 695/9086/1 2664/9087/1 697/9088/1
f 2664/9087/1 2662/9089/1 697/9088/1
f 697/9088/1 2662/9089/1 699/9090/1
f 2662/9089/1 2660/9091/1 699/9090/1
f 699/9090/1 2660/9091/1 701/9092/1
f 2660/9091/1 2658/9093/1 701/9092/1
f 701/9092/1 2658/9093/1 703/9094/1
f 2658/9093/1 2656/9095/1 703/9094/1
f 703/9094/1 2656/9095/1 705/9076/1
f 2656/9095/1 2654/9096/1 705/9076/1
f 705/9076/1 2654/9096/1 2652/9077/1
f 829/9097/1 831/9098/1 671/9099/1
f 693/9100/1 2668/9084/1 695/9086/1
f 2668/9084/1 2666/9101/1 695/9086/1
f 695/9086/1 2666/9101/1 2664/9087/1
f 2943/4429/1 2932/4428/1 2625/9102/1
f 2972/4492/1 2952/4491/1 2977/9103/1
f 2952/4491/1 2950/9104/1 2977/9103/1
f 2977/9103/1 2950/9104/1 2973/9105/1
f 2950/9104/1 832/9106/1 2973/9105/1
f 2943/4429/1 2625/9102/1 2945/9107/1
f 823/9108/1 825/9109/1 671/9099/1
f 825/9109/1 827/9110/1 671/9099/1
f 671/9099/1 827/9110/1 829/9097/1
f 831/9098/1 832/9106/1 671/9099/1
f 832/9106/1 2950/9104/1 671/9099/1
f 671/9099/1 2950/9104/1 673/9111/1
f 2950/9104/1 675/9112/1 673/9111/1
f 693/9100/1 691/9113/1 2668/9084/1
f 691/9113/1 2945/9107/1 2668/9084/1
f 2668/9084/1 2945/9107/1 2629/9085/1
f 2945/9107/1 2625/9102/1 2629/9085/1
f 691/9113/1 689/9114/1 2945/9107/1
f 689/9114/1 687/9115/1 2945/9107/1
f 2945/9107/1 687/9115/1 2946/9116/1
f 687/9115/1 685/9117/1 2946/9116/1
f 2946/9116/1 685/9117/1 2947/9118/1
f 685/9117/1 683/9119/1 2947/9118/1
f 2947/9118/1 683/9119/1 2948/9120/1
f 683/9119/1 681/9121/1 2948/9120/1
f 2948/9120/1 681/9121/1 2949/9122/1
f 681/9121/1 679/9123/1 2949/9122/1
f 2949/9122/1 679/9123/1 2950/9104/1
f 679/9123/1 677/9124/1 2950/9104/1
f 2950/9104/1 677/9124/1 675/9112/1
f 872/1119/1 871/1118/1 2691/9125/1
f 2817/9126/1 2693/9127/1 2815/9128/1
f 2693/9127/1 2691/9125/1 2815/9128/1
f 2815/9128/1 2691/9125/1 2812/9129/1
f 2691/9125/1 871/1118/1 2812/9129/1
f 2812/9129/1 871/1118/1 2810/9130/1
f 2685/9131/1 390/9132/1 2686/9133/1
f 390/9132/1 2688/9134/1 2686/9133/1
f 2696/9135/1 400/9136/1 2698/9137/1
f 400/9136/1 398/9138/1 2698/9137/1
f 2698/9137/1 398/9138/1 2700/9139/1
f 398/9138/1 396/9140/1 2700/9139/1
f 2700/9139/1 396/9140/1 2702/9141/1
f 396/9140/1 394/9142/1 2702/9141/1
f 2702/9141/1 394/9142/1 2685/9131/1
f 394/9142/1 392/9143/1 2685/9131/1
f 2685/9131/1 392/9143/1 390/9132/1
f 2823/9144/1 2834/4155/1 2850/4154/1
f 2823/9144/1 2850/4154/1 2819/9145/1
f 2850/4154/1 311/9146/1 2819/9145/1
f 2819/9145/1 311/9146/1 2817/9126/1
f 336/9147/1 338/9148/1 302/9149/1
f 338/9148/1 375/8922/1 302/9149/1
f 302/9149/1 375/8922/1 422/9150/1
f 338/9148/1 343/9151/1 375/8922/1
f 343/9151/1 359/9152/1 375/8922/1
f 375/8922/1 359/9152/1 357/9153/1
f 336/9147/1 302/9149/1 340/9154/1
f 302/9149/1 315/343/1 340/9154/1
f 340/9154/1 315/343/1 331/342/1
f 2817/9126/1 311/9146/1 2693/9127/1
f 311/9146/1 406/9155/1 2693/9127/1
f 2693/9127/1 406/9155/1 404/9156/1
f 2696/9135/1 2694/9157/1 400/9136/1
f 2694/9157/1 2693/9127/1 400/9136/1
f 400/9136/1 2693/9127/1 402/9158/1
f 2693/9127/1 404/9156/1 402/9158/1
f 422/9150/1 420/9159/1 302/9149/1
f 420/9159/1 418/9160/1 302/9149/1
f 302/9149/1 418/9160/1 303/9161/1
f 418/9160/1 416/9162/1 303/9161/1
f 303/9161/1 416/9162/1 305/9163/1
f 416/9162/1 414/9164/1 305/9163/1
f 305/9163/1 414/9164/1 307/9165/1
f 414/9164/1 412/9166/1 307/9165/1
f 307/9165/1 412/9166/1 309/9167/1
f 412/9166/1 410/9168/1 309/9167/1
f 309/9167/1 410/9168/1 311/9146/1
f 410/9168/1 408/9169/1 311/9146/1
f 311/9146/1 408/9169/1 406/9155/1
f 4502/9080/1 955/9170/1 4503/9171/1
f 955/9170/1 957/9172/1 4503/9171/1
f 4503/9171/1 957/9172/1 3038/9173/1
f 957/9172/1 958/9174/1 3038/9173/1
f 3038/9173/1 958/9174/1 952/9175/1
f 944/9176/1 3048/9177/1 946/9178/1
f 3048/9177/1 3046/9179/1 946/9178/1
f 946/9178/1 3046/9179/1 948/9180/1
f 3046/9179/1 3044/9181/1 948/9180/1
f 948/9180/1 3044/9181/1 950/9182/1
f 3044/9181/1 3042/9183/1 950/9182/1
f 950/9182/1 3042/9183/1 952/9175/1
f 3042/9183/1 3040/9184/1 952/9175/1
f 952/9175/1 3040/9184/1 3038/9173/1
f 944/9176/1 942/9185/1 3048/9177/1
f 942/9185/1 941/9186/1 3048/9177/1
f 3048/9177/1 941/9186/1 3050/9187/1
f 2633/9081/1 2637/9188/1 4502/9080/1
f 2637/9188/1 2639/9189/1 4502/9080/1
f 4502/9080/1 2639/9189/1 955/9170/1
f 2639/9189/1 2926/9190/1 955/9170/1
f 955/9170/1 2926/9190/1 941/9186/1
f 2926/9190/1 2924/9191/1 941/9186/1
f 941/9186/1 2924/9191/1 2899/9192/1
f 2924/9191/1 2642/9193/1 2899/9192/1
f 2899/9192/1 2642/9193/1 2902/4362/1
f 2642/9193/1 2646/9194/1 2902/4362/1
f 2902/4362/1 2646/9194/1 2921/4363/1
f 2989/9195/1 2993/9196/1 2894/9197/1
f 2993/9196/1 3023/8910/1 2894/9197/1
f 2894/9197/1 3023/8910/1 3063/9198/1
f 2993/9196/1 2995/9199/1 3023/8910/1
f 2995/9199/1 3011/9200/1 3023/8910/1
f 3023/8910/1 3011/9200/1 3009/9201/1
f 2989/9195/1 2894/9197/1 2985/9202/1
f 2894/9197/1 2888/4300/1 2985/9202/1
f 2985/9202/1 2888/4300/1 2887/4299/1
f 3063/9198/1 3065/9203/1 2894/9197/1
f 3065/9203/1 3067/9204/1 2894/9197/1
f 2894/9197/1 3067/9204/1 2895/9205/1
f 3067/9204/1 3069/9206/1 2895/9205/1
f 2895/9205/1 3069/9206/1 2896/9207/1
f 3069/9206/1 3062/9208/1 2896/9207/1
f 2896/9207/1 3062/9208/1 2897/9209/1
f 3062/9208/1 3060/9210/1 2897/9209/1
f 2897/9209/1 3060/9210/1 2898/9211/1
f 3060/9210/1 3058/9212/1 2898/9211/1
f 2898/9211/1 3058/9212/1 2899/9192/1
f 3058/9212/1 3056/9213/1 2899/9192/1
f 3056/9213/1 3054/9214/1 2899/9192/1
f 2899/9192/1 3054/9214/1 941/9186/1
f 3054/9214/1 3052/9215/1 941/9186/1
f 941/9186/1 3052/9215/1 3050/9187/1
f 2593/9216/1 902/9217/1 870/1117/1
f 902/9217/1 887/9218/1 870/1117/1
f 870/1117/1 887/9218/1 871/1118/1
f 888/8931/1 2802/8930/1 887/9218/1
f 2802/8930/1 2804/9219/1 887/9218/1
f 887/9218/1 2804/9219/1 871/1118/1
f 2804/9219/1 2806/9220/1 871/1118/1
f 871/1118/1 2806/9220/1 2810/9130/1
f 2583/9221/1 897/9222/1 2585/9223/1
f 897/9222/1 895/9224/1 2585/9223/1
f 2585/9223/1 895/9224/1 2587/9225/1
f 895/9224/1 893/9226/1 2587/9225/1
f 2587/9225/1 893/9226/1 2589/9227/1
f 893/9226/1 891/9228/1 2589/9227/1
f 2589/9227/1 891/9228/1 2591/9229/1
f 891/9228/1 890/9230/1 2591/9229/1
f 2591/9229/1 890/9230/1 2593/9216/1
f 890/9230/1 903/9231/1 2593/9216/1
f 2593/9216/1 903/9231/1 902/9217/1
f 2773/4025/1 2787/4024/1 2794/9232/1
f 2719/9233/1 2721/9234/1 2559/9235/1
f 2581/9236/1 888/8931/1 2583/9221/1
f 888/8931/1 899/9237/1 2583/9221/1
f 2583/9221/1 899/9237/1 897/9222/1
f 2773/4025/1 2794/9232/1 2760/9238/1
f 2719/9233/1 2559/9235/1 2717/9239/1
f 2739/3972/1 2755/3971/1 2728/9240/1
f 2755/3971/1 2758/9241/1 2728/9240/1
f 2728/9240/1 2758/9241/1 2724/9242/1
f 2758/9241/1 2722/9243/1 2724/9242/1
f 2581/9236/1 2579/9244/1 888/8931/1
f 2579/9244/1 2760/9238/1 888/8931/1
f 888/8931/1 2760/9238/1 2798/8929/1
f 2760/9238/1 2794/9232/1 2798/8929/1
f 2579/9244/1 2577/9245/1 2760/9238/1
f 2577/9245/1 2575/9246/1 2760/9238/1
f 2760/9238/1 2575/9246/1 2761/9247/1
f 2575/9246/1 2573/9248/1 2761/9247/1
f 2761/9247/1 2573/9248/1 2763/9249/1
f 2573/9248/1 2571/9250/1 2763/9249/1
f 2763/9249/1 2571/9250/1 2765/9251/1
f 2571/9250/1 2569/9252/1 2765/9251/1
f 2765/9251/1 2569/9252/1 2767/9253/1
f 2569/9252/1 2567/9254/1 2767/9253/1
f 2767/9253/1 2567/9254/1 2758/9241/1
f 2567/9254/1 2565/9255/1 2758/9241/1
f 2758/9241/1 2565/9255/1 2563/9256/1
f 2721/9234/1 2722/9243/1 2559/9235/1
f 2722/9243/1 2758/9241/1 2559/9235/1
f 2559/9235/1 2758/9241/1 2561/9257/1
f 2758/9241/1 2563/9256/1 2561/9257/1
f 671/9099/1 371/9258/1 373/9259/1
f 671/9099/1 373/9259/1 823/9108/1
f 373/9259/1 367/9260/1 823/9108/1
f 823/9108/1 367/9260/1 369/9261/1
f 369/9261/1 817/9262/1 823/9108/1
f 817/9262/1 819/9263/1 823/9108/1
f 823/9108/1 819/9263/1 821/9264/1
f 3422/9265/1 3420/9266/1 4505/8928/1
f 3420/9266/1 3418/9267/1 4505/8928/1
f 3398/9268/1 3396/9269/1 4501/9078/1
f 3406/9270/1 4500/9062/1 3408/9271/1
f 4500/9062/1 3410/9272/1 3408/9271/1
f 3418/9267/1 3416/9273/1 4505/8928/1
f 3416/9273/1 3414/9274/1 4505/8928/1
f 4505/8928/1 3414/9274/1 4500/9062/1
f 3414/9274/1 3412/9275/1 4500/9062/1
f 4500/9062/1 3412/9275/1 3410/9272/1
f 3406/9270/1 3404/9276/1 4500/9062/1
f 3404/9276/1 3402/9277/1 4500/9062/1
f 4500/9062/1 3402/9277/1 4501/9078/1
f 3402/9277/1 3400/9278/1 4501/9078/1
f 4501/9078/1 3400/9278/1 3398/9268/1
f 3430/9279/1 3428/9280/1 707/8927/1
f 3428/9280/1 3426/9281/1 707/8927/1
f 707/8927/1 3426/9281/1 4505/8928/1
f 3426/9281/1 3424/9282/1 4505/8928/1
f 4505/8928/1 3424/9282/1 3422/9265/1
f 3396/9269/1 3394/9283/1 4501/9078/1
f 3394/9283/1 3392/9284/1 4501/9078/1
f 4501/9078/1 3392/9284/1 705/9076/1
f 3392/9284/1 3390/9285/1 705/9076/1
f 3390/9285/1 3436/9286/1 705/9076/1
f 3436/9286/1 3434/9287/1 705/9076/1
f 705/9076/1 3434/9287/1 707/8927/1
f 3434/9287/1 3432/9288/1 707/8927/1
f 707/8927/1 3432/9288/1 3430/9279/1
f 664/8924/1 666/9289/1 668/9290/1
f 668/9290/1 715/9291/1 664/8924/1
f 715/9291/1 713/9292/1 664/8924/1
f 664/8924/1 713/9292/1 4505/8928/1
f 713/9292/1 711/9293/1 4505/8928/1
f 4505/8928/1 711/9293/1 709/8926/1
f 462/9070/1 460/9294/1 4505/8928/1
f 460/9294/1 458/9295/1 4505/8928/1
f 4505/8928/1 458/9295/1 664/8924/1
f 458/9295/1 453/9296/1 664/8924/1
f 664/8924/1 453/9296/1 455/8925/1
f 455/8925/559 649/9297/559 651/9298/559
f 651/9298/1 653/9299/1 455/8925/1
f 653/9299/1 655/9300/1 455/8925/1
f 455/8925/1 655/9300/1 657/9301/1
f 657/9301/1 659/9302/1 455/8925/1
f 659/9302/1 661/9303/1 455/8925/1
f 455/8925/1 661/9303/1 663/8923/1
f 451/9304/1 446/9305/1 4507/8986/1
f 446/9305/1 448/9306/1 4507/8986/1
f 4507/8986/1 448/9306/1 450/8984/1
f 442/9307/1 440/9308/1 438/9309/1
f 426/9310/1 428/9311/1 431/9312/1
f 428/9311/1 444/9313/1 431/9312/1
f 431/9312/1 444/9313/1 432/9314/1
f 444/9313/1 434/9315/1 432/9314/1
f 442/9307/1 438/9309/1 444/9313/1
f 438/9309/1 436/9316/1 444/9313/1
f 444/9313/1 436/9316/1 434/9315/1
f 4507/8986/1 388/9317/1 386/9318/1
f 386/9318/1 384/9319/1 4507/8986/1
f 384/9319/1 426/9310/1 4507/8986/1
f 4507/8986/1 426/9310/1 451/9304/1
f 426/9310/1 431/9312/1 451/9304/1
f 378/9320/1 423/9321/1 380/9322/1
f 423/9321/1 426/9310/1 380/9322/1
f 380/9322/1 426/9310/1 382/9323/1
f 426/9310/1 384/9319/1 382/9323/1
f 4507/8986/1 3462/9324/1 3460/9325/1
f 3470/9326/1 3468/9327/1 866/1112/1
f 3468/9327/1 3466/9328/1 866/1112/1
f 866/1112/1 3466/9328/1 3464/9329/1
f 968/8988/1 967/8983/1 4507/8986/1
f 967/8983/1 866/1112/1 4507/8986/1
f 4507/8986/1 866/1112/1 3462/9324/1
f 866/1112/1 3464/9329/1 3462/9324/1
f 3440/9330/1 3438/9331/1 390/9132/1
f 3438/9331/1 872/1119/1 390/9132/1
f 390/9132/1 872/1119/1 2688/9134/1
f 872/1119/1 2691/9125/1 2688/9134/1
f 3438/9331/1 3484/9332/1 872/1119/1
f 3484/9332/1 3482/9333/1 872/1119/1
f 872/1119/1 3482/9333/1 3480/9334/1
f 872/1119/1 3474/9335/1 866/1112/1
f 3474/9335/1 3472/9336/1 866/1112/1
f 866/1112/1 3472/9336/1 3470/9326/1
f 3460/9325/1 3458/9337/1 4507/8986/1
f 3458/9337/1 3456/9338/1 4507/8986/1
f 4507/8986/1 3456/9338/1 3454/9339/1
f 3454/9339/1 3452/9340/1 4507/8986/1
f 3452/9340/1 3450/9341/1 4507/8986/1
f 4507/8986/1 3450/9341/1 388/9317/1
f 3450/9341/1 3448/9342/1 388/9317/1
f 3448/9342/1 3446/9343/1 388/9317/1
f 3446/9343/1 3444/9344/1 388/9317/1
f 388/9317/1 3444/9344/1 390/9132/1
f 3444/9344/1 3442/9345/1 390/9132/1
f 390/9132/1 3442/9345/1 3440/9330/1
f 3480/9334/1 3478/9346/1 872/1119/1
f 3478/9346/1 3476/9347/1 872/1119/1
f 872/1119/1 3476/9347/1 3474/9335/1
f 349/9348/1 347/9349/1 346/9350/1
f 357/9153/1 355/9351/1 375/8922/1
f 355/9351/1 353/9352/1 375/8922/1
f 375/8922/1 353/9352/1 361/8920/1
f 353/9352/1 365/9353/1 361/8920/1
f 365/9353/1 353/9352/1 346/9350/1
f 353/9352/1 351/9354/1 346/9350/1
f 346/9350/1 351/9354/1 349/9348/1
f 2559/9235/1 2604/9355/1 2606/9356/1
f 2606/9356/1 2713/9357/1 2559/9235/1
f 2713/9357/1 2715/9358/1 2559/9235/1
f 2559/9235/1 2715/9358/1 2717/9239/1
f 2704/9359/1 2707/9360/1 2709/9361/1
f 2606/9356/1 2610/9362/1 2713/9357/1
f 2610/9362/1 2704/9359/1 2713/9357/1
f 2713/9357/1 2704/9359/1 2711/9363/1
f 2704/9359/1 2709/9361/1 2711/9363/1
f 3542/9364/1 3540/9365/1 4504/8919/1
f 3540/9365/1 3538/9366/1 4504/8919/1
f 870/1117/1 3566/9367/1 3564/9368/1
f 3580/9369/1 869/1116/1 3534/9370/1
f 869/1116/1 4504/8919/1 3534/9370/1
f 3534/9370/1 4504/8919/1 3536/9371/1
f 4504/8919/1 3538/9366/1 3536/9371/1
f 3558/9372/1 2593/9216/1 3560/9373/1
f 2593/9216/1 870/1117/1 3560/9373/1
f 3560/9373/1 870/1117/1 3562/9374/1
f 870/1117/1 3564/9368/1 3562/9374/1
f 3580/9369/1 3578/9375/1 869/1116/1
f 3578/9375/1 3576/9376/1 869/1116/1
f 869/1116/1 3576/9376/1 3574/9377/1
f 3574/9377/1 3572/9378/1 869/1116/1
f 3572/9378/1 3570/9379/1 869/1116/1
f 869/1116/1 3570/9379/1 870/1117/1
f 3570/9379/1 3568/9380/1 870/1117/1
f 870/1117/1 3568/9380/1 3566/9367/1
f 3558/9372/1 3556/9381/1 2593/9216/1
f 3556/9381/1 3554/9382/1 2593/9216/1
f 2593/9216/1 3554/9382/1 2595/8918/1
f 3554/9382/1 3552/9383/1 2595/8918/1
f 2595/8918/1 3552/9383/1 3550/9384/1
f 3550/9384/1 3548/9385/1 2595/8918/1
f 3548/9385/1 3546/9386/1 2595/8918/1
f 2595/8918/1 3546/9386/1 4504/8919/1
f 3546/9386/1 3544/9387/1 4504/8919/1
f 4504/8919/1 3544/9387/1 3542/9364/1
f 2552/8915/1 2554/9388/1 2556/9389/1
f 2556/9389/1 2603/9390/1 2552/8915/1
f 2603/9390/1 2601/9391/1 2552/8915/1
f 2552/8915/1 2601/9391/1 4504/8919/1
f 2601/9391/1 2599/9392/1 4504/8919/1
f 4504/8919/1 2599/9392/1 2597/8917/1
f 3169/8982/1 3283/9393/1 4504/8919/1
f 3283/9393/1 2527/9394/1 4504/8919/1
f 4504/8919/1 2527/9394/1 2552/8915/1
f 2527/9394/1 2529/9395/1 2552/8915/1
f 2552/8915/1 2529/9395/1 2534/8916/1
f 2545/9396/1 2547/9397/1 2534/8916/1
f 2547/9397/1 2549/9398/1 2534/8916/1
f 2534/8916/1 2549/9398/1 2551/8914/1
f 2534/8916/1 2537/9399/1 2545/9396/1
f 2537/9399/1 2539/9400/1 2545/9396/1
f 2545/9396/1 2539/9400/1 2543/9401/1
f 2539/9400/1 2541/9402/1 2543/9401/1
f 845/8967/1 846/8962/1 3152/8965/1
f 846/8962/1 3140/8961/1 3152/8965/1
f 3152/8965/1 3140/8961/1 3179/9403/1
f 3140/8961/1 3217/9404/1 3179/9403/1
f 3181/9405/1 3179/9403/1 3183/9406/1
f 3179/9403/1 3148/9407/1 3183/9406/1
f 3148/9407/1 3179/9403/1 3144/9408/1
f 3179/9403/1 3217/9404/1 3144/9408/1
f 3144/9408/1 3217/9404/1 3199/9409/1
f 3217/9404/1 3215/9410/1 3199/9409/1
f 3199/9409/1 3215/9410/1 3213/9411/1
f 3205/9412/561 3203/9413/561 3207/9414/561
f 3203/9413/1 3209/9415/1 3207/9414/1
f 3213/9411/1 3211/9416/1 3199/9409/1
f 3211/9416/1 3209/9415/1 3199/9409/1
f 3199/9409/1 3209/9415/1 3201/9417/1
f 3209/9415/1 3203/9413/1 3201/9417/1
f 3194/9418/1 3196/9419/1 3183/9406/1
f 3196/9419/1 3198/9420/1 3183/9406/1
f 3183/9406/1 3198/9420/1 3181/9405/1
f 3183/9406/1 3186/9421/1 3194/9418/1
f 3186/9421/1 3188/9422/1 3194/9418/1
f 3194/9418/1 3188/9422/1 3192/9423/1
f 3188/9422/1 3190/9424/1 3192/9423/1
f 910/8955/1 907/8950/1 3128/8953/1
f 907/8950/1 3116/8949/1 3128/8953/1
f 3128/8953/1 3116/8949/1 3228/8912/1
f 3116/8949/1 3266/9425/1 3228/8912/1
f 3248/9426/1 3120/9427/1 3266/9425/1
f 3266/9425/1 3120/9427/1 3228/8912/1
f 3120/9427/1 3124/9428/1 3228/8912/1
f 3228/8912/1 3124/9428/1 3232/8913/1
f 3256/9429/1 3254/9430/1 3252/9431/1
f 3266/9425/1 3264/9432/1 3248/9426/1
f 3264/9432/1 3262/9433/1 3248/9426/1
f 3248/9426/1 3262/9433/1 3260/9434/1
f 3260/9434/1 3258/9435/1 3248/9426/1
f 3258/9435/1 3256/9429/1 3248/9426/1
f 3248/9426/1 3256/9429/1 3250/9436/1
f 3256/9429/1 3252/9431/1 3250/9436/1
f 3243/9437/1 3245/9438/1 3232/8913/1
f 3245/9438/1 3247/9439/1 3232/8913/1
f 3232/8913/1 3247/9439/1 3230/8911/1
f 3232/8913/1 3235/9440/1 3243/9437/1
f 3235/9440/1 3237/9441/1 3243/9437/1
f 3243/9437/1 3237/9441/1 3241/9442/1
f 3237/9441/1 3239/9443/1 3241/9442/1
f 3097/9444/1 3099/9445/1 4506/8934/1
f 3099/9445/1 3284/9446/1 4506/8934/1
f 4506/8934/1 3284/9446/1 3277/8936/1
f 3086/9447/1 3084/9448/1 3082/9449/1
f 3074/9450/1 3076/9451/1 3079/9452/1
f 3076/9451/1 3092/9453/1 3079/9452/1
f 3079/9452/1 3092/9453/1 3090/9454/1
f 3090/9454/1 3088/9455/1 3079/9452/1
f 3088/9455/1 3086/9447/1 3079/9452/1
f 3079/9452/1 3086/9447/1 3080/9456/1
f 3086/9447/1 3082/9449/1 3080/9456/1
f 4506/8934/1 3036/9457/1 3034/9458/1
f 3034/9458/1 3032/9459/1 4506/8934/1
f 3032/9459/1 3074/9450/1 4506/8934/1
f 4506/8934/1 3074/9450/1 3097/9444/1
f 3074/9450/1 3079/9452/1 3097/9444/1
f 3026/9460/1 3072/9461/1 3028/9462/1
f 3072/9461/1 3074/9450/1 3028/9462/1
f 3028/9462/1 3074/9450/1 3030/9463/1
f 3074/9450/1 3032/9459/1 3030/9463/1
f 3514/9464/1 3038/9173/1 3516/9465/1
f 3038/9173/1 3036/9457/1 3516/9465/1
f 3516/9465/1 3036/9457/1 3518/9466/1
f 4503/9171/1 3506/9467/1 3504/9468/1
f 3496/9469/1 3494/9470/1 4499/8932/1
f 3494/9470/1 3492/9471/1 4499/8932/1
f 4499/8932/1 3492/9471/1 3490/9472/1
f 3514/9464/1 3512/9473/1 3038/9173/1
f 3512/9473/1 3510/9474/1 3038/9173/1
f 3038/9173/1 3510/9474/1 4503/9171/1
f 3510/9474/1 3508/9475/1 4503/9171/1
f 4503/9171/1 3508/9475/1 3506/9467/1
f 3504/9468/1 3502/9476/1 4503/9171/1
f 3502/9476/1 3500/9477/1 4503/9171/1
f 4503/9171/1 3500/9477/1 4499/8932/1
f 3500/9477/1 3498/9478/1 4499/8932/1
f 4499/8932/1 3498/9478/1 3496/9469/1
f 3526/9479/1 4506/8934/1 3528/9480/1
f 4506/8934/1 3530/9481/1 3528/9480/1
f 3526/9479/1 3524/9482/1 4506/8934/1
f 3524/9482/1 3522/9483/1 4506/8934/1
f 4506/8934/1 3522/9483/1 3036/9457/1
f 3522/9483/1 3520/9484/1 3036/9457/1
f 3036/9457/1 3520/9484/1 3518/9466/1
f 3490/9472/1 3488/9485/1 4499/8932/1
f 3488/9485/1 3486/9486/1 4499/8932/1
f 4499/8932/1 3486/9486/1 4506/8934/1
f 3486/9486/1 3532/9487/1 4506/8934/1
f 4506/8934/1 3532/9487/1 3530/9481/1
f 3005/9488/1 3003/9489/1 3001/9490/1
f 3009/9201/1 3007/9491/1 3023/8910/1
f 3007/9491/1 3005/9488/1 3023/8910/1
f 3023/8910/1 3005/9488/1 3017/8908/1
f 3005/9488/1 3013/9492/1 3017/8908/1
f 3001/9490/1 2999/9493/1 3005/9488/1
f 2999/9493/1 2998/9494/1 3005/9488/1
f 3005/9488/1 2998/9494/1 3013/9492/1
f 1847/2522/234 3606/9495/234 1853/2520/234
f 3606/9495/234 3609/9496/234 1853/2520/234
f 1859/2531/234 1849/2516/234 3613/9497/234
f 1849/2516/234 1848/2515/234 3613/9497/234
f 2173/9498/234 4508/9499/234 2175/9500/234
f 4508/9499/234 4509/9501/234 2175/9500/234
f 2175/9500/234 4509/9501/234 2177/9502/234
f 4509/9501/234 4510/9503/234 2177/9502/234
f 2177/9502/234 4510/9503/234 2179/9504/234
f 4510/9503/234 4511/9505/234 2179/9504/234
f 2179/9504/234 4511/9505/234 2181/9506/234
f 4511/9505/234 4512/9507/234 2181/9506/234
f 2181/9506/234 4512/9507/234 2183/9508/234
f 4512/9507/234 4513/9509/234 2183/9508/234
f 2183/9508/234 4513/9509/234 2185/9510/234
f 4513/9509/234 4514/9511/234 2185/9510/234
f 2185/9510/234 4514/9511/234 2187/9512/234
f 4514/9511/234 4515/9513/234 2187/9512/234
f 2187/9512/234 4515/9513/234 2189/9514/234
f 4515/9513/234 4516/9515/234 2189/9514/234
f 2189/9514/234 4516/9515/234 2191/9516/234
f 4516/9515/234 4517/9517/234 2191/9516/234
f 2191/9516/234 4517/9517/234 2193/9518/234
f 4517/9517/234 4518/9519/234 2193/9518/234
f 2193/9518/234 4518/9519/234 2195/9520/234
f 4518/9519/234 4519/9521/234 2195/9520/234
f 2195/9520/234 4519/9521/234 2149/9522/234
f 4519/9521/234 4520/9523/234 2149/9522/234
f 2149/9522/234 4520/9523/234 2151/9524/234
f 4520/9523/234 4521/9525/234 2151/9524/234
f 2151/9524/234 4521/9525/234 2153/9526/234
f 4521/9525/234 4522/9527/234 2153/9526/234
f 2153/9526/234 4522/9527/234 2155/9528/234
f 4522/9527/234 4523/9529/234 2155/9528/234
f 2155/9528/234 4523/9529/234 2157/9530/234
f 4523/9529/234 4524/9531/234 2157/9530/234
f 2157/9530/234 4524/9531/234 2159/9532/234
f 4524/9531/234 4525/9533/234 2159/9532/234
f 2159/9532/234 4525/9533/234 2161/9534/234
f 4525/9533/234 4526/9535/234 2161/9534/234
f 2161/9534/234 4526/9535/234 2163/9536/234
f 4526/9535/234 4527/9537/234 2163/9536/234
f 2163/9536/234 4527/9537/234 2165/9538/234
f 4527/9537/234 4528/9539/234 2165/9538/234
f 2165/9538/234 4528/9539/234 2167/9540/234
f 4528/9539/234 4529/9541/234 2167/9540/234
f 2167/9540/234 4529/9541/234 2169/9542/234
f 4529/9541/234 4530/9543/234 2169/9542/234
f 2169/9542/234 4530/9543/234 2171/9544/234
f 4530/9543/234 4531/9545/234 2171/9544/234
f 2171/9544/234 4531/9545/234 2173/9498/234
f 4531/9545/234 4508/9499/234 2173/9498/234
f 2035/9546/234 4532/9547/234 2037/9548/234
f 4532/9547/234 4533/9549/234 2037/9548/234
f 2037/9548/234 4533/9549/234 2039/9550/234
f 4533/9549/234 4534/9551/234 2039/9550/234
f 2039/9550/234 4534/9551/234 2041/9552/234
f 4534/9551/234 4535/9553/234 2041/9552/234
f 2041/9552/234 4535/9553/234 2043/9554/234
f 4535/9553/234 4536/9555/234 2043/9554/234
f 2043/9554/234 4536/9555/234 2045/9556/234
f 4536/9555/234 4537/9557/234 2045/9556/234
f 2045/9556/234 4537/9557/234 2047/9558/234
f 4537/9557/234 4538/9559/234 2047/9558/234
f 2047/9558/234 4538/9559/234 2049/9560/234
f 4538/9559/234 4539/9561/234 2049/9560/234
f 2049/9560/234 4539/9561/234 2051/9562/234
f 4539/9561/234 4540/9563/234 2051/9562/234
f 2051/9562/234 4540/9563/234 2005/9564/234
f 4540/9563/234 4541/9565/234 2005/9564/234
f 2005/9564/234 4541/9565/234 2007/9566/234
f 4541/9565/234 4542/9567/234 2007/9566/234
f 2007/9566/234 4542/9567/234 2009/9568/234
f 4542/9567/234 4543/9569/234 2009/9568/234
f 2009/9568/234 4543/9569/234 2011/9570/234
f 4543/9569/234 4544/9571/234 2011/9570/234
f 2011/9570/234 4544/9571/234 2013/9572/234
f 4544/9571/234 4545/9573/234 2013/9572/234
f 2013/9572/234 4545/9573/234 2015/9574/234
f 4545/9573/234 4546/9575/234 2015/9574/234
f 2015/9574/234 4546/9575/234 2017/9576/234
f 4546/9575/234 4547/9577/234 2017/9576/234
f 2017/9576/234 4547/9577/234 2019/9578/234
f 4547/9577/234 4548/9579/234 2019/9578/234
f 2019/9578/234 4548/9579/234 2021/9580/234
f 4548/9579/234 4549/9581/234 2021/9580/234
f 2021/9580/234 4549/9581/234 2023/9582/234
f 4549/9581/234 4550/9583/234 2023/9582/234
f 2023/9582/234 4550/9583/234 2025/9584/234
f 4550/9583/234 4551/9585/234 2025/9584/234
f 2025/9584/234 4551/9585/234 2027/9586/234
f 4551/9585/234 4552/9587/234 2027/9586/234
f 2027/9586/234 4552/9587/234 2029/9588/234
f 4552/9587/234 4553/9589/234 2029/9588/234
f 2029/9588/234 4553/9589/234 2031/9590/234
f 4553/9589/234 4554/9591/234 2031/9590/234
f 2031/9590/234 4554/9591/234 2033/9592/234
f 4554/9591/234 4555/9593/234 2033/9592/234
f 2033/9592/234 4555/9593/234 2035/9546/234
f 4555/9593/234 4532/9547/234 2035/9546/234
f 2387/9594/234 4556/9595/234 2389/9596/234
f 4556/9595/234 4557/9597/234 2389/9596/234
f 2389/9596/234 4557/9597/234 2391/9598/234
f 4557/9597/234 4558/9599/234 2391/9598/234
f 2391/9598/234 4558/9599/234 2393/9600/234
f 4558/9599/234 4559/9601/234 2393/9600/234
f 2393/9600/234 4559/9601/234 2395/9602/234
f 4559/9601/234 4560/9603/234 2395/9602/234
f 2395/9602/234 4560/9603/234 2397/9604/234
f 4560/9603/234 4561/9605/234 2397/9604/234
f 2397/9604/234 4561/9605/234 2399/9606/234
f 4561/9605/234 4562/9607/234 2399/9606/234
f 2399/9606/234 4562/9607/234 2401/9608/234
f 4562/9607/234 4563/9609/234 2401/9608/234
f 2401/9608/234 4563/9609/234 2403/9610/234
f 4563/9609/234 4564/9611/234 2403/9610/234
f 2403/9610/234 4564/9611/234 2405/9612/234
f 4564/9611/234 4565/9613/234 2405/9612/234
f 2405/9612/234 4565/9613/234 2407/9614/234
f 4565/9613/234 4566/9615/234 2407/9614/234
f 2407/9614/234 4566/9615/234 2409/9616/234
f 4566/9615/234 4567/9617/234 2409/9616/234
f 2409/9616/234 4567/9617/234 2411/9618/234
f 4567/9617/234 4568/9619/234 2411/9618/234
f 2411/9618/234 4568/9619/234 2365/9620/234
f 4568/9619/234 4569/9621/234 2365/9620/234
f 2365/9620/234 4569/9621/234 2367/9622/234
f 4569/9621/234 4570/9623/234 2367/9622/234
f 2367/9622/234 4570/9623/234 2369/9624/234
f 4570/9623/234 4571/9625/234 2369/9624/234
f 2369/9624/234 4571/9625/234 2371/9626/234
f 4571/9625/234 4572/9627/234 2371/9626/234
f 2371/9626/234 4572/9627/234 2373/9628/234
f 4572/9627/234 4573/9629/234 2373/9628/234
f 2373/9628/234 4573/9629/234 2375/9630/234
f 4573/9629/234 4574/9631/234 2375/9630/234
f 2375/9630/234 4574/9631/234 2377/9632/234
f 4574/9631/234 4575/9633/234 2377/9632/234
f 2377/9632/234 4575/9633/234 2379/9634/234
f 4575/9633/234 4576/9635/234 2379/9634/234
f 2379/9634/234 4576/9635/234 2381/9636/234
f 4576/9635/234 4577/9637/234 2381/9636/234
f 2381/9636/234 4577/9637/234 2383/9638/234
f 4577/9637/234 4578/9639/234 2383/9638/234
f 2383/9638/234 4578/9639/234 2385/9640/234
f 4578/9639/234 4579/9641/234 2385/9640/234
f 2385/9640/234 4579/9641/234 2387/9594/234
f 4579/9641/234 4556/9595/234 2387/9594/234
f 2143/9642/234 4580/9643/234 2145/9644/234
f 4580/9643/234 4581/9645/234 2145/9644/234
f 2145/9644/234 4581/9645/234 2147/9646/234
f 4581/9645/234 4582/9647/234 2147/9646/234
f 2147/9646/234 4582/9647/234 2101/9648/234
f 4582/9647/234 4583/9649/234 2101/9648/234
f 2101/9648/234 4583/9649/234 2103/9650/234
f 4583/9649/234 4584/9651/234 2103/9650/234
f 2103/9650/234 4584/9651/234 2105/9652/234
f 4584/9651/234 4585/9653/234 2105/9652/234
f 2105/9652/234 4585/9653/234 2107/9654/234
f 4585/9653/234 4586/9655/234 2107/9654/234
f 2107/9654/234 4586/9655/234 2109/9656/234
f 4586/9655/234 4587/9657/234 2109/9656/234
f 2109/9656/234 4587/9657/234 2111/9658/234
f 4587/9657/234 4588/9659/234 2111/9658/234
f 2111/9658/234 4588/9659/234 2113/9660/234
f 4588/9659/234 4589/9661/234 2113/9660/234
f 2113/9660/234 4589/9661/234 2115/9662/234
f 4589/9661/234 4590/9663/234 2115/9662/234
f 2115/9662/234 4590/9663/234 2117/9664/234
f 4590/9663/234 4591/9665/234 2117/9664/234
f 2117/9664/234 4591/9665/234 2119/9666/234
f 4591/9665/234 4592/9667/234 2119/9666/234
f 2119/9666/234 4592/9667/234 2121/9668/234
f 4592/9667/234 4593/9669/234 2121/9668/234
f 2121/9668/234 4593/9669/234 2123/9670/234
f 4593/9669/234 4594/9671/234 2123/9670/234
f 2123/9670/234 4594/9671/234 2125/9672/234
f 4594/9671/234 4595/9673/234 2125/9672/234
f 2125/9672/234 4595/9673/234 2127/9674/234
f 4595/9673/234 4596/9675/234 2127/9674/234
f 2127/9674/234 4596/9675/234 2129/9676/234
f 4596/9675/234 4597/9677/234 2129/9676/234
f 2129/9676/234 4597/9677/234 2131/9678/234
f 4597/9677/234 4598/9679/234 2131/9678/234
f 2131/9678/234 4598/9679/234 2133/9680/234
f 4598/9679/234 4599/9681/234 2133/9680/234
f 2133/9680/234 4599/9681/234 2135/9682/234
f 4599/9681/234 4600/9683/234 2135/9682/234
f 2135/9682/234 4600/9683/234 2137/9684/234
f 4600/9683/234 4601/9685/234 2137/9684/234
f 2137/9684/234 4601/9685/234 2139/9686/234
f 4601/9685/234 4602/9687/234 2139/9686/234
f 2139/9686/234 4602/9687/234 2141/9688/234
f 4602/9687/234 4603/9689/234 2141/9688/234
f 2141/9688/234 4603/9689/234 2143/9642/234
f 4603/9689/234 4580/9643/234 2143/9642/234
f 2077/9690/234 4604/9691/234 2079/9692/234
f 4604/9691/234 4605/9693/234 2079/9692/234
f 2079/9692/234 4605/9693/234 2081/9694/234
f 4605/9693/234 4606/9695/234 2081/9694/234
f 2081/9694/234 4606/9695/234 2083/9696/234
f 4606/9695/234 4607/9697/234 2083/9696/234
f 2083/9696/234 4607/9697/234 2085/9698/234
f 4607/9697/234 4608/9699/234 2085/9698/234
f 2085/9698/234 4608/9699/234 2087/9700/234
f 4608/9699/234 4609/9701/234 2087/9700/234
f 2087/9700/234 4609/9701/234 2089/9702/234
f 4609/9701/234 4610/9703/234 2089/9702/234
f 2089/9702/234 4610/9703/234 2091/9704/234
f 4610/9703/234 4611/9705/234 2091/9704/234
f 2091/9704/234 4611/9705/234 2093/9706/234
f 4611/9705/234 4612/9707/234 2093/9706/234
f 2093/9706/234 4612/9707/234 2095/9708/234
f 4612/9707/234 4613/9709/234 2095/9708/234
f 2095/9708/234 4613/9709/234 2097/9710/234
f 4613/9709/234 4614/9711/234 2097/9710/234
f 2097/9710/234 4614/9711/234 2099/9712/234
f 4614/9711/234 4615/9713/234 2099/9712/234
f 2099/9712/234 4615/9713/234 2053/9714/234
f 4615/9713/234 4616/9715/234 2053/9714/234
f 2053/9714/234 4616/9715/234 2055/9716/234
f 4616/9715/234 4617/9717/234 2055/9716/234
f 2055/9716/234 4617/9717/234 2057/9718/234
f 4617/9717/234 4618/9719/234 2057/9718/234
f 2057/9718/234 4618/9719/234 2059/9720/234
f 4618/9719/234 4619/9721/234 2059/9720/234
f 2059/9720/234 4619/9721/234 2061/9722/234
f 4619/9721/234 4620/9723/234 2061/9722/234
f 2061/9722/234 4620/9723/234 2063/9724/234
f 4620/9723/234 4621/9725/234 2063/9724/234
f 2063/9724/234 4621/9725/234 2065/9726/234
f 4621/9725/234 4622/9727/234 2065/9726/234
f 2065/9726/234 4622/9727/234 2067/9728/234
f 4622/9727/234 4623/9729/234 2067/9728/234
f 2067/9728/234 4623/9729/234 2069/9730/234
f 4623/9729/234 4624/9731/234 2069/9730/234
f 2069/9730/234 4624/9731/234 2071/9732/234
f 4624/9731/234 4625/9733/234 2071/9732/234
f 2071/9732/234 4625/9733/234 2073/9734/234
f 4625/9733/234 4626/9735/234 2073/9734/234
f 2073/9734/234 4626/9735/234 2075/9736/234
f 4626/9735/234 4627/9737/234 2075/9736/234
f 2075/9736/234 4627/9737/234 2077/9690/234
f 4627/9737/234 4604/9691/234 2077/9690/234
f 4628/9738/94 4629/9739/94 1853/9740/94
f 3609/9741/94 4630/9742/94 4631/9743/94
f 4632/9744/94 4633/9745/94 4631/9743/94
f 4633/9745/94 4628/9738/94 4631/9743/94
f 4631/9743/94 4628/9738/94 3609/9741/94
f 4628/9738/94 1853/9740/94 3609/9741/94
f 1853/9746/1067 4629/9747/1067 4634/9748/1067
f 1853/9746/1067 4634/9748/1067 1848/9749/1067
f 4634/9748/1067 4635/9750/1067 1848/9749/1067
f 1848/9749/1067 4635/9750/1067 4636/9751/1067
f 4637/9752/92 3613/9753/92 4638/9754/92
f 3613/9753/92 1848/9755/92 4638/9754/92
f 4638/9754/92 4639/9756/92 4640/9757/92
f 4641/9758/92 4642/9759/92 4638/9754/92
f 4642/9759/92 4643/9760/92 4638/9754/92
f 4638/9754/92 4643/9760/92 4639/9756/92
f 4644/9761/1068 4645/9762/1068 4638/9754/1068
f 4645/9762/92 4646/9763/92 4638/9754/92
f 4640/9757/92 4647/9764/92 4638/9754/92
f 4647/9764/92 4648/9765/92 4638/9754/92
f 4638/9754/1069 4648/9765/1069 4649/9766/1069
f 4650/9767/92 4651/9768/92 4638/9754/92
f 4651/9768/92 4652/9769/92 4638/9754/92
f 4638/9754/1070 4652/9769/1070 4653/9770/1070
f 4653/9770/92 4654/9771/92 4638/9754/92
f 4654/9771/92 4655/9772/92 4638/9754/92
f 4638/9754/92 4655/9772/92 4644/9761/92
f 4646/9763/92 4656/9773/92 4638/9754/92
f 4656/9773/92 4657/9774/92 4638/9754/92
f 4638/9754/92 4657/9774/92 4658/9775/92
f 4658/9775/1071 4659/9776/1071 4638/9754/1071
f 4659/9776/92 4660/9777/92 4638/9754/92
f 4638/9754/92 4660/9777/92 4641/9758/92
f 4661/9778/92 1848/9755/92 4662/9779/92
f 1848/9755/92 4636/9780/92 4662/9779/92
f 1848/9755/92 4663/9781/92 4664/9782/92
f 4665/9783/92 4666/9784/92 1848/9755/92
f 4664/9782/92 4667/9785/92 1848/9755/92
f 4667/9785/92 4668/9786/92 1848/9755/92
f 1848/9755/92 4668/9786/92 4669/9787/92
f 4670/9788/132 4671/9789/132 1848/9755/132
f 4671/9789/92 4672/9790/92 1848/9755/92
f 1848/9755/92 4672/9790/92 4663/9781/92
f 4661/9778/92 4673/9791/92 1848/9755/92
f 4673/9791/1072 4674/9792/1072 1848/9755/1072
f 1848/9755/1073 4674/9792/1073 4665/9783/1073
f 4666/9784/1074 4675/9793/1074 1848/9755/1074
f 4675/9793/92 4676/9794/92 1848/9755/92
f 1848/9755/92 4676/9794/92 4670/9788/92
f 4669/9787/1074 4677/9795/1074 1848/9755/1074
f 4677/9795/132 4678/9796/132 1848/9755/132
f 1848/9755/92 4678/9796/92 4679/9797/92
f 4679/9797/92 4680/9798/92 1848/9755/92
f 4680/9798/92 4681/9799/92 1848/9755/92
f 1848/9755/1075 4681/9799/1075 4682/9800/1075
f 4682/9800/92 4683/9801/92 1848/9755/92
f 4683/9801/1076 4684/9802/1076 1848/9755/1076
f 1848/9755/1072 4684/9802/1072 4685/9803/1072
f 4685/9803/1077 4686/9804/1077 1848/9755/1077
f 4686/9804/92 4687/9805/92 1848/9755/92
f 1848/9755/92 4687/9805/92 4638/9754/92
f 4687/9806/92 4688/9806/92 4638/9806/92
f 4638/9754/1078 4688/9807/1078 4650/9767/1078
f 3613/9808/1079 4637/9809/1079 4689/9810/1079
f 3613/9808/1079 4689/9810/1079 3609/9811/1079
f 4689/9810/1079 4690/9812/1079 3609/9811/1079
f 3609/9811/1079 4690/9812/1079 4630/9813/1079
f 4629/9747/234 4628/9814/234 4691/9815/234
f 4691/9815/234 4692/9816/234 4629/9747/234
f 4692/9816/234 4693/9817/234 4629/9747/234
f 4629/9747/234 4693/9817/234 4694/9818/234
f 4694/9818/234 4695/9819/234 4629/9747/234
f 4695/9819/234 4696/9820/234 4629/9747/234
f 4629/9747/234 4696/9820/234 4634/9748/234
f 4630/9813/234 4690/9812/234 4697/9821/234
f 4697/9821/234 4698/9822/234 4630/9813/234
f 4698/9822/234 4699/9823/234 4630/9813/234
f 4630/9813/234 4699/9823/234 4700/9824/234
f 4700/9824/234 4701/9825/234 4630/9813/234
f 4701/9825/234 4702/9826/234 4630/9813/234
f 4630/9813/234 4702/9826/234 4631/9827/234
f 4703/9828/234 4637/9809/234 4704/9829/234
f 4637/9809/234 4638/9830/234 4704/9829/234
f 4703/9828/234 4705/9831/234 4637/9809/234
f 4705/9831/234 4706/9832/234 4637/9809/234
f 4637/9809/234 4706/9832/234 4689/9810/234
f 4636/9751/1080 4707/9833/1080 4708/9834/1080
f 4662/9835/234 4636/9751/234 4709/9836/234
f 4636/9751/234 4710/9837/234 4709/9836/234
f 4711/9838/234 4712/9839/234 4636/9751/234
f 4712/9839/234 4713/9840/234 4636/9751/234
f 4636/9751/234 4713/9840/234 4714/9841/234
f 4708/9834/1081 4715/9842/1081 4636/9751/1081
f 4715/9842/234 4716/9843/234 4636/9751/234
f 4636/9751/234 4716/9843/234 4717/9844/234
f 4717/9844/234 4718/9845/234 4636/9751/234
f 4718/9845/234 4719/9846/234 4636/9751/234
f 4636/9751/234 4719/9846/234 4710/9837/234
f 4635/9750/234 4720/9847/234 4636/9751/234
f 4720/9847/234 4721/9848/234 4636/9751/234
f 4636/9751/234 4721/9848/234 4722/9849/234
f 4714/9841/234 4723/9850/234 4636/9751/234
f 4723/9850/234 4724/9851/234 4636/9751/234
f 4636/9751/234 4724/9851/234 4707/9833/234
f 4722/9849/234 4725/9852/234 4636/9751/234
f 4725/9852/234 4726/9853/234 4636/9751/234
f 4636/9751/234 4726/9853/234 4711/9838/234
f 4634/9854/67 4727/9855/67 4635/9856/67
f 4727/9855/67 4728/9857/67 4635/9856/67
f 4628/9738/1082 4633/9745/1082 4729/9858/1082
f 4727/9855/1083 4634/9854/1083 4730/9859/1083
f 4634/9854/1084 4696/9860/1084 4730/9859/1084
f 4628/9738/1082 4729/9858/1082 4691/9861/1082
f 4729/9858/1085 4731/9862/1085 4691/9861/1085
f 4691/9861/1086 4731/9862/1086 4692/9863/1086
f 4731/9862/1087 4732/9864/1087 4692/9863/1087
f 4732/9864/1088 4733/9865/1088 4692/9863/1088
f 4692/9863/1089 4733/9865/1089 4693/9866/1089
f 4733/9865/1090 4734/9867/1090 4693/9866/1090
f 4734/9867/1091 4735/9868/1091 4693/9866/1091
f 4693/9866/1092 4735/9868/1092 4694/9869/1092
f 4735/9870/1093 4736/9871/1093 4694/9872/1093
f 4736/9871/1094 4737/9873/1094 4694/9872/1094
f 4694/9872/1095 4737/9873/1095 4695/9874/1095
f 4737/9873/1096 4738/9875/1096 4695/9874/1096
f 4695/9874/1097 4738/9875/1097 4739/9876/1097
f 4739/9876/1098 4740/9877/1098 4695/9874/1098
f 4740/9877/1099 4741/9878/1099 4695/9874/1099
f 4695/9874/1100 4741/9878/1100 4696/9860/1100
f 4741/9878/1101 4742/9879/1101 4696/9860/1101
f 4696/9860/1102 4742/9879/1102 4730/9859/1102
f 4690/9880/1103 4743/9881/1103 4744/9882/1103
f 4632/9744/1104 4631/9743/1104 4745/9883/1104
f 4631/9743/1105 4702/9884/1105 4745/9883/1105
f 4690/9880/1103 4744/9882/1103 4697/9885/1103
f 4744/9882/1106 4746/9886/1106 4697/9885/1106
f 4697/9885/1107 4746/9886/1107 4698/9887/1107
f 4746/9886/1108 4747/9888/1108 4698/9887/1108
f 4747/9888/1109 4748/9889/1109 4698/9887/1109
f 4698/9887/1110 4748/9889/1110 4699/9890/1110
f 4748/9889/1111 4749/9891/1111 4699/9890/1111
f 4749/9891/1112 4750/9892/1112 4699/9890/1112
f 4699/9893/1113 4750/9894/1113 4700/9895/1113
f 4750/9894/1114 4751/9896/1114 4700/9895/1114
f 4751/9896/1115 4752/9897/1115 4700/9895/1115
f 4700/9895/1116 4752/9897/1116 4701/9898/1116
f 4752/9897/1117 4753/9899/1117 4701/9898/1117
f 4701/9898/1118 4753/9899/1118 4754/9900/1118
f 4754/9900/1119 4755/9901/1119 4701/9898/1119
f 4755/9901/1120 4756/9902/1120 4701/9898/1120
f 4701/9898/1121 4756/9902/1121 4702/9884/1121
f 4756/9902/1122 4757/9903/1122 4702/9884/1122
f 4702/9884/1123 4757/9903/1123 4745/9883/1123
f 4743/9881/40 4690/9880/40 4758/9904/40
f 4690/9880/40 4689/9905/40 4758/9904/40
f 4759/9906/234 4760/9907/234 4761/9908/234
f 4760/9907/234 4762/9909/234 4761/9908/234
f 4763/9910/1124 4764/9911/1124 4765/9912/1124
f 4764/9911/1125 4766/9913/1125 4765/9912/1125
f 4764/9911/1126 4767/9914/1126 4766/9913/1126
f 4767/9914/1127 4768/9915/1127 4766/9913/1127
f 4766/9913/1128 4768/9915/1128 4769/9916/1128
f 4768/9915/1129 4770/9917/1129 4769/9916/1129
f 4769/9916/1130 4770/9917/1130 4771/9918/1130
f 4772/9919/1131 4773/9920/1131 4774/9921/1131
f 4773/9920/1132 4775/9922/1132 4774/9921/1132
f 4774/9921/1133 4775/9922/1133 4776/9923/1133
f 4775/9922/1134 4777/9924/1134 4776/9923/1134
f 4776/9923/1135 4777/9924/1135 4778/9925/1135
f 4777/9924/1136 4771/9918/1136 4778/9925/1136
f 4778/9925/1137 4771/9918/1137 4779/9926/1137
f 4771/9918/1138 4770/9917/1138 4779/9926/1138
f 4743/9881/1139 4758/9904/1139 4780/9927/1139
f 4758/9904/1140 4781/9928/1140 4780/9927/1140
f 4780/9927/1141 4781/9928/1141 4772/9919/1141
f 4781/9928/1142 4782/9929/1142 4772/9919/1142
f 4772/9919/1143 4782/9929/1143 4773/9920/1143
f 4763/9930/1144 4765/9931/1144 4783/9932/1144
f 4765/9931/1145 4784/9933/1145 4783/9932/1145
f 4783/9932/1146 4784/9933/1146 4785/9934/1146
f 4785/9934/1147 4784/9933/1147 4786/9935/1147
f 4784/9933/1148 4787/9936/1148 4786/9935/1148
f 4786/9935/1149 4787/9936/1149 4788/9937/1149
f 4787/9936/1150 4789/9938/1150 4788/9937/1150
f 4788/9937/1151 4789/9938/1151 4790/9939/1151
f 4790/9939/1152 4789/9938/1152 4791/9940/1152
f 4789/9938/1153 4792/9941/1153 4791/9940/1153
f 4791/9940/1154 4792/9941/1154 4793/9942/1154
f 4793/9942/1155 4792/9941/1155 4794/9943/1155
f 4792/9941/1156 4762/9909/1156 4794/9943/1156
f 4794/9943/1157 4762/9909/1157 4760/9907/1157
f 4795/9944/1158 4796/9945/1158 4797/9946/1158
f 4633/9745/1159 4632/9744/1159 4798/9947/1159
f 4632/9744/1160 4799/9948/1160 4798/9947/1160
f 4797/9946/1161 4796/9945/1161 4800/9949/1161
f 4796/9945/1162 4801/9950/1162 4800/9949/1162
f 4800/9949/1163 4801/9950/1163 4802/9951/1163
f 4801/9950/1164 4803/9952/1164 4802/9951/1164
f 4802/9951/1165 4803/9952/1165 4804/9953/1165
f 4803/9952/1166 4805/9954/1166 4804/9953/1166
f 4804/9953/1167 4805/9954/1167 4806/9955/1167
f 4805/9954/1168 4807/9956/1168 4806/9955/1168
f 4806/9955/1169 4807/9956/1169 4799/9948/1169
f 4807/9956/1170 4808/9957/1170 4799/9948/1170
f 4799/9948/1171 4808/9957/1171 4798/9947/1171
f 4797/9946/1172 4809/9958/1172 4795/9944/1172
f 4809/9958/1173 4810/9959/1173 4795/9944/1173
f 4795/9944/1174 4810/9959/1174 4811/9960/1174
f 4810/9961/1175 4812/9962/1175 4811/9963/1175
f 4812/9962/1176 4813/9964/1176 4811/9963/1176
f 4811/9963/1177 4813/9964/1177 4814/9965/1177
f 4813/9964/1178 4815/9966/1178 4814/9965/1178
f 4814/9965/1179 4815/9966/1179 4816/9967/1179
f 4816/9967/1180 4815/9966/1180 4817/9968/1180
f 4815/9966/1181 4818/9969/1181 4817/9968/1181
f 4817/9968/1182 4818/9969/1182 4819/9970/1182
f 4818/9969/1183 4820/9971/1183 4819/9970/1183
f 4819/9970/1184 4820/9971/1184 4821/9972/1184
f 4820/9971/1184 4822/9973/1184 4821/9972/1184
f 4821/9972/1185 4822/9973/1185 4823/9974/1185
f 4822/9973/1186 4824/9975/1186 4823/9974/1186
f 4823/9974/1187 4824/9975/1187 4825/9976/1187
f 4824/9975/1188 4826/9977/1188 4825/9976/1188
f 4825/9976/1189 4826/9977/1189 4827/9978/1189
f 4827/9978/1190 4826/9977/1190 4828/9979/1190
f 4826/9977/1191 4760/9907/1191 4828/9979/1191
f 4828/9979/1192 4760/9907/1192 4759/9906/1192
f 4829/9980/1193 4830/9981/1193 4831/9982/1193
f 4830/9981/1194 4832/9983/1194 4831/9982/1194
f 4831/9982/1195 4832/9983/1195 4833/9984/1195
f 4832/9983/1196 4834/9985/1196 4833/9984/1196
f 4834/9985/1197 4835/9986/1197 4833/9984/1197
f 4833/9984/1198 4835/9986/1198 4836/9987/1198
f 4835/9986/1199 4837/9988/1199 4836/9987/1199
f 4836/9987/1200 4837/9988/1200 4838/9989/1200
f 4837/9988/1201 4839/9990/1201 4838/9989/1201
f 4840/9991/1202 4841/9992/1202 4839/9990/1202
f 4841/9992/1203 4842/9993/1203 4839/9990/1203
f 4839/9990/1204 4842/9993/1204 4838/9989/1204
f 4840/9991/1205 4843/9994/1205 4841/9992/1205
f 4843/9995/1206 4844/9996/1206 4841/9997/1206
f 4841/9998/1207 4844/9999/1207 4845/10000/1207
f 4844/9996/1208 4846/10001/1208 4845/10002/1208
f 4845/10002/1209 4846/10001/1209 4847/10003/1209
f 4759/9906/1210 4761/9908/1210 4848/10004/1210
f 4761/9908/1211 4849/10005/1211 4848/10004/1211
f 4848/10004/1212 4849/10005/1212 4850/10006/1212
f 4849/10005/1213 4851/10007/1213 4850/10006/1213
f 4850/10006/1214 4851/10007/1214 4852/10008/1214
f 4846/10001/1215 4853/10009/1215 4847/10003/1215
f 4853/10009/1216 4854/10010/1216 4847/10003/1216
f 4847/10003/1217 4854/10010/1217 4855/10011/1217
f 4854/10010/1218 4856/10012/1218 4855/10011/1218
f 4855/10011/1219 4856/10012/1219 4851/10007/1219
f 4856/10012/1220 4857/10013/1220 4851/10007/1220
f 4851/10007/1221 4857/10013/1221 4852/10008/1221
f 4728/9857/1222 4727/9855/1222 4858/10014/1222
f 4727/9855/1223 4830/9981/1223 4858/10014/1223
f 4858/10014/1224 4830/9981/1224 4859/10015/1224
f 4830/9981/1225 4829/9980/1225 4859/10015/1225
f 4839/9990/1226 4837/9988/1226 4860/10016/1226
f 4861/10017/1227 4862/10018/1227 4863/10019/1227
f 4795/9944/1228 4811/9960/1228 4864/10020/1228
f 4803/9952/1229 4801/9950/1229 4865/10021/1229
f 4866/10022/1230 4867/10023/1230 4868/10024/1230
f 4828/9979/1231 4759/9906/1231 4869/10025/1231
f 4819/9970/1232 4821/9972/1232 4870/10026/1232
f 4864/10027/1233 4811/9963/1233 4871/10028/1233
f 4817/9968/1234 4872/10029/1234 4816/9967/1234
f 4872/10029/1235 4871/10028/1235 4816/9967/1235
f 4816/9967/1236 4871/10028/1236 4814/9965/1236
f 4871/10028/1237 4811/9963/1237 4814/9965/1237
f 4759/9906/1238 4873/10030/1238 4869/10025/1238
f 4873/10030/1239 4874/10031/1239 4869/10025/1239
f 4869/10025/1240 4874/10031/1240 4870/10026/1240
f 4874/10031/1241 4875/10032/1241 4870/10026/1241
f 4821/9972/1242 4823/9974/1242 4870/10026/1242
f 4823/9974/1243 4825/9976/1243 4870/10026/1243
f 4870/10026/1244 4825/9976/1244 4869/10025/1244
f 4825/9976/1245 4827/9978/1245 4869/10025/1245
f 4869/10025/1246 4827/9978/1246 4828/9979/1246
f 4876/10033/1247 4877/10034/1247 4878/10035/1247
f 4877/10034/1248 4879/10036/1248 4878/10035/1248
f 4867/10023/1249 4880/10037/1249 4881/10038/1249
f 4853/10009/1250 4882/10039/1250 4854/10010/1250
f 4882/10039/1251 4881/10038/1251 4854/10010/1251
f 4854/10010/1252 4881/10038/1252 4856/10012/1252
f 4881/10038/1253 4880/10037/1253 4856/10012/1253
f 4883/10040/1254 4737/9873/1254 4736/9871/1254
f 4883/10040/1255 4736/9871/1255 4884/10041/1255
f 4885/10042/1256 4739/9876/1256 4738/9875/1256
f 4886/10043/1257 4887/10044/1257 4888/10045/1257
f 4888/10045/1258 4889/10046/1258 4886/10043/1258
f 4889/10046/1259 4885/10042/1259 4886/10043/1259
f 4886/10043/1260 4885/10042/1260 4883/10040/1260
f 4885/10042/1261 4738/9875/1261 4883/10040/1261
f 4883/10040/1262 4738/9875/1262 4737/9873/1262
f 4890/10047/1263 4891/10048/1263 4892/10049/1263
f 4891/10048/1264 4893/10050/1264 4892/10049/1264
f 4892/10051/1265 4893/10052/1265 4862/10018/1265
f 4894/10053/1266 4895/10054/1266 4896/10055/1266
f 4895/10054/1267 4897/10056/1267 4896/10055/1267
f 4896/10055/1268 4897/10056/1268 4898/10057/1268
f 4897/10056/1269 4899/10058/1269 4898/10057/1269
f 4898/10057/1270 4899/10058/1270 4900/10059/1270
f 4742/9879/1271 4741/9878/1271 4901/10060/1271
f 4741/9878/1272 4740/9877/1272 4901/10060/1272
f 4727/9855/1273 4730/9859/1273 4902/10061/1273
f 4740/9877/1274 4903/10062/1274 4901/10060/1274
f 4903/10062/1275 4904/10063/1275 4901/10060/1275
f 4901/10060/1276 4904/10063/1276 4900/10059/1276
f 4853/10009/1277 4846/10001/1277 4882/10039/1277
f 4846/10001/1278 4905/10064/1278 4882/10039/1278
f 4882/10039/1279 4905/10064/1279 4906/10065/1279
f 4905/10066/1280 4860/10016/1280 4906/10067/1280
f 4835/9986/1281 4834/9985/1281 4907/10068/1281
f 4834/9985/1282 4832/9983/1282 4907/10068/1282
f 4907/10068/1283 4832/9983/1283 4830/9981/1283
f 4877/10034/1284 4908/10069/1284 4909/10070/1284
f 4908/10069/1285 4910/10071/1285 4909/10070/1285
f 4909/10072/1286 4910/10073/1286 4911/10074/1286
f 4910/10073/1287 4907/10068/1287 4911/10074/1287
f 4911/10074/1288 4907/10068/1288 4902/10061/1288
f 4907/10068/1289 4830/9981/1289 4902/10061/1289
f 4902/10061/1290 4830/9981/1290 4727/9855/1290
f 4730/9859/1291 4742/9879/1291 4902/10061/1291
f 4742/9879/1292 4901/10060/1292 4902/10061/1292
f 4902/10061/1293 4901/10060/1293 4911/10074/1293
f 4901/10060/1294 4900/10059/1294 4911/10074/1294
f 4911/10074/1295 4900/10059/1295 4909/10072/1295
f 4900/10059/1296 4899/10058/1296 4909/10072/1296
f 4909/10070/1297 4899/10075/1297 4877/10034/1297
f 4899/10075/1298 4897/10076/1298 4877/10034/1298
f 4877/10034/1299 4897/10076/1299 4879/10036/1299
f 4897/10076/1300 4895/10077/1300 4879/10036/1300
f 4879/10036/1301 4895/10077/1301 4890/10078/1301
f 4895/10054/1302 4894/10053/1302 4890/10047/1302
f 4890/10047/1303 4894/10053/1303 4891/10048/1303
f 4633/9745/1304 4798/9947/1304 4729/9858/1304
f 4798/9947/1305 4912/10079/1305 4729/9858/1305
f 4729/9858/1306 4912/10079/1306 4731/9862/1306
f 4912/10079/1307 4913/10080/1307 4731/9862/1307
f 4731/9862/1308 4913/10080/1308 4732/9864/1308
f 4913/10080/1309 4914/10081/1309 4732/9864/1309
f 4736/9871/1310 4735/9870/1310 4884/10041/1310
f 4735/9868/1311 4734/9867/1311 4884/10082/1311
f 4884/10082/1312 4734/9867/1312 4914/10081/1312
f 4734/9867/1313 4733/9865/1313 4914/10081/1313
f 4914/10081/1314 4733/9865/1314 4732/9864/1314
f 4808/9957/1315 4915/10083/1315 4916/10084/1315
f 4915/10083/1316 4917/10085/1316 4916/10084/1316
f 4916/10084/1317 4917/10085/1317 4918/10086/1317
f 4917/10085/1318 4919/10087/1318 4918/10086/1318
f 4918/10086/1319 4919/10087/1319 4920/10088/1319
f 4919/10087/1320 4921/10089/1320 4920/10088/1320
f 4920/10088/1321 4921/10089/1321 4922/10090/1321
f 4921/10091/1322 4923/10092/1322 4922/10093/1322
f 4922/10093/1323 4923/10092/1323 4924/10094/1323
f 4923/10092/1324 4925/10095/1324 4924/10094/1324
f 4924/10094/1325 4925/10095/1325 4926/10096/1325
f 4925/10095/1326 4887/10044/1326 4926/10096/1326
f 4887/10044/1327 4886/10043/1327 4926/10096/1327
f 4886/10043/1328 4883/10040/1328 4926/10096/1328
f 4926/10096/1329 4883/10040/1329 4924/10094/1329
f 4883/10040/1330 4884/10041/1330 4924/10094/1330
f 4924/10094/1331 4884/10041/1331 4922/10093/1331
f 4884/10082/1332 4914/10081/1332 4922/10090/1332
f 4922/10090/1333 4914/10081/1333 4920/10088/1333
f 4914/10081/1334 4913/10080/1334 4920/10088/1334
f 4920/10088/1335 4913/10080/1335 4918/10086/1335
f 4913/10080/1336 4912/10079/1336 4918/10086/1336
f 4918/10086/1337 4912/10079/1337 4916/10084/1337
f 4912/10079/1338 4798/9947/1338 4916/10084/1338
f 4916/10084/1339 4798/9947/1339 4808/9957/1339
f 4805/9954/1340 4803/9952/1340 4927/10097/1340
f 4803/9952/1341 4865/10021/1341 4927/10097/1341
f 4927/10097/1342 4865/10021/1342 4928/10098/1342
f 4865/10021/1343 4929/10099/1343 4928/10098/1343
f 4796/9945/1344 4795/9944/1344 4930/10100/1344
f 4795/10101/1345 4864/10027/1345 4930/10102/1345
f 4930/10102/1346 4864/10027/1346 4931/10103/1346
f 4864/10027/1347 4871/10028/1347 4931/10103/1347
f 4931/10103/1348 4871/10028/1348 4875/10032/1348
f 4871/10028/1349 4872/10029/1349 4875/10032/1349
f 4875/10032/1350 4872/10029/1350 4870/10026/1350
f 4872/10029/1351 4817/9968/1351 4870/10026/1351
f 4870/10026/1352 4817/9968/1352 4819/9970/1352
f 4807/9956/1353 4805/9954/1353 4932/10104/1353
f 4805/9954/1354 4927/10097/1354 4932/10104/1354
f 4932/10104/1355 4927/10097/1355 4933/10105/1355
f 4927/10097/1356 4928/10098/1356 4933/10105/1356
f 4933/10105/1357 4928/10098/1357 4934/10106/1357
f 4928/10107/1358 4929/10108/1358 4934/10109/1358
f 4934/10109/1359 4929/10108/1359 4935/10110/1359
f 4862/10018/1360 4861/10017/1360 4892/10051/1360
f 4861/10111/1361 4936/10112/1361 4892/10113/1361
f 4892/10113/1362 4936/10112/1362 4890/10078/1362
f 4936/10112/1363 4937/10114/1363 4890/10078/1363
f 4890/10078/1364 4937/10114/1364 4879/10036/1364
f 4937/10114/1365 4938/10115/1365 4879/10036/1365
f 4879/10036/1366 4938/10115/1366 4878/10035/1366
f 4740/9877/1367 4739/9876/1367 4903/10062/1367
f 4739/9876/1368 4885/10042/1368 4903/10062/1368
f 4903/10062/1369 4885/10042/1369 4904/10063/1369
f 4885/10042/1370 4889/10046/1370 4904/10063/1370
f 4904/10063/1371 4889/10046/1371 4900/10059/1371
f 4889/10046/1372 4888/10045/1372 4900/10059/1372
f 4900/10059/1373 4888/10045/1373 4898/10057/1373
f 4888/10045/1374 4887/10044/1374 4898/10057/1374
f 4898/10057/1375 4887/10044/1375 4896/10055/1375
f 4887/10044/1376 4925/10095/1376 4896/10055/1376
f 4896/10055/1377 4925/10095/1377 4894/10053/1377
f 4925/10095/1378 4923/10092/1378 4894/10053/1378
f 4894/10053/1379 4923/10092/1379 4891/10048/1379
f 4923/10092/1380 4921/10091/1380 4891/10048/1380
f 4891/10048/1381 4921/10091/1381 4893/10050/1381
f 4921/10089/1382 4919/10087/1382 4893/10052/1382
f 4893/10052/1383 4919/10087/1383 4862/10018/1383
f 4919/10087/1384 4917/10085/1384 4862/10018/1384
f 4862/10018/1385 4917/10085/1385 4863/10019/1385
f 4917/10085/1386 4915/10083/1386 4863/10019/1386
f 4759/9906/1387 4848/10004/1387 4866/10022/1387
f 4848/10004/1388 4850/10006/1388 4866/10022/1388
f 4866/10022/1389 4850/10006/1389 4867/10023/1389
f 4850/10006/1390 4852/10008/1390 4867/10023/1390
f 4867/10023/1391 4852/10008/1391 4880/10037/1391
f 4852/10008/1392 4857/10013/1392 4880/10037/1392
f 4880/10037/1393 4857/10013/1393 4856/10012/1393
f 4801/9950/1394 4796/9945/1394 4865/10021/1394
f 4796/9945/1395 4930/10100/1395 4865/10021/1395
f 4865/10021/1396 4930/10100/1396 4929/10099/1396
f 4930/10102/1397 4931/10103/1397 4929/10108/1397
f 4929/10108/1398 4931/10103/1398 4935/10110/1398
f 4931/10103/1399 4875/10032/1399 4935/10110/1399
f 4935/10110/1400 4875/10032/1400 4939/10116/1400
f 4875/10032/1401 4874/10031/1401 4939/10116/1401
f 4939/10116/1402 4874/10031/1402 4868/10024/1402
f 4874/10031/1403 4873/10030/1403 4868/10024/1403
f 4868/10024/1404 4873/10030/1404 4866/10022/1404
f 4873/10030/1405 4759/9906/1405 4866/10022/1405
f 4846/10001/1406 4844/9996/1406 4905/10064/1406
f 4844/9996/1407 4843/9995/1407 4905/10064/1407
f 4905/10066/1408 4843/9994/1408 4860/10016/1408
f 4843/10117/1409 4840/10118/1409 4860/10119/1409
f 4860/10016/1410 4840/9991/1410 4839/9990/1410
f 4808/9957/1411 4807/9956/1411 4915/10083/1411
f 4807/9956/1412 4932/10104/1412 4915/10083/1412
f 4915/10083/1413 4932/10104/1413 4863/10019/1413
f 4932/10104/1414 4933/10105/1414 4863/10019/1414
f 4863/10019/1415 4933/10105/1415 4861/10017/1415
f 4933/10105/1416 4934/10106/1416 4861/10017/1416
f 4861/10111/1417 4934/10109/1417 4936/10112/1417
f 4934/10109/1418 4935/10110/1418 4936/10112/1418
f 4936/10112/1419 4935/10110/1419 4937/10114/1419
f 4935/10110/1420 4939/10116/1420 4937/10114/1420
f 4937/10114/1421 4939/10116/1421 4938/10115/1421
f 4939/10116/1422 4868/10024/1422 4938/10115/1422
f 4938/10115/1423 4868/10024/1423 4878/10035/1423
f 4868/10024/1424 4867/10023/1424 4878/10035/1424
f 4878/10035/1425 4867/10023/1425 4876/10033/1425
f 4867/10023/1426 4881/10038/1426 4876/10033/1426
f 4876/10033/1427 4881/10038/1427 4877/10034/1427
f 4881/10038/1428 4882/10039/1428 4877/10034/1428
f 4877/10034/1429 4882/10039/1429 4908/10069/1429
f 4882/10039/1430 4906/10065/1430 4908/10069/1430
f 4908/10069/1431 4906/10065/1431 4910/10071/1431
f 4906/10067/1432 4860/10016/1432 4910/10073/1432
f 4910/10073/1433 4860/10016/1433 4907/10068/1433
f 4860/10016/1434 4837/9988/1434 4907/10068/1434
f 4907/10068/1435 4837/9988/1435 4835/9986/1435
f 4797/9946/1436 4800/9949/1436 4940/10120/1436
f 4941/10121/1437 4760/9907/1437 4826/9977/1437
f 4942/10122/1438 4943/10123/1438 4944/10124/1438
f 4779/9926/1439 4770/9917/1439 4945/10125/1439
f 4774/9921/1440 4776/9923/1440 4946/10126/1440
f 4941/10121/1441 4947/10127/1441 4948/10128/1441
f 4788/9937/1442 4790/9939/1442 4949/10129/1442
f 4763/9930/1443 4950/10130/1443 4764/10131/1443
f 4950/10130/1444 4951/10132/1444 4764/10131/1444
f 4764/9911/1445 4951/10133/1445 4767/9914/1445
f 4786/9935/1446 4952/10134/1446 4785/9934/1446
f 4952/10134/1447 4950/10130/1447 4785/9934/1447
f 4785/9934/1448 4950/10130/1448 4783/9932/1448
f 4950/10130/1449 4763/9930/1449 4783/9932/1449
f 4760/9907/1450 4953/10135/1450 4954/10136/1450
f 4953/10135/1451 4955/10137/1451 4954/10136/1451
f 4954/10136/1452 4955/10137/1452 4949/10129/1452
f 4955/10137/1453 4956/10138/1453 4949/10129/1453
f 4790/9939/1454 4791/9940/1454 4949/10129/1454
f 4791/9940/1455 4793/9942/1455 4949/10129/1455
f 4949/10129/1456 4793/9942/1456 4954/10136/1456
f 4793/9942/1457 4794/9943/1457 4954/10136/1457
f 4954/10136/1458 4794/9943/1458 4760/9907/1458
f 4957/10139/1459 4958/10140/1459 4959/10141/1459
f 4958/10140/1460 4960/10142/1460 4959/10141/1460
f 4947/10127/1461 4961/10143/1461 4962/10144/1461
f 4941/10121/1462 4826/9977/1462 4947/10127/1462
f 4826/9977/1463 4824/9975/1463 4947/10127/1463
f 4947/10127/1464 4824/9975/1464 4961/10143/1464
f 4815/9966/1465 4963/10145/1465 4818/9969/1465
f 4963/10145/1466 4962/10144/1466 4818/9969/1466
f 4818/9969/1467 4962/10144/1467 4820/9971/1467
f 4962/10144/1468 4961/10143/1468 4820/9971/1468
f 4820/9971/1469 4961/10143/1469 4822/9973/1469
f 4961/10143/1470 4824/9975/1470 4822/9973/1470
f 4964/10146/1471 4752/9897/1471 4751/9896/1471
f 4964/10146/1472 4751/9896/1472 4965/10147/1472
f 4966/10148/1473 4754/9900/1473 4753/9899/1473
f 4967/10149/1474 4968/10150/1474 4969/10151/1474
f 4969/10151/1475 4970/10152/1475 4967/10149/1475
f 4970/10152/1476 4966/10148/1476 4967/10149/1476
f 4967/10149/1477 4966/10148/1477 4964/10146/1477
f 4966/10148/1478 4753/9899/1478 4964/10146/1478
f 4964/10146/1479 4753/9899/1479 4752/9897/1479
f 4971/10153/1480 4972/10154/1480 4973/10155/1480
f 4972/10154/1481 4974/10156/1481 4973/10155/1481
f 4973/10157/1482 4974/10158/1482 4943/10123/1482
f 4975/10159/1483 4976/10160/1483 4977/10161/1483
f 4976/10160/1484 4978/10162/1484 4977/10161/1484
f 4977/10161/1485 4978/10162/1485 4979/10163/1485
f 4978/10162/1486 4980/10164/1486 4979/10163/1486
f 4979/10163/1487 4980/10164/1487 4981/10165/1487
f 4757/9903/1488 4756/9902/1488 4982/10166/1488
f 4756/9902/1489 4755/9901/1489 4982/10166/1489
f 4632/9744/1490 4745/9883/1490 4983/10167/1490
f 4755/9901/1491 4984/10168/1491 4982/10166/1491
f 4984/10168/1492 4985/10169/1492 4982/10166/1492
f 4982/10166/1493 4985/10169/1493 4981/10165/1493
f 4815/9966/1494 4813/9964/1494 4963/10145/1494
f 4813/9964/1495 4986/10170/1495 4963/10145/1495
f 4963/10145/1496 4986/10170/1496 4987/10171/1496
f 4986/10172/1497 4940/10120/1497 4987/10173/1497
f 4802/9951/1498 4804/9953/1498 4988/10174/1498
f 4804/9953/1499 4806/9955/1499 4988/10174/1499
f 4988/10174/1500 4806/9955/1500 4799/9948/1500
f 4958/10140/1501 4989/10175/1501 4990/10176/1501
f 4989/10177/1502 4991/10178/1502 4990/10179/1502
f 4990/10179/1503 4991/10178/1503 4992/10180/1503
f 4991/10178/1504 4988/10174/1504 4992/10180/1504
f 4992/10180/1505 4988/10174/1505 4983/10167/1505
f 4988/10174/1506 4799/9948/1506 4983/10167/1506
f 4983/10167/1507 4799/9948/1507 4632/9744/1507
f 4745/9883/1508 4757/9903/1508 4983/10167/1508
f 4757/9903/1509 4982/10166/1509 4983/10167/1509
f 4983/10167/1510 4982/10166/1510 4992/10180/1510
f 4982/10166/1511 4981/10165/1511 4992/10180/1511
f 4992/10180/1512 4981/10165/1512 4990/10179/1512
f 4981/10165/1513 4980/10164/1513 4990/10179/1513
f 4990/10176/1514 4980/10181/1514 4958/10140/1514
f 4980/10181/1515 4978/10182/1515 4958/10140/1515
f 4958/10140/1516 4978/10182/1516 4960/10142/1516
f 4978/10182/1517 4976/10183/1517 4960/10142/1517
f 4960/10142/1518 4976/10183/1518 4971/10184/1518
f 4976/10160/1519 4975/10159/1519 4971/10153/1519
f 4971/10153/1520 4975/10159/1520 4972/10154/1520
f 4743/9881/1521 4780/9927/1521 4744/9882/1521
f 4780/9927/1522 4993/10185/1522 4744/9882/1522
f 4744/9882/1523 4993/10185/1523 4746/9886/1523
f 4993/10185/1524 4994/10186/1524 4746/9886/1524
f 4746/9886/1525 4994/10186/1525 4747/9888/1525
f 4994/10186/1526 4995/10187/1526 4747/9888/1526
f 4751/9896/1527 4750/9894/1527 4965/10147/1527
f 4750/9892/1528 4749/9891/1528 4965/10188/1528
f 4965/10188/1529 4749/9891/1529 4995/10187/1529
f 4749/9891/1530 4748/9889/1530 4995/10187/1530
f 4995/10187/1531 4748/9889/1531 4747/9888/1531
f 4772/9919/1532 4996/10189/1532 4997/10190/1532
f 4996/10189/1533 4998/10191/1533 4997/10190/1533
f 4997/10190/1534 4998/10191/1534 4999/10192/1534
f 4998/10191/1535 5000/10193/1535 4999/10192/1535
f 4999/10192/1536 5000/10193/1536 5001/10194/1536
f 5000/10193/1537 5002/10195/1537 5001/10194/1537
f 5001/10194/1538 5002/10195/1538 5003/10196/1538
f 5002/10197/1539 5004/10198/1539 5003/10199/1539
f 5003/10199/1540 5004/10198/1540 5005/10200/1540
f 5004/10198/1541 5006/10201/1541 5005/10200/1541
f 5005/10200/1542 5006/10201/1542 5007/10202/1542
f 5006/10201/1543 4968/10150/1543 5007/10202/1543
f 4968/10150/1544 4967/10149/1544 5007/10202/1544
f 4967/10149/1545 4964/10146/1545 5007/10202/1545
f 5007/10202/1546 4964/10146/1546 5005/10200/1546
f 4964/10146/1547 4965/10147/1547 5005/10200/1547
f 5005/10200/1548 4965/10147/1548 5003/10199/1548
f 4965/10188/1549 4995/10187/1549 5003/10196/1549
f 5003/10196/1550 4995/10187/1550 5001/10194/1550
f 4995/10187/1551 4994/10186/1551 5001/10194/1551
f 5001/10194/1552 4994/10186/1552 4999/10192/1552
f 4994/10186/1553 4993/10185/1553 4999/10192/1553
f 4999/10192/1554 4993/10185/1554 4997/10190/1554
f 4993/10185/1555 4780/9927/1555 4997/10190/1555
f 4997/10190/1556 4780/9927/1556 4772/9919/1556
f 4778/9925/1557 4779/9926/1557 5008/10203/1557
f 4779/9926/1558 4945/10125/1558 5008/10203/1558
f 5008/10203/1559 4945/10125/1559 5009/10204/1559
f 4945/10125/1560 5010/10205/1560 5009/10204/1560
f 4768/9915/1561 4767/9914/1561 5011/10206/1561
f 4767/9914/1562 4951/10133/1562 5011/10206/1562
f 5011/10207/1563 4951/10132/1563 5012/10208/1563
f 4951/10132/1564 4950/10130/1564 5012/10208/1564
f 5012/10208/1565 4950/10130/1565 4956/10138/1565
f 4950/10130/1566 4952/10134/1566 4956/10138/1566
f 4956/10138/1567 4952/10134/1567 4949/10129/1567
f 4952/10134/1568 4786/9935/1568 4949/10129/1568
f 4949/10129/1569 4786/9935/1569 4788/9937/1569
f 4776/9923/1570 4778/9925/1570 4946/10126/1570
f 4778/9925/1571 5008/10203/1571 4946/10126/1571
f 4946/10126/1572 5008/10203/1572 5013/10209/1572
f 5008/10203/1573 5009/10204/1573 5013/10209/1573
f 5013/10209/1574 5009/10204/1574 5014/10210/1574
f 5009/10211/1575 5010/10212/1575 5014/10213/1575
f 5014/10213/1576 5010/10212/1576 5015/10214/1576
f 4943/10123/1577 4942/10122/1577 4973/10157/1577
f 4942/10215/1578 5016/10216/1578 4973/10217/1578
f 4973/10217/1579 5016/10216/1579 4971/10184/1579
f 5016/10216/1580 5017/10218/1580 4971/10184/1580
f 4971/10184/1581 5017/10218/1581 4960/10142/1581
f 5017/10218/1582 5018/10219/1582 4960/10142/1582
f 4960/10142/1583 5018/10219/1583 4959/10141/1583
f 4770/9917/1584 4768/9915/1584 4945/10125/1584
f 4768/9915/1585 5011/10206/1585 4945/10125/1585
f 4945/10125/1586 5011/10206/1586 5010/10205/1586
f 5011/10207/1587 5012/10208/1587 5010/10212/1587
f 5010/10212/1588 5012/10208/1588 5015/10214/1588
f 5012/10208/1589 4956/10138/1589 5015/10214/1589
f 5015/10214/1590 4956/10138/1590 5019/10220/1590
f 4956/10138/1591 4955/10137/1591 5019/10220/1591
f 5019/10220/1592 4955/10137/1592 4948/10128/1592
f 4955/10137/1593 4953/10135/1593 4948/10128/1593
f 4948/10128/1594 4953/10135/1594 4941/10121/1594
f 4953/10135/1595 4760/9907/1595 4941/10121/1595
f 4755/9901/1596 4754/9900/1596 4984/10168/1596
f 4754/9900/1597 4966/10148/1597 4984/10168/1597
f 4984/10168/1598 4966/10148/1598 4985/10169/1598
f 4966/10148/1599 4970/10152/1599 4985/10169/1599
f 4985/10169/1600 4970/10152/1600 4981/10165/1600
f 4970/10152/1601 4969/10151/1601 4981/10165/1601
f 4981/10165/1602 4969/10151/1602 4979/10163/1602
f 4969/10151/1603 4968/10150/1603 4979/10163/1603
f 4979/10163/1604 4968/10150/1604 4977/10161/1604
f 4968/10150/1605 5006/10201/1605 4977/10161/1605
f 4977/10161/1606 5006/10201/1606 4975/10159/1606
f 5006/10201/1607 5004/10198/1607 4975/10159/1607
f 4975/10159/1608 5004/10198/1608 4972/10154/1608
f 5004/10198/1609 5002/10197/1609 4972/10154/1609
f 4972/10154/1610 5002/10197/1610 4974/10156/1610
f 5002/10195/1611 5000/10193/1611 4974/10158/1611
f 4974/10158/1612 5000/10193/1612 4943/10123/1612
f 5000/10193/1613 4998/10191/1613 4943/10123/1613
f 4943/10123/1614 4998/10191/1614 4944/10124/1614
f 4998/10191/1615 4996/10189/1615 4944/10124/1615
f 4813/9964/1616 4812/9962/1616 4986/10170/1616
f 4812/9962/1617 4810/9961/1617 4986/10170/1617
f 4986/10172/1618 4810/9959/1618 4940/10120/1618
f 4810/9959/1619 4809/9958/1619 4940/10120/1619
f 4940/10120/1620 4809/9958/1620 4797/9946/1620
f 4772/9919/1621 4774/9921/1621 4996/10189/1621
f 4774/9921/1622 4946/10126/1622 4996/10189/1622
f 4996/10189/1623 4946/10126/1623 4944/10124/1623
f 4946/10126/1624 5013/10209/1624 4944/10124/1624
f 4944/10124/1625 5013/10209/1625 4942/10122/1625
f 5013/10209/1626 5014/10210/1626 4942/10122/1626
f 4942/10215/1627 5014/10213/1627 5016/10216/1627
f 5014/10213/1628 5015/10214/1628 5016/10216/1628
f 5016/10216/1629 5015/10214/1629 5017/10218/1629
f 5015/10214/1630 5019/10220/1630 5017/10218/1630
f 5017/10218/1631 5019/10220/1631 5018/10219/1631
f 5019/10220/1632 4948/10128/1632 5018/10219/1632
f 5018/10219/1633 4948/10128/1633 4959/10141/1633
f 4948/10128/1634 4947/10127/1634 4959/10141/1634
f 4959/10141/1635 4947/10127/1635 4957/10139/1635
f 4947/10127/1636 4962/10144/1636 4957/10139/1636
f 4957/10139/1637 4962/10144/1637 4958/10140/1637
f 4962/10144/1638 4963/10145/1638 4958/10140/1638
f 4958/10140/1639 4963/10145/1639 4989/10175/1639
f 4963/10145/1640 4987/10171/1640 4989/10175/1640
f 4989/10177/1641 4987/10173/1641 4991/10178/1641
f 4987/10173/1642 4940/10120/1642 4991/10178/1642
f 4991/10178/1643 4940/10120/1643 4988/10174/1643
f 4940/10120/1644 4800/9949/1644 4988/10174/1644
f 4988/10174/1645 4800/9949/1645 4802/9951/1645
f 5020/10221/1646 5021/10222/1646 5022/10223/1646
f 5023/10224/1647 5024/10225/1647 5022/10223/1647
f 5024/10225/1648 5025/10226/1648 5022/10223/1648
f 5022/10223/1649 5025/10226/1649 5020/10221/1649
f 5021/10222/1650 4706/10227/1650 5022/10223/1650
f 4706/10227/1651 4705/10228/1651 5022/10223/1651
f 5022/10223/1652 4705/10228/1652 5023/10224/1652
f 4704/10229/1653 4638/10230/1653 4649/10231/1653
f 5023/10224/1654 4705/10228/1654 5026/10232/1654
f 4705/10228/1655 4703/10233/1655 5026/10232/1655
f 5026/10232/1656 4703/10233/1656 5027/10234/1656
f 4703/10233/1657 4704/10229/1657 5027/10234/1657
f 5027/10234/1658 4704/10229/1658 5028/10235/1658
f 4704/10229/1659 4649/10231/1659 5028/10235/1659
f 5028/10235/1660 4649/10231/1660 5029/10236/1660
f 4649/9766/1661 5030/10237/1661 5029/10238/1661
f 5029/10236/1662 5030/10239/1662 5031/10240/1662
f 5031/10241/1663 5030/10237/1663 5032/10242/1663
f 5030/10237/1664 5033/10243/1664 5032/10242/1664
f 5032/10242/1665 5033/10243/1665 5034/10244/1665
f 5034/10244/1666 5035/10245/1666 5032/10242/1666
f 5035/10245/1667 5036/10246/1667 5032/10242/1667
f 5032/10242/1668 5036/10246/1668 5037/10247/1668
f 5036/10246/1669 5038/10248/1669 5037/10247/1669
f 5039/10249/1670 5040/10250/1670 5041/10251/1670
f 5040/10250/1671 5042/10252/1671 5041/10251/1671
f 5041/10251/1672 5042/10252/1672 5038/10248/1672
f 5042/10252/1673 5043/10253/1673 5038/10248/1673
f 5038/10248/1674 5043/10253/1674 5037/10247/1674
f 5044/10254/1675 5045/10255/1675 5046/10256/1675
f 5045/10255/1676 5047/10257/1676 5046/10256/1676
f 5046/10256/1677 5047/10257/1677 5048/10258/1677
f 5047/10257/1678 5049/10259/1678 5048/10258/1678
f 5048/10258/1679 5049/10259/1679 5039/10249/1679
f 5049/10259/1680 5050/10260/1680 5039/10249/1680
f 5039/10249/1681 5050/10260/1681 5040/10250/1681
f 4721/10261/1682 4720/10262/1682 5051/10263/1682
f 5052/10264/1683 5053/10265/1683 5054/10266/1683
f 5053/10265/1684 5055/10267/1684 5054/10266/1684
f 5054/10266/1685 5055/10267/1685 4721/10261/1685
f 4721/10261/1686 5051/10263/1686 5054/10266/1686
f 5051/10263/1687 5056/10268/1687 5054/10266/1687
f 5054/10266/1688 5056/10268/1688 5052/10264/1688
f 5051/10263/1689 4720/10262/1689 5057/10269/1689
f 4720/10262/1690 4635/9856/1690 5057/10269/1690
f 5057/10269/1691 4635/9856/1691 4728/9857/1691
f 5056/10268/1692 5051/10263/1692 5057/10269/1692
f 5058/10270/1693 5055/10267/1693 5053/10265/1693
f 5052/10264/1694 5059/10271/1694 5053/10265/1694
f 5059/10271/1695 5060/10272/1695 5053/10265/1695
f 5053/10265/1696 5060/10272/1696 5058/10270/1696
f 4831/9982/1697 5061/10273/1697 4829/9980/1697
f 5061/10273/1698 4859/10015/1698 4829/9980/1698
f 4728/9857/1699 4858/10014/1699 5057/10269/1699
f 4858/10014/1700 4859/10015/1700 5057/10269/1700
f 5061/10273/1701 5062/10274/1701 4859/10015/1701
f 5062/10274/1702 5059/10271/1702 4859/10015/1702
f 4859/10015/1703 5059/10271/1703 5057/10269/1703
f 5059/10271/1704 5052/10264/1704 5057/10269/1704
f 5057/10269/1705 5052/10264/1705 5056/10268/1705
f 4842/9993/1706 4841/9992/1706 5063/10275/1706
f 5064/10276/1707 5065/10277/1707 5066/10278/1707
f 5067/10279/1708 5068/10280/1708 5069/10281/1708
f 5070/10282/1709 5071/10283/1709 5072/10284/1709
f 5073/10285/1710 5074/10286/1710 5075/10287/1710
f 5076/10288/1711 5077/10289/1711 5078/10290/1711
f 5079/10291/1712 5080/10292/1712 5081/10293/1712
f 5082/10294/1713 5083/10295/1713 5084/10296/1713
f 5085/10297/1714 5082/10298/1714 5086/10299/1714
f 5082/10294/1715 5084/10296/1715 5086/10300/1715
f 5086/10300/1716 5084/10296/1716 5087/10301/1716
f 5084/10296/1717 5088/10302/1717 5087/10301/1717
f 5087/10301/1718 5088/10302/1718 5089/10303/1718
f 5088/10302/1719 5090/10304/1719 5089/10303/1719
f 5089/10303/1720 5090/10304/1720 5091/10305/1720
f 5080/10292/1721 5092/10306/1721 5081/10293/1721
f 5092/10306/1722 5093/10307/1722 5081/10293/1722
f 5081/10293/1723 5093/10307/1723 5094/10308/1723
f 5093/10307/1724 5095/10309/1724 5094/10308/1724
f 5094/10308/1725 5095/10309/1725 5096/10310/1725
f 5059/10271/1726 5096/10310/1726 5060/10272/1726
f 5096/10310/1727 5095/10309/1727 5060/10272/1727
f 5060/10272/1728 5095/10309/1728 5058/10270/1728
f 5095/10309/1729 5093/10307/1729 5058/10270/1729
f 5058/10270/1730 5093/10307/1730 5055/10267/1730
f 4833/9984/1731 4836/9987/1731 5097/10311/1731
f 5098/10312/1732 5099/10313/1732 5100/10314/1732
f 5101/10315/1733 5102/10316/1733 5103/10317/1733
f 5104/10318/1734 5105/10319/1734 5101/10320/1734
f 5098/10321/1735 5100/10322/1735 5106/10323/1735
f 5100/10314/1736 5107/10324/1736 5106/10325/1736
f 5106/10326/1737 5107/10327/1737 5108/10328/1737
f 5103/10317/1738 5102/10316/1738 5075/10287/1738
f 5102/10316/1739 5109/10329/1739 5075/10287/1739
f 5075/10287/1740 5109/10329/1740 5073/10285/1740
f 5074/10286/1741 5073/10285/1741 5110/10330/1741
f 5073/10285/1742 4845/10002/1742 5110/10330/1742
f 5110/10330/1743 4845/10002/1743 4847/10003/1743
f 5063/10275/1744 5111/10331/1744 5112/10332/1744
f 5111/10331/1745 5105/10319/1745 5112/10332/1745
f 5112/10332/1746 5105/10319/1746 5113/10333/1746
f 5105/10319/1747 5104/10318/1747 5113/10333/1747
f 5113/10333/1748 5104/10318/1748 5076/10288/1748
f 5101/10320/1749 5105/10319/1749 5102/10334/1749
f 5105/10319/1750 5111/10331/1750 5102/10334/1750
f 5102/10334/1751 5111/10331/1751 5109/10335/1751
f 5111/10331/1752 5063/10275/1752 5109/10335/1752
f 5109/10335/1753 5063/10275/1753 5073/10336/1753
f 5063/10337/1754 4841/10338/1754 5073/10339/1754
f 5073/10340/1755 4841/9998/1755 4845/10000/1755
f 5069/10281/1756 5070/10282/1756 5114/10341/1756
f 5115/10342/1757 5116/10343/1757 5117/10344/1757
f 5117/10344/1758 5116/10343/1758 5118/10345/1758
f 5065/10277/1759 5068/10280/1759 5066/10278/1759
f 5068/10280/1760 5067/10279/1760 5066/10278/1760
f 5066/10278/1761 5067/10279/1761 5119/10346/1761
f 5099/10313/1762 5064/10276/1762 5100/10314/1762
f 5064/10276/1763 5066/10278/1763 5100/10314/1763
f 5100/10314/1764 5066/10278/1764 5107/10324/1764
f 5066/10278/1765 5119/10346/1765 5107/10324/1765
f 5107/10324/1766 5119/10346/1766 5108/10347/1766
f 5116/10343/1767 5120/10348/1767 5118/10345/1767
f 5120/10348/1768 5121/10349/1768 5118/10345/1768
f 5118/10345/1769 5121/10349/1769 5122/10350/1769
f 5123/10351/1770 5124/10352/1770 5125/10353/1770
f 5124/10352/1771 5122/10350/1771 5125/10353/1771
f 5125/10353/1772 5122/10350/1772 5126/10354/1772
f 5122/10350/1773 5121/10349/1773 5126/10354/1773
f 5123/10351/1774 5127/10355/1774 5128/10356/1774
f 5127/10355/1775 5129/10357/1775 5128/10356/1775
f 5130/10358/1776 5087/10301/1776 5131/10359/1776
f 5087/10301/1777 5089/10303/1777 5131/10359/1777
f 5131/10359/1778 5089/10303/1778 5132/10360/1778
f 5089/10303/1779 5091/10305/1779 5132/10360/1779
f 5132/10360/1780 5091/10305/1780 5133/10361/1780
f 5091/10305/1781 5134/10362/1781 5133/10361/1781
f 5133/10361/1782 5134/10362/1782 5097/10311/1782
f 5123/10351/1783 5128/10356/1783 5124/10352/1783
f 5128/10356/1784 5135/10363/1784 5124/10352/1784
f 5124/10352/1785 5135/10363/1785 5122/10350/1785
f 5135/10363/1786 5136/10364/1786 5122/10350/1786
f 5122/10350/1787 5136/10364/1787 5118/10345/1787
f 5136/10364/1788 5137/10365/1788 5118/10345/1788
f 5118/10345/1789 5137/10365/1789 5117/10344/1789
f 5070/10282/1790 5072/10284/1790 5114/10341/1790
f 5072/10284/1791 5115/10342/1791 5114/10341/1791
f 5114/10341/1792 5115/10342/1792 5138/10366/1792
f 5115/10342/1793 5117/10344/1793 5138/10366/1793
f 5138/10366/1794 5117/10344/1794 5139/10367/1794
f 5117/10344/1795 5137/10365/1795 5139/10367/1795
f 5139/10367/1796 5137/10365/1796 5140/10368/1796
f 5137/10365/1797 5136/10364/1797 5140/10368/1797
f 5140/10369/1798 5136/10370/1798 5130/10358/1798
f 5136/10370/1799 5135/10371/1799 5130/10358/1799
f 5130/10358/1800 5135/10371/1800 5087/10301/1800
f 5135/10371/1801 5128/10372/1801 5087/10301/1801
f 5087/10301/1802 5128/10372/1802 5086/10300/1802
f 5128/10356/1803 5129/10357/1803 5086/10299/1803
f 5086/10299/1804 5129/10357/1804 5085/10297/1804
f 5069/10281/1805 5141/10373/1805 5067/10279/1805
f 5141/10373/1806 5142/10374/1806 5067/10279/1806
f 5067/10279/1807 5142/10374/1807 5119/10346/1807
f 5142/10374/1808 5143/10375/1808 5119/10346/1808
f 5119/10346/1809 5143/10375/1809 5108/10347/1809
f 5143/10375/1810 5104/10376/1810 5108/10347/1810
f 5108/10328/1811 5104/10318/1811 5106/10326/1811
f 5104/10318/1812 5101/10320/1812 5106/10326/1812
f 5106/10323/1813 5101/10315/1813 5098/10321/1813
f 5101/10315/1814 5103/10317/1814 5098/10321/1814
f 5097/10311/1815 5134/10362/1815 4833/9984/1815
f 5134/10362/1816 5061/10273/1816 4833/9984/1816
f 4833/9984/1817 5061/10273/1817 4831/9982/1817
f 5083/10295/1818 5079/10291/1818 5084/10296/1818
f 5079/10291/1819 5081/10293/1819 5084/10296/1819
f 5084/10296/1820 5081/10293/1820 5088/10302/1820
f 5081/10293/1821 5094/10308/1821 5088/10302/1821
f 5088/10302/1822 5094/10308/1822 5090/10304/1822
f 5094/10308/1823 5096/10310/1823 5090/10304/1823
f 5090/10304/1824 5096/10310/1824 5091/10305/1824
f 5096/10310/1825 5059/10271/1825 5091/10305/1825
f 5091/10305/1826 5059/10271/1826 5134/10362/1826
f 5059/10271/1827 5062/10274/1827 5134/10362/1827
f 5134/10362/1828 5062/10274/1828 5061/10273/1828
f 5076/10288/1829 5078/10290/1829 5113/10333/1829
f 5078/10290/1830 5144/10377/1830 5113/10333/1830
f 5113/10333/1831 5144/10377/1831 5112/10332/1831
f 5144/10377/1832 5145/10378/1832 5112/10332/1832
f 5112/10332/1833 5145/10378/1833 5063/10275/1833
f 5145/10378/1834 4838/9989/1834 5063/10275/1834
f 5063/10275/1835 4838/9989/1835 4842/9993/1835
f 5069/10281/1836 5114/10341/1836 5141/10373/1836
f 5114/10341/1837 5138/10366/1837 5141/10373/1837
f 5141/10373/1838 5138/10366/1838 5142/10374/1838
f 5138/10366/1839 5139/10367/1839 5142/10374/1839
f 5142/10374/1840 5139/10367/1840 5143/10375/1840
f 5139/10367/1841 5140/10368/1841 5143/10375/1841
f 5143/10375/1842 5140/10368/1842 5104/10376/1842
f 5140/10369/1843 5130/10358/1843 5104/10318/1843
f 5104/10318/1844 5130/10358/1844 5076/10288/1844
f 5130/10358/1845 5131/10359/1845 5076/10288/1845
f 5076/10288/1846 5131/10359/1846 5077/10289/1846
f 5131/10359/1847 5132/10360/1847 5077/10289/1847
f 5077/10289/1848 5132/10360/1848 5078/10290/1848
f 5132/10360/1849 5133/10361/1849 5078/10290/1849
f 5078/10290/1850 5133/10361/1850 5144/10377/1850
f 5133/10361/1851 5097/10311/1851 5144/10377/1851
f 5144/10377/1852 5097/10311/1852 5145/10378/1852
f 5097/10311/1853 4836/9987/1853 5145/10378/1853
f 5145/10378/1854 4836/9987/1854 4838/9989/1854
f 4851/10007/1855 4849/10005/1855 5146/10379/1855
f 4849/10005/1856 4761/9908/1856 5146/10379/1856
f 5147/10380/1857 5148/10381/1857 5071/10283/1857
f 5149/10382/1858 5150/10383/1858 5151/10384/1858
f 5150/10383/1859 5152/10385/1859 5151/10384/1859
f 5151/10384/1860 5152/10385/1860 5153/10386/1860
f 5152/10385/1861 5154/10387/1861 5153/10386/1861
f 5155/10388/1862 5156/10389/1862 5154/10387/1862
f 5156/10389/1863 5157/10390/1863 5154/10387/1863
f 5154/10387/1864 5157/10390/1864 5153/10386/1864
f 5158/10391/1865 5159/10392/1865 5155/10393/1865
f 5159/10394/1866 5160/10395/1866 5155/10388/1866
f 5155/10388/1867 5160/10395/1867 5156/10389/1867
f 5161/10396/1868 5162/10397/1868 5158/10391/1868
f 5162/10397/1869 5163/10398/1869 5158/10391/1869
f 5158/10391/1870 5163/10398/1870 5159/10392/1870
f 4761/9908/1856 5164/10399/1856 5146/10379/1856
f 5164/10399/1871 5165/10400/1871 5146/10379/1871
f 5146/10379/1872 5165/10400/1872 5161/10396/1872
f 5165/10400/1873 5166/10401/1873 5161/10396/1873
f 5161/10396/1874 5166/10401/1874 5162/10397/1874
f 4847/10003/1875 4855/10011/1875 5110/10330/1875
f 4855/10011/1875 5167/10402/1875 5110/10330/1875
f 5110/10330/1876 5167/10402/1876 5074/10286/1876
f 5167/10402/1877 5168/10403/1877 5074/10286/1877
f 5169/10404/1878 5103/10317/1878 5168/10403/1878
f 5103/10317/1879 5075/10287/1879 5168/10403/1879
f 5168/10403/1880 5075/10287/1880 5074/10286/1880
f 5170/10405/1881 5099/10313/1881 5169/10406/1881
f 5099/10407/1882 5098/10321/1882 5169/10404/1882
f 5169/10404/1883 5098/10321/1883 5103/10317/1883
f 5171/10408/1884 5065/10277/1884 5170/10405/1884
f 5065/10277/1885 5064/10276/1885 5170/10405/1885
f 5170/10405/1886 5064/10276/1886 5099/10313/1886
f 5071/10283/1857 5070/10282/1857 5147/10380/1857
f 5070/10282/1887 5069/10281/1887 5147/10380/1887
f 5147/10380/1888 5069/10281/1888 5171/10408/1888
f 5069/10281/1889 5068/10280/1889 5171/10408/1889
f 5171/10408/1890 5068/10280/1890 5065/10277/1890
f 4855/10011/1891 4851/10007/1891 5167/10402/1891
f 4851/10007/1892 5146/10379/1892 5167/10402/1892
f 5167/10402/1893 5146/10379/1893 5168/10403/1893
f 5146/10379/1893 5161/10396/1893 5168/10403/1893
f 5168/10403/1894 5161/10396/1894 5169/10404/1894
f 5161/10396/1894 5158/10391/1894 5169/10404/1894
f 5169/10406/1895 5158/10409/1895 5170/10405/1895
f 5158/10409/1895 5155/10388/1895 5170/10405/1895
f 5170/10405/1896 5155/10388/1896 5171/10408/1896
f 5155/10388/1897 5154/10387/1897 5171/10408/1897
f 5171/10408/1898 5154/10387/1898 5147/10380/1898
f 5154/10387/1899 5152/10385/1899 5147/10380/1899
f 5147/10380/1900 5152/10385/1900 5148/10381/1900
f 5152/10385/1901 5150/10383/1901 5148/10381/1901
f 4761/9908/1902 4762/9909/1902 5164/10399/1902
f 4762/9909/1902 5172/10410/1902 5164/10399/1902
f 5164/10399/1903 5172/10410/1903 5165/10400/1903
f 5172/10410/1903 5173/10411/1903 5165/10400/1903
f 5165/10400/1904 5173/10411/1904 5166/10401/1904
f 5173/10411/1904 5174/10412/1904 5166/10401/1904
f 5166/10401/1905 5174/10412/1905 5162/10397/1905
f 5174/10412/1905 5175/10413/1905 5162/10397/1905
f 5162/10397/1906 5175/10413/1906 5163/10398/1906
f 5175/10413/1906 5176/10414/1906 5163/10398/1906
f 5163/10398/1907 5176/10414/1907 5159/10392/1907
f 5176/10414/1907 5177/10415/1907 5159/10392/1907
f 5159/10394/1908 5177/10416/1908 5160/10395/1908
f 5177/10416/1909 5178/10417/1909 5160/10395/1909
f 5160/10395/1910 5178/10417/1910 5156/10389/1910
f 5178/10417/1910 5179/10418/1910 5156/10389/1910
f 5156/10389/1911 5179/10418/1911 5157/10390/1911
f 5179/10418/1912 5180/10419/1912 5157/10390/1912
f 5157/10390/1913 5180/10419/1913 5153/10386/1913
f 5180/10419/1914 5181/10420/1914 5153/10386/1914
f 5153/10386/1915 5181/10420/1915 5151/10384/1915
f 5181/10420/1915 5182/10421/1915 5151/10384/1915
f 5151/10384/1916 5182/10421/1916 5149/10382/1916
f 5182/10421/1917 5183/10422/1917 5149/10382/1917
f 5184/10423/1918 5185/10424/1918 5183/10422/1918
f 5045/10255/1919 5186/10425/1919 5187/10426/1919
f 5186/10425/1919 5188/10427/1919 5187/10426/1919
f 5187/10426/1920 5188/10427/1920 5189/10428/1920
f 5188/10427/1921 5190/10429/1921 5189/10428/1921
f 5189/10428/1922 5190/10429/1922 5191/10430/1922
f 5192/10431/1923 5193/10432/1923 5190/10429/1923
f 5193/10432/1924 5194/10433/1924 5190/10429/1924
f 5190/10429/1925 5194/10433/1925 5191/10430/1925
f 5195/10434/1926 5196/10435/1926 5192/10431/1926
f 5196/10435/1927 5197/10436/1927 5192/10431/1927
f 5192/10431/1928 5197/10436/1928 5193/10432/1928
f 5198/10437/1929 5199/10438/1929 5195/10439/1929
f 5199/10438/1930 5200/10440/1930 5195/10439/1930
f 5195/10434/1931 5200/10441/1931 5196/10435/1931
f 4784/9933/1932 5201/10442/1932 5202/10443/1932
f 5201/10442/1933 5203/10444/1933 5202/10443/1933
f 5202/10443/1934 5203/10444/1934 5198/10437/1934
f 5203/10444/1935 5204/10445/1935 5198/10437/1935
f 5198/10437/1936 5204/10445/1936 5199/10438/1936
f 4792/9941/1937 4789/9938/1937 5202/10443/1937
f 4789/9938/1938 4787/9936/1938 5202/10443/1938
f 5202/10443/1932 4787/9936/1932 4784/9933/1932
f 5172/10410/1939 5205/10446/1939 5173/10411/1939
f 5205/10446/1940 5206/10447/1940 5173/10411/1940
f 5207/10448/1941 5175/10413/1941 5206/10447/1941
f 5175/10413/1942 5174/10412/1942 5206/10447/1942
f 5206/10447/1943 5174/10412/1943 5173/10411/1943
f 5208/10449/1944 5177/10415/1944 5207/10448/1944
f 5177/10415/1945 5176/10414/1945 5207/10448/1945
f 5207/10448/1946 5176/10414/1946 5175/10413/1946
f 5209/10450/1947 5179/10418/1947 5208/10451/1947
f 5179/10418/1948 5178/10417/1948 5208/10451/1948
f 5208/10451/1949 5178/10417/1949 5177/10416/1949
f 5183/10422/1918 5182/10421/1918 5184/10423/1918
f 5182/10421/1950 5181/10420/1950 5184/10423/1950
f 5184/10423/1951 5181/10420/1951 5209/10450/1951
f 5181/10420/1952 5180/10419/1952 5209/10450/1952
f 5209/10450/1953 5180/10419/1953 5179/10418/1953
f 5186/10425/1954 5185/10424/1954 5188/10427/1954
f 5185/10424/1955 5184/10423/1955 5188/10427/1955
f 5188/10427/1956 5184/10423/1956 5190/10429/1956
f 5184/10423/1956 5209/10450/1956 5190/10429/1956
f 5190/10429/1957 5209/10450/1957 5192/10431/1957
f 5209/10450/1957 5208/10451/1957 5192/10431/1957
f 5192/10431/1958 5208/10451/1958 5195/10434/1958
f 5208/10451/1958 5207/10452/1958 5195/10434/1958
f 5195/10439/1959 5207/10448/1959 5198/10437/1959
f 5207/10448/1959 5206/10447/1959 5198/10437/1959
f 5198/10437/1960 5206/10447/1960 5202/10443/1960
f 5206/10447/1960 5205/10446/1960 5202/10443/1960
f 5202/10443/1961 5205/10446/1961 4792/9941/1961
f 5205/10446/1962 5172/10410/1962 4792/9941/1962
f 4792/9941/1963 5172/10410/1963 4762/9909/1963
f 5201/10453/1964 4784/10454/1964 4765/10455/1964
f 5210/10456/1965 5211/10457/1965 5212/10458/1965
f 5213/10459/1966 5199/10438/1966 5204/10445/1966
f 5199/10460/1967 5213/10461/1967 5200/10441/1967
f 5214/10462/1968 5187/10426/1968 5189/10428/1968
f 5042/10252/1969 5040/10250/1969 5215/10463/1969
f 5037/10247/1970 5216/10464/1970 5217/10465/1970
f 5042/10252/1971 5215/10463/1971 5043/10253/1971
f 5217/10465/1972 5216/10464/1972 5210/10466/1972
f 5045/10255/1973 5187/10426/1973 5047/10257/1973
f 5187/10426/1974 5214/10462/1974 5047/10257/1974
f 5047/10257/1975 5214/10462/1975 5049/10259/1975
f 5218/10467/1976 5219/10468/1976 5220/10469/1976
f 5219/10468/1977 5221/10470/1977 5220/10469/1977
f 5220/10469/1978 5221/10470/1978 5222/10471/1978
f 5221/10470/1979 5223/10472/1979 5222/10471/1979
f 5222/10471/1980 5223/10472/1980 5224/10473/1980
f 5223/10472/1981 5215/10463/1981 5224/10473/1981
f 5224/10473/1982 5215/10463/1982 5050/10260/1982
f 5215/10463/1983 5040/10250/1983 5050/10260/1983
f 5216/10464/1984 5225/10474/1984 5210/10466/1984
f 5225/10474/1985 5226/10475/1985 5210/10466/1985
f 5210/10456/1986 5226/10476/1986 5211/10457/1986
f 5226/10476/1987 5227/10477/1987 5211/10457/1987
f 5211/10457/1988 5227/10477/1988 5228/10478/1988
f 5229/10479/1989 5230/10480/1989 5231/10481/1989
f 5230/10480/1990 5232/10482/1990 5231/10481/1990
f 5227/10477/1991 5232/10483/1991 5228/10478/1991
f 5232/10482/1992 5230/10480/1992 5228/10484/1992
f 5228/10478/1993 5230/10485/1993 5233/10486/1993
f 5230/10480/1994 5229/10479/1994 5233/10487/1994
f 5233/10487/1995 5229/10479/1995 5234/10488/1995
f 5194/10433/1996 5218/10467/1996 5191/10430/1996
f 5218/10467/1997 5220/10469/1997 5191/10430/1997
f 5191/10430/1998 5220/10469/1998 5189/10428/1998
f 5220/10469/1999 5222/10471/1999 5189/10428/1999
f 5189/10428/2000 5222/10471/2000 5214/10462/2000
f 5222/10471/2001 5224/10473/2001 5214/10462/2001
f 5214/10462/2002 5224/10473/2002 5049/10259/2002
f 5224/10473/2003 5050/10260/2003 5049/10259/2003
f 5235/10489/2004 5236/10490/2004 5237/10491/2004
f 5236/10490/2005 5238/10492/2005 5237/10491/2005
f 5237/10491/2006 5238/10492/2006 5239/10493/2006
f 5238/10492/2007 5213/10494/2007 5239/10493/2007
f 5239/10493/2008 5213/10494/2008 5240/10495/2008
f 5213/10459/2009 5204/10445/2009 5240/10496/2009
f 5241/10497/2010 5242/10498/2010 5243/10499/2010
f 5242/10498/2011 5244/10500/2011 5243/10499/2011
f 5243/10499/2012 5244/10500/2012 5245/10501/2012
f 4773/9920/2013 5245/10501/2013 4775/9922/2013
f 5245/10501/2014 5246/10502/2014 4775/9922/2014
f 4775/9922/2015 5246/10502/2015 5247/10503/2015
f 5246/10502/2016 5248/10504/2016 5247/10503/2016
f 5247/10503/2017 5248/10504/2017 5249/10505/2017
f 5248/10504/2018 5250/10506/2018 5249/10505/2018
f 5245/10501/2019 5244/10500/2019 5246/10502/2019
f 5244/10500/2020 5251/10507/2020 5246/10502/2020
f 5246/10502/2021 5251/10507/2021 5248/10504/2021
f 5251/10507/2022 5252/10508/2022 5248/10504/2022
f 5248/10504/2023 5252/10508/2023 5250/10506/2023
f 5241/10497/2024 5023/10224/2024 5253/10509/2024
f 5023/10224/2025 5026/10232/2025 5253/10509/2025
f 5253/10509/2026 5026/10232/2026 5027/10234/2026
f 5254/10510/2027 5029/10236/2027 5031/10240/2027
f 5255/10511/2028 5256/10512/2028 5254/10510/2028
f 5200/10441/2029 5213/10461/2029 5257/10513/2029
f 5213/10461/2030 5238/10514/2030 5257/10513/2030
f 5257/10513/2031 5238/10514/2031 5234/10488/2031
f 5238/10514/2032 5236/10515/2032 5234/10488/2032
f 5234/10516/2033 5236/10490/2033 5233/10486/2033
f 5236/10490/2034 5235/10489/2034 5233/10486/2034
f 5233/10486/2035 5235/10489/2035 5228/10478/2035
f 5235/10489/2036 5258/10517/2036 5228/10478/2036
f 5228/10478/2037 5258/10517/2037 5211/10457/2037
f 5258/10517/2038 5259/10518/2038 5211/10457/2038
f 5211/10457/2039 5259/10518/2039 5212/10458/2039
f 5259/10518/2040 5255/10511/2040 5212/10458/2040
f 5255/10511/2041 5254/10510/2041 5212/10458/2041
f 5212/10458/2042 5254/10510/2042 5210/10456/2042
f 5254/10510/2043 5031/10240/2043 5210/10456/2043
f 5210/10456/2044 5031/10240/2044 5217/10519/2044
f 5031/10241/2045 5032/10242/2045 5217/10465/2045
f 5217/10465/2046 5032/10242/2046 5037/10247/2046
f 5241/10497/2047 5253/10509/2047 5242/10498/2047
f 5253/10509/2048 5260/10520/2048 5242/10498/2048
f 5242/10498/2049 5260/10520/2049 5244/10500/2049
f 5260/10520/2050 5261/10521/2050 5244/10500/2050
f 5244/10500/2051 5261/10521/2051 5251/10507/2051
f 5261/10521/2052 5262/10522/2052 5251/10507/2052
f 5262/10522/2053 5263/10523/2053 5251/10507/2053
f 5251/10507/2054 5263/10523/2054 5252/10508/2054
f 5263/10523/2055 5264/10524/2055 5252/10508/2055
f 5252/10508/2056 5264/10524/2056 5250/10506/2056
f 5264/10524/2057 5265/10525/2057 5250/10506/2057
f 5250/10506/2058 5265/10525/2058 5266/10526/2058
f 5265/10527/2059 5203/10444/2059 5266/10528/2059
f 5266/10528/2060 5203/10444/2060 5201/10442/2060
f 5037/10247/2061 5043/10253/2061 5216/10464/2061
f 5043/10253/2062 5215/10463/2062 5216/10464/2062
f 5216/10464/2063 5215/10463/2063 5225/10474/2063
f 5215/10463/2064 5223/10472/2064 5225/10474/2064
f 5225/10474/2065 5223/10472/2065 5226/10475/2065
f 5223/10472/2066 5221/10470/2066 5226/10475/2066
f 5226/10475/2067 5221/10470/2067 5227/10529/2067
f 5221/10470/2068 5219/10468/2068 5227/10529/2068
f 5227/10529/2069 5219/10468/2069 5232/10482/2069
f 5219/10468/2070 5218/10467/2070 5232/10482/2070
f 5232/10482/2071 5218/10467/2071 5231/10481/2071
f 5218/10467/2072 5194/10433/2072 5231/10481/2072
f 5231/10481/2073 5194/10433/2073 5229/10479/2073
f 5194/10433/2074 5193/10432/2074 5229/10479/2074
f 5229/10479/2075 5193/10432/2075 5234/10488/2075
f 5193/10432/2076 5197/10436/2076 5234/10488/2076
f 5234/10488/2077 5197/10436/2077 5257/10513/2077
f 5197/10436/2078 5196/10435/2078 5257/10513/2078
f 5257/10513/2079 5196/10435/2079 5200/10441/2079
f 5201/10442/2080 4765/9931/2080 5266/10528/2080
f 4765/9912/2081 4766/9913/2081 5266/10526/2081
f 5266/10526/2082 4766/9913/2082 5250/10506/2082
f 4766/9913/2083 4769/9916/2083 5250/10506/2083
f 5250/10506/2084 4769/9916/2084 5249/10505/2084
f 4769/9916/2085 4771/9918/2085 5249/10505/2085
f 5249/10505/2086 4771/9918/2086 5247/10503/2086
f 4771/9918/2087 4777/9924/2087 5247/10503/2087
f 5247/10503/2088 4777/9924/2088 4775/9922/2088
f 5204/10445/2089 5203/10444/2089 5240/10496/2089
f 5203/10530/2090 5265/10525/2090 5240/10495/2090
f 5240/10495/2091 5265/10525/2091 5239/10493/2091
f 5265/10525/2092 5264/10524/2092 5239/10493/2092
f 5239/10493/2093 5264/10524/2093 5237/10491/2093
f 5264/10524/2094 5263/10523/2094 5237/10491/2094
f 5237/10491/2095 5263/10523/2095 5235/10489/2095
f 5263/10523/2096 5262/10522/2096 5235/10489/2096
f 5235/10489/2097 5262/10522/2097 5258/10517/2097
f 5262/10522/2098 5261/10521/2098 5258/10517/2098
f 5258/10517/2099 5261/10521/2099 5259/10518/2099
f 5261/10521/2100 5260/10520/2100 5259/10518/2100
f 5259/10518/2101 5260/10520/2101 5255/10511/2101
f 5260/10520/2102 5253/10509/2102 5255/10511/2102
f 5255/10511/2103 5253/10509/2103 5256/10512/2103
f 5253/10509/2104 5027/10234/2104 5256/10512/2104
f 5256/10512/2105 5027/10234/2105 5254/10510/2105
f 5027/10234/2106 5028/10235/2106 5254/10510/2106
f 5254/10510/2107 5028/10235/2107 5029/10236/2107
f 5021/10222/2108 5020/10221/2108 5267/10531/2108
f 5020/10221/2109 5025/10226/2109 5267/10531/2109
f 5243/10499/2110 5024/10225/2110 5241/10497/2110
f 5024/10225/2111 5023/10224/2111 5241/10497/2111
f 4781/9928/2112 4758/9904/2112 5267/10531/2112
f 4781/9928/2113 5267/10531/2113 4782/9929/2113
f 4773/9920/2114 4782/9929/2114 5245/10501/2114
f 4782/9929/2115 5267/10531/2115 5245/10501/2115
f 5245/10501/2116 5267/10531/2116 5243/10499/2116
f 5267/10531/2117 5025/10226/2117 5243/10499/2117
f 5243/10499/2118 5025/10226/2118 5024/10225/2118
f 4758/9904/2119 4689/9905/2119 5267/10531/2119
f 4689/9905/2120 4706/10227/2120 5267/10531/2120
f 5267/10531/2121 4706/10227/2121 5021/10222/2121
f 5268/10532/2122 4725/10533/2122 4722/10534/2122
f 5269/10535/2123 5270/10536/2123 5129/10357/2123
f 5271/10537/2124 5272/10538/2124 5121/10349/2124
f 5120/10348/2125 5273/10539/2125 5121/10349/2125
f 5273/10539/2126 5274/10540/2126 5121/10349/2126
f 5121/10349/2127 5274/10540/2127 5271/10537/2127
f 5071/10283/2128 5275/10541/2128 5072/10284/2128
f 5275/10541/2129 5276/10542/2129 5072/10284/2129
f 5072/10284/2130 5276/10542/2130 5115/10342/2130
f 5276/10542/2131 5273/10539/2131 5115/10342/2131
f 5115/10342/2132 5273/10539/2132 5116/10343/2132
f 5273/10539/2133 5120/10348/2133 5116/10343/2133
f 5269/10535/2134 5129/10357/2134 5277/10543/2134
f 5123/10351/2135 5125/10353/2135 5272/10538/2135
f 5125/10353/2136 5126/10354/2136 5272/10538/2136
f 5272/10538/2137 5126/10354/2137 5121/10349/2137
f 5277/10543/2138 5129/10357/2138 5272/10538/2138
f 5129/10357/2139 5127/10355/2139 5272/10538/2139
f 5272/10538/2140 5127/10355/2140 5123/10351/2140
f 5079/10291/2141 5083/10295/2141 5270/10544/2141
f 5083/10295/2142 5082/10294/2142 5270/10544/2142
f 5082/10298/2143 5085/10297/2143 5270/10536/2143
f 5270/10536/2144 5085/10297/2144 5129/10357/2144
f 5268/10532/2145 4722/10534/2145 5278/10545/2145
f 5093/10307/2146 5092/10306/2146 5279/10546/2146
f 5270/10536/2147 5280/10547/2147 5079/10548/2147
f 5280/10549/2148 5279/10546/2148 5079/10291/2148
f 5079/10291/2149 5279/10546/2149 5080/10292/2149
f 5279/10546/2150 5092/10306/2150 5080/10292/2150
f 5279/10546/2151 5281/10550/2151 5093/10307/2151
f 5281/10550/2152 5282/10551/2152 5093/10307/2152
f 5093/10307/2153 5282/10551/2153 5278/10545/2153
f 5278/10545/2154 4722/10534/2154 5093/10307/2154
f 4722/10534/2155 4721/10261/2155 5093/10307/2155
f 5093/10307/2156 4721/10261/2156 5055/10267/2156
f 5186/10425/92 5045/10255/92 5044/10254/92
f 5275/10541/92 5071/10283/92 5148/10381/92
f 5186/10425/92 5044/10254/92 5185/10424/92
f 5148/10381/92 5150/10383/92 5275/10541/92
f 5150/10383/92 5149/10382/92 5275/10541/92
f 5275/10541/92 5149/10382/92 5044/10254/92
f 5149/10382/92 5183/10422/92 5044/10254/92
f 5044/10254/92 5183/10422/92 5185/10424/92
f 5279/10546/2157 5280/10549/2157 5283/10552/2157
f 5280/10547/2158 5270/10536/2158 5283/10553/2158
f 5284/10554/2159 5285/10555/2159 5286/10556/2159
f 4676/9794/2160 4675/9793/2160 5287/10557/2160
f 5288/10558/2161 5289/10559/2161 5290/10560/2161
f 5289/10559/2162 5291/10561/2162 5290/10560/2162
f 5290/10562/2163 5291/10563/2163 5292/10564/2163
f 5293/10565/2164 5294/10566/2164 5295/10567/2164
f 4673/10568/92 4661/10568/92 5296/10568/92
f 5297/10569/2165 5298/10570/2165 5299/10571/2165
f 5298/10570/2166 5300/10572/2166 5299/10571/2166
f 5299/10571/2167 5300/10572/2167 5301/10573/2167
f 5296/10574/2168 5302/10575/2168 4673/9791/2168
f 5302/10575/2169 5303/10576/2169 4673/9791/2169
f 4673/9791/2170 5303/10576/2170 4674/9792/2170
f 5303/10576/2171 5304/10577/2171 4674/9792/2171
f 4674/9792/2172 5304/10577/2172 4665/9783/2172
f 5304/10577/2173 5305/10578/2173 4665/9783/2173
f 4665/9783/2174 5305/10578/2174 4666/9784/2174
f 5293/10565/2175 5284/10554/2175 5294/10566/2175
f 5284/10554/2176 5286/10556/2176 5294/10566/2176
f 5294/10566/2177 5286/10556/2177 5306/10579/2177
f 5286/10556/2178 5307/10580/2178 5306/10579/2178
f 5306/10579/2179 5307/10580/2179 5308/10581/2179
f 5293/10565/2180 5305/10578/2180 5284/10554/2180
f 5305/10578/2181 5304/10577/2181 5284/10554/2181
f 5284/10554/2182 5304/10577/2182 5285/10555/2182
f 5304/10577/2183 5303/10576/2183 5285/10555/2183
f 5285/10555/2184 5303/10576/2184 5309/10582/2184
f 5303/10576/2185 5302/10575/2185 5309/10582/2185
f 5309/10582/2186 5302/10575/2186 5299/10571/2186
f 5302/10575/2187 5296/10574/2187 5299/10571/2187
f 5299/10571/2188 5296/10574/2188 5297/10569/2188
f 5310/10583/2189 5311/10584/2189 5312/10585/2189
f 5311/10584/2190 5313/10586/2190 5312/10585/2190
f 5312/10585/2191 5313/10586/2191 5295/10567/2191
f 5308/10581/2192 5307/10580/2192 5314/10587/2192
f 5307/10580/2193 5315/10588/2193 5314/10587/2193
f 5314/10587/2194 5315/10588/2194 5316/10589/2194
f 4661/10568/2195 4662/10568/2195 5296/10568/2195
f 4662/10568/2196 4709/10568/2196 5296/10568/2196
f 5296/10568/2197 4709/10568/2197 5297/10568/2197
f 4709/10568/2198 4710/10568/2198 5297/10568/2198
f 5297/10568/2199 4710/10568/2199 5298/10568/2199
f 4710/10590/2200 4719/10591/2200 5298/10592/2200
f 5298/10592/2201 4719/10591/2201 5300/10593/2201
f 4719/10591/2202 4718/10594/2202 5300/10593/2202
f 5300/10593/2203 4718/10594/2203 5301/10595/2203
f 4718/10594/2204 4717/10596/2204 5301/10595/2204
f 5301/10595/2205 4717/10596/2205 5299/10597/2205
f 4717/10596/2206 4716/10598/2206 5299/10597/2206
f 5299/10597/2207 4716/10598/2207 5309/10599/2207
f 4716/10598/2208 4715/10600/2208 5309/10599/2208
f 5309/10582/2209 4715/10601/2209 5285/10555/2209
f 4715/10601/2210 4708/10602/2210 5285/10555/2210
f 5285/10555/2211 4708/10602/2211 5286/10556/2211
f 4708/10602/2212 4707/10603/2212 5286/10556/2212
f 5286/10556/2213 4707/10603/2213 5307/10580/2213
f 5310/10583/2214 5317/10604/2214 5311/10584/2214
f 5317/10604/2215 5318/10605/2215 5311/10584/2215
f 5311/10584/2216 5318/10605/2216 5319/10606/2216
f 5318/10605/2217 5320/10607/2217 5319/10606/2217
f 5319/10606/2218 5320/10607/2218 5321/10608/2218
f 5320/10607/2219 5322/10609/2219 5321/10608/2219
f 5321/10608/2220 5322/10609/2220 5323/10610/2220
f 5322/10609/2221 5324/10611/2221 5323/10610/2221
f 5270/10536/2222 5324/10611/2222 5283/10553/2222
f 5324/10611/2223 5322/10609/2223 5283/10553/2223
f 5283/10553/2224 5322/10609/2224 5325/10612/2224
f 5322/10609/2225 5320/10607/2225 5325/10612/2225
f 5325/10612/2226 5320/10607/2226 5326/10613/2226
f 5320/10607/2227 5318/10605/2227 5326/10613/2227
f 5326/10613/2228 5318/10605/2228 5327/10614/2228
f 5318/10605/2229 5317/10604/2229 5327/10614/2229
f 5295/10567/2230 5294/10566/2230 5312/10585/2230
f 5294/10566/2231 5306/10579/2231 5312/10585/2231
f 5312/10585/2232 5306/10579/2232 5310/10583/2232
f 5306/10579/2233 5308/10581/2233 5310/10583/2233
f 5310/10583/2234 5308/10581/2234 5317/10604/2234
f 5308/10581/2235 5314/10587/2235 5317/10604/2235
f 5317/10604/2236 5314/10587/2236 5327/10614/2236
f 5314/10587/2237 5316/10589/2237 5327/10614/2237
f 5327/10614/2238 5316/10589/2238 5326/10613/2238
f 5316/10589/2239 5328/10615/2239 5326/10613/2239
f 5326/10613/2240 5328/10615/2240 5325/10612/2240
f 4726/10616/2241 5329/10617/2241 5330/10618/2241
f 5328/10615/2242 5330/10619/2242 5325/10612/2242
f 5330/10618/2243 5329/10617/2243 5325/10620/2243
f 5325/10620/2244 5329/10617/2244 5283/10552/2244
f 5329/10617/2245 5281/10550/2245 5283/10552/2245
f 5283/10552/2246 5281/10550/2246 5279/10546/2246
f 5331/10621/2247 5332/10622/2247 5333/10623/2247
f 5333/10623/2248 5332/10622/2248 5334/10624/2248
f 5332/10622/2249 5335/10625/2249 5334/10624/2249
f 5334/10624/2250 5335/10625/2250 5336/10626/2250
f 5335/10625/2251 5276/10542/2251 5336/10626/2251
f 5336/10626/2252 5276/10542/2252 5275/10541/2252
f 5271/10537/2253 5274/10540/2253 5335/10625/2253
f 5274/10540/2254 5273/10539/2254 5335/10625/2254
f 5335/10625/2255 5273/10539/2255 5276/10542/2255
f 4667/10627/2256 4664/10628/2256 5337/10629/2256
f 4664/10628/2257 5338/10630/2257 5337/10629/2257
f 5337/10629/2258 5338/10630/2258 5339/10631/2258
f 5338/10630/2259 5340/10632/2259 5339/10631/2259
f 5339/10631/2260 5340/10632/2260 5341/10633/2260
f 5340/10632/2261 5342/10634/2261 5341/10633/2261
f 5341/10633/2262 5342/10634/2262 5343/10635/2262
f 5342/10636/2263 5344/10637/2263 5343/10638/2263
f 5343/10635/2264 5344/10639/2264 5345/10640/2264
f 5344/10637/2265 5331/10621/2265 5345/10641/2265
f 5345/10641/2266 5331/10621/2266 5346/10642/2266
f 5331/10621/2267 5333/10623/2267 5346/10642/2267
f 5347/10643/2268 5348/10644/2268 4663/10645/2268
f 4672/10646/2269 4671/10647/2269 5288/10558/2269
f 4671/10647/2269 4670/10648/2269 5288/10558/2269
f 5288/10558/2270 4670/10648/2270 5289/10559/2270
f 4670/10648/2271 4676/10649/2271 5289/10559/2271
f 5289/10559/2272 4676/10649/2272 5291/10561/2272
f 4676/9794/2273 5287/10557/2273 5291/10563/2273
f 5291/10563/2274 5287/10557/2274 5292/10564/2274
f 5348/10644/2275 5349/10650/2275 5350/10651/2275
f 5349/10650/2276 5351/10652/2276 5350/10651/2276
f 5350/10651/2277 5351/10652/2277 5352/10653/2277
f 5351/10654/2278 5353/10655/2278 5352/10656/2278
f 5352/10656/2279 5353/10655/2279 5354/10657/2279
f 5353/10655/2280 5355/10658/2280 5354/10657/2280
f 5354/10657/2281 5355/10658/2281 5356/10659/2281
f 5355/10658/2282 5357/10660/2282 5356/10659/2282
f 5356/10659/2283 5357/10660/2283 5358/10661/2283
f 5357/10660/2284 5359/10662/2284 5358/10661/2284
f 5358/10661/2285 5359/10662/2285 5360/10663/2285
f 5348/10644/2286 5347/10643/2286 5349/10650/2286
f 5347/10643/2287 5361/10664/2287 5349/10650/2287
f 5349/10650/2288 5361/10664/2288 5351/10652/2288
f 5292/10665/2289 5362/10666/2289 5290/10560/2289
f 5362/10666/2290 5361/10664/2290 5290/10560/2290
f 5290/10560/2291 5361/10664/2291 5288/10558/2291
f 5361/10664/2292 5347/10643/2292 5288/10558/2292
f 5288/10558/2293 5347/10643/2293 4672/10646/2293
f 5347/10643/2294 4663/10645/2294 4672/10646/2294
f 5271/10537/2295 5335/10625/2295 5360/10663/2295
f 5335/10625/2296 5332/10622/2296 5360/10663/2296
f 5360/10663/2297 5332/10622/2297 5358/10661/2297
f 5332/10622/2298 5331/10621/2298 5358/10661/2298
f 5358/10661/2299 5331/10621/2299 5356/10659/2299
f 5331/10621/2300 5344/10637/2300 5356/10659/2300
f 5356/10659/2301 5344/10637/2301 5354/10657/2301
f 5344/10637/2302 5342/10636/2302 5354/10657/2302
f 5354/10657/2303 5342/10636/2303 5352/10656/2303
f 5342/10634/2304 5340/10632/2304 5352/10653/2304
f 5352/10653/2305 5340/10632/2305 5350/10651/2305
f 5340/10632/2306 5338/10630/2306 5350/10651/2306
f 5350/10651/2307 5338/10630/2307 5348/10644/2307
f 5338/10630/2308 4664/10628/2308 5348/10644/2308
f 5348/10644/2309 4664/10628/2309 4663/10645/2309
f 4725/10533/2310 5268/10532/2310 4726/10616/2310
f 5268/10532/2311 5278/10545/2311 4726/10616/2311
f 4726/10616/2312 5278/10545/2312 5329/10617/2312
f 5278/10545/2313 5282/10551/2313 5329/10617/2313
f 5329/10617/2314 5282/10551/2314 5281/10550/2314
f 4707/10603/2315 4724/10667/2315 5307/10580/2315
f 4724/10667/2316 4723/10668/2316 5307/10580/2316
f 5307/10580/2317 4723/10668/2317 5315/10588/2317
f 4723/10668/2318 4714/10669/2318 5315/10588/2318
f 5315/10588/2319 4714/10669/2319 5316/10589/2319
f 4714/10669/2320 4713/10670/2320 5316/10589/2320
f 5316/10589/2321 4713/10670/2321 5328/10615/2321
f 4713/10670/2322 4712/10671/2322 5328/10615/2322
f 5328/10615/2323 4712/10671/2323 5330/10619/2323
f 4712/10671/2324 4711/10672/2324 5330/10619/2324
f 5330/10618/2325 4711/10673/2325 4726/10616/2325
f 5270/10536/2326 5269/10535/2326 5359/10662/2326
f 5269/10535/2327 5277/10543/2327 5359/10662/2327
f 5359/10662/2328 5277/10543/2328 5360/10663/2328
f 5277/10543/2329 5272/10538/2329 5360/10663/2329
f 5360/10663/2330 5272/10538/2330 5271/10537/2330
f 5270/10536/2331 5359/10662/2331 5324/10611/2331
f 5359/10662/2332 5357/10660/2332 5324/10611/2332
f 5324/10611/2333 5357/10660/2333 5323/10610/2333
f 5357/10660/2334 5355/10658/2334 5323/10610/2334
f 5323/10610/2335 5355/10658/2335 5321/10608/2335
f 5355/10658/2336 5353/10655/2336 5321/10608/2336
f 5321/10608/2337 5353/10655/2337 5319/10606/2337
f 5353/10655/2338 5351/10654/2338 5319/10606/2338
f 5319/10606/2339 5351/10654/2339 5311/10584/2339
f 5351/10654/2340 5361/10674/2340 5311/10584/2340
f 5311/10584/2341 5361/10674/2341 5313/10586/2341
f 5361/10664/2342 5362/10666/2342 5313/10675/2342
f 5313/10586/2343 5362/10676/2343 5295/10567/2343
f 5362/10676/2344 5292/10564/2344 5295/10567/2344
f 5295/10567/2345 5292/10564/2345 5293/10565/2345
f 5292/10564/2346 5287/10557/2346 5293/10565/2346
f 5293/10565/2347 5287/10557/2347 5305/10578/2347
f 5287/10557/2348 4675/9793/2348 5305/10578/2348
f 5305/10578/2349 4675/9793/2349 4666/9784/2349
f 5363/10677/2350 5364/10678/2350 5365/10679/2350
f 5366/10680/2351 5367/10681/2351 5364/10678/2351
f 4640/9757/2352 5368/10682/2352 4647/9764/2352
f 4646/9763/2353 5369/10683/2353 4656/9773/2353
f 5039/10249/2354 5370/10684/2354 5371/10685/2354
f 5033/10243/2355 5030/10237/2355 5372/10686/2355
f 5036/10246/2356 5035/10245/2356 5373/10687/2356
f 5035/10245/2357 5374/10688/2357 5373/10687/2357
f 5036/10246/2358 5373/10687/2358 5038/10248/2358
f 5373/10687/2359 5375/10689/2359 5038/10248/2359
f 5038/10248/2360 5375/10689/2360 5041/10251/2360
f 5376/10690/2361 5377/10691/2361 5378/10692/2361
f 5039/10249/2362 5371/10685/2362 5048/10258/2362
f 5371/10685/2363 5376/10690/2363 5048/10258/2363
f 5048/10258/2364 5376/10690/2364 5046/10256/2364
f 5376/10690/2365 5378/10692/2365 5046/10256/2365
f 5046/10256/2366 5378/10692/2366 5044/10254/2366
f 4669/10693/2367 4668/10694/2367 5379/10695/2367
f 4669/10693/2368 5380/10696/2368 4677/10697/2368
f 5380/10696/2369 5381/10698/2369 4677/10697/2369
f 4677/10697/2370 5381/10698/2370 4678/10699/2370
f 5381/10698/2371 4679/10700/2371 4678/10699/2371
f 5382/10701/2372 5383/10702/2372 5384/10703/2372
f 4680/9798/2373 5385/10704/2373 4681/9799/2373
f 5385/10704/2374 5386/10705/2374 4681/9799/2374
f 4681/9799/2375 5386/10705/2375 4682/9800/2375
f 5386/10705/2376 5387/10706/2376 4682/9800/2376
f 4682/9800/2377 5387/10706/2377 4683/9801/2377
f 4684/9802/2378 5388/10707/2378 4685/9803/2378
f 5388/10707/2379 5389/10708/2379 4685/9803/2379
f 4685/9803/2380 5389/10708/2380 4686/9804/2380
f 5390/10709/2381 5391/10710/2381 4686/9804/2381
f 5392/9806/92 4687/9806/92 4686/9806/92
f 4686/9804/2382 5391/10710/2382 5393/10711/2382
f 5394/10712/2383 4645/9762/2383 5395/10713/2383
f 4645/9762/2384 4644/9761/2384 5395/10713/2384
f 5396/10714/2385 4660/9777/2385 4659/9776/2385
f 5397/10715/2386 5396/10714/2386 5398/10716/2386
f 5396/10714/2387 4659/9776/2387 5398/10716/2387
f 5398/10716/2388 4659/9776/2388 5399/10717/2388
f 4659/9776/2389 4658/9775/2389 5399/10717/2389
f 5400/10718/2390 5401/10719/2390 5402/10720/2390
f 5401/10719/2391 5403/10721/2391 5402/10720/2391
f 5402/10720/2392 5403/10721/2392 4643/9760/2392
f 5403/10721/2393 4639/9756/2393 4643/9760/2393
f 5030/10237/2394 4649/9766/2394 5372/10686/2394
f 4649/9766/2395 4648/9765/2395 5372/10686/2395
f 5372/10686/2396 4648/9765/2396 4647/9764/2396
f 5035/10245/2397 5034/10244/2397 5374/10688/2397
f 5034/10244/2398 5033/10243/2398 5374/10688/2398
f 5374/10688/2399 5033/10243/2399 5404/10722/2399
f 5033/10243/2400 5372/10686/2400 5404/10722/2400
f 5404/10722/2401 5372/10686/2401 5405/10723/2401
f 5372/10686/2402 4647/9764/2402 5405/10723/2402
f 5384/10703/2403 4679/9797/2403 5382/10701/2403
f 4679/10700/2404 5381/10698/2404 5382/10724/2404
f 5382/10724/2405 5381/10698/2405 5406/10725/2405
f 5381/10698/2406 5380/10696/2406 5406/10725/2406
f 5367/10681/2407 5366/10680/2407 5407/10726/2407
f 5366/10727/2408 5408/10728/2408 5407/10729/2408
f 5407/10729/2409 5408/10728/2409 5409/10730/2409
f 5364/10678/2410 5363/10677/2410 5366/10680/2410
f 5363/10677/2411 5410/10731/2411 5366/10680/2411
f 5366/10680/2412 5410/10731/2412 5408/10732/2412
f 5410/10733/2413 5411/10734/2413 5408/10728/2413
f 5408/10728/2414 5411/10734/2414 5409/10730/2414
f 5412/10735/2415 5413/10736/2415 5400/10718/2415
f 5414/10737/2416 5413/10736/2416 5415/10738/2416
f 5413/10736/2417 5412/10735/2417 5415/10738/2417
f 5415/10738/2418 5412/10735/2418 5416/10739/2418
f 4647/9764/2419 5368/10682/2419 5405/10723/2419
f 5368/10682/2420 5417/10740/2420 5405/10723/2420
f 5405/10723/2421 5417/10740/2421 5404/10722/2421
f 5417/10740/2422 5418/10741/2422 5404/10722/2422
f 5404/10722/2423 5418/10741/2423 5374/10688/2423
f 5418/10741/2424 5419/10742/2424 5374/10688/2424
f 5374/10688/2425 5419/10742/2425 5373/10687/2425
f 5419/10742/2426 5420/10743/2426 5373/10687/2426
f 5373/10687/2427 5420/10743/2427 5375/10689/2427
f 5421/10744/2428 5422/10745/2428 5416/10746/2428
f 5423/10747/2429 5422/10745/2429 5424/10748/2429
f 5422/10745/2430 5421/10744/2430 5424/10748/2430
f 5424/10748/2431 5421/10744/2431 5425/10749/2431
f 5414/10737/2432 5415/10738/2432 5426/10750/2432
f 5415/10738/2433 5416/10739/2433 5426/10750/2433
f 5426/10751/2434 5416/10752/2434 5427/10753/2434
f 5416/10739/2435 5422/10754/2435 5427/10755/2435
f 5427/10755/2436 5422/10754/2436 5428/10756/2436
f 5422/10745/2437 5423/10747/2437 5428/10757/2437
f 5428/10756/2438 5423/10758/2438 5429/10759/2438
f 5430/10760/2439 5377/10691/2439 5431/10761/2439
f 5377/10691/2440 5376/10690/2440 5431/10761/2440
f 5431/10761/2441 5376/10690/2441 5432/10762/2441
f 5376/10690/2442 5371/10685/2442 5432/10762/2442
f 5432/10762/2443 5371/10685/2443 5433/10763/2443
f 5371/10685/2444 5370/10684/2444 5433/10763/2444
f 5433/10763/2445 5370/10684/2445 5434/10764/2445
f 5429/10759/2446 5430/10760/2446 5428/10756/2446
f 5430/10760/2447 5431/10761/2447 5428/10756/2447
f 5428/10756/2448 5431/10761/2448 5427/10755/2448
f 5431/10761/2449 5432/10762/2449 5427/10755/2449
f 5427/10755/2450 5432/10762/2450 5426/10750/2450
f 5432/10762/2451 5433/10763/2451 5426/10750/2451
f 5426/10750/2452 5433/10763/2452 5414/10737/2452
f 5433/10763/2453 5434/10764/2453 5414/10737/2453
f 5414/10737/2454 5434/10764/2454 5413/10736/2454
f 4641/9758/2455 4660/9777/2455 5435/10765/2455
f 4660/9777/2456 5396/10714/2456 5435/10765/2456
f 5435/10765/2457 5396/10714/2457 5411/10734/2457
f 5396/10714/2458 5397/10715/2458 5411/10734/2458
f 5411/10734/2459 5397/10715/2459 5409/10730/2459
f 5039/10249/2460 5041/10251/2460 5370/10684/2460
f 5041/10251/2461 5375/10689/2461 5370/10684/2461
f 5370/10684/2462 5375/10689/2462 5434/10764/2462
f 5375/10689/2463 5420/10743/2463 5434/10764/2463
f 5434/10764/2464 5420/10743/2464 5413/10736/2464
f 5420/10743/2465 5419/10742/2465 5413/10736/2465
f 5413/10736/2466 5419/10742/2466 5400/10718/2466
f 5419/10742/2467 5418/10741/2467 5400/10718/2467
f 5400/10718/2468 5418/10741/2468 5401/10719/2468
f 5418/10741/2469 5417/10740/2469 5401/10719/2469
f 5401/10719/2470 5417/10740/2470 5403/10721/2470
f 5417/10740/2471 5368/10682/2471 5403/10721/2471
f 5403/10721/2472 5368/10682/2472 4639/9756/2472
f 5368/10682/2473 4640/9757/2473 4639/9756/2473
f 4653/9770/2474 4652/9769/2474 5436/10766/2474
f 4652/9769/2475 4651/9768/2475 5436/10766/2475
f 5436/10766/2476 4651/9768/2476 4650/9767/2476
f 4686/9804/2477 5437/10767/2477 5390/10709/2477
f 5437/10767/2478 4654/9771/2478 5390/10709/2478
f 5390/10709/2479 4654/9771/2479 5391/10710/2479
f 4654/9771/2480 4653/9770/2480 5391/10710/2480
f 5391/10768/2481 4653/10769/2481 5393/10770/2481
f 4653/9770/2482 5436/10766/2482 5393/10711/2482
f 5393/10711/2483 5436/10766/2483 4686/9804/2483
f 5436/10766/2484 4650/9767/2484 4686/9804/2484
f 4686/9804/2485 4650/9767/2485 5392/10771/2485
f 4650/9806/2486 4688/9806/2486 5392/9806/2486
f 5392/9806/2487 4688/9806/2487 4687/9806/2487
f 5438/10772/2488 5439/10773/2488 5440/10774/2488
f 5439/10773/2489 5395/10713/2489 5440/10774/2489
f 5440/10774/2490 5395/10713/2490 4655/9772/2490
f 5395/10713/2491 4644/9761/2491 4655/9772/2491
f 4655/9772/2492 4654/9771/2492 5440/10774/2492
f 4654/9771/2493 5437/10767/2493 5440/10774/2493
f 5440/10774/2494 5437/10767/2494 5438/10772/2494
f 5437/10767/2495 4686/9804/2495 5438/10772/2495
f 5438/10772/2496 4686/9804/2496 5439/10773/2496
f 4686/9804/2497 5441/10775/2497 5439/10773/2497
f 5439/10773/2498 5441/10775/2498 5395/10713/2498
f 5441/10775/2499 5442/10776/2499 5395/10713/2499
f 5395/10713/2500 5442/10776/2500 5394/10712/2500
f 5442/10776/2501 5443/10777/2501 5394/10712/2501
f 5394/10712/2502 5443/10777/2502 4686/9804/2502
f 5443/10777/2503 5442/10776/2503 4686/9804/2503
f 4686/9804/2504 5442/10776/2504 5441/10775/2504
f 5444/10778/2505 5445/10779/2505 5369/10683/2505
f 5445/10779/2506 5446/10780/2506 5369/10683/2506
f 5369/10683/2507 5446/10780/2507 4656/9773/2507
f 5446/10780/2508 4657/9774/2508 4656/9773/2508
f 4646/9763/2509 4645/9762/2509 5369/10683/2509
f 4645/9762/2510 5394/10712/2510 5369/10683/2510
f 5369/10683/2511 5394/10712/2511 5444/10778/2511
f 5394/10712/2512 4686/9804/2512 5444/10778/2512
f 5444/10778/2513 4686/9804/2513 5445/10779/2513
f 4686/9804/2514 5389/10708/2514 5445/10779/2514
f 5445/10779/2515 5389/10708/2515 5446/10780/2515
f 5389/10708/2516 5388/10707/2516 5446/10780/2516
f 5446/10780/2517 5388/10707/2517 5447/10781/2517
f 4684/9802/2378 4683/9801/2378 5388/10707/2378
f 4683/9801/2518 5387/10706/2518 5388/10707/2518
f 5388/10707/2519 5387/10706/2519 5447/10781/2519
f 5387/10706/2520 5386/10705/2520 5447/10781/2520
f 5447/10781/2521 5386/10705/2521 5383/10702/2521
f 5386/10705/2522 5385/10704/2522 5383/10702/2522
f 5383/10702/2523 5385/10704/2523 5384/10703/2523
f 5385/10704/2524 4680/9798/2524 5384/10703/2524
f 5384/10703/2525 4680/9798/2525 4679/9797/2525
f 5448/10782/2526 5425/10749/2526 5449/10783/2526
f 5425/10749/2527 5421/10744/2527 5449/10783/2527
f 5449/10783/2528 5421/10744/2528 5450/10784/2528
f 5421/10744/2529 5416/10746/2529 5450/10784/2529
f 5450/10784/2530 5416/10746/2530 5451/10785/2530
f 5416/10739/2531 5412/10735/2531 5451/10786/2531
f 5451/10786/2532 5412/10735/2532 5452/10787/2532
f 5412/10735/2533 5400/10718/2533 5452/10787/2533
f 5452/10787/2534 5400/10718/2534 5453/10788/2534
f 5400/10718/2535 5402/10720/2535 5453/10788/2535
f 5453/10788/2536 5402/10720/2536 4642/9759/2536
f 5402/10720/2537 4643/9760/2537 4642/9759/2537
f 4642/9759/2538 4641/9758/2538 5453/10788/2538
f 4641/9758/2539 5435/10765/2539 5453/10788/2539
f 5453/10788/2540 5435/10765/2540 5452/10787/2540
f 5435/10765/2541 5411/10734/2541 5452/10787/2541
f 5452/10787/2542 5411/10734/2542 5451/10786/2542
f 5411/10789/2543 5410/10790/2543 5451/10791/2543
f 5451/10792/2544 5410/10793/2544 5450/10794/2544
f 5410/10731/2545 5363/10677/2545 5450/10784/2545
f 5450/10784/2546 5363/10677/2546 5449/10783/2546
f 5363/10677/2547 5365/10679/2547 5449/10783/2547
f 5449/10783/2548 5365/10679/2548 5448/10782/2548
f 4658/9775/2549 4657/9774/2549 5399/10717/2549
f 4657/9774/2550 5446/10780/2550 5399/10717/2550
f 5399/10717/2551 5446/10780/2551 5398/10716/2551
f 5446/10780/2552 5447/10781/2552 5398/10716/2552
f 5398/10716/2553 5447/10781/2553 5397/10715/2553
f 5447/10781/2554 5383/10702/2554 5397/10715/2554
f 5397/10715/2555 5383/10702/2555 5409/10730/2555
f 5383/10702/2556 5382/10701/2556 5409/10730/2556
f 5409/10730/2557 5382/10701/2557 5407/10729/2557
f 5382/10724/2558 5406/10725/2558 5407/10726/2558
f 5407/10726/2559 5406/10725/2559 5367/10681/2559
f 5406/10725/2560 5380/10696/2560 5367/10681/2560
f 5367/10681/2561 5380/10696/2561 5364/10678/2561
f 5380/10696/2562 4669/10693/2562 5364/10678/2562
f 5364/10678/2563 4669/10693/2563 5365/10679/2563
f 4669/10693/2564 5379/10695/2564 5365/10679/2564
f 5365/10679/2565 5379/10695/2565 5448/10782/2565
f 5430/10760/2566 5334/10624/2566 5377/10691/2566
f 5334/10624/2567 5336/10626/2567 5377/10691/2567
f 5377/10691/2568 5336/10626/2568 5378/10692/2568
f 5336/10626/2569 5275/10541/2569 5378/10692/2569
f 5378/10692/2569 5275/10541/2569 5044/10254/2569
f 4668/10694/2367 4667/10627/2367 5379/10695/2367
f 4667/10627/2570 5337/10629/2570 5379/10695/2570
f 5379/10695/2571 5337/10629/2571 5448/10782/2571
f 5337/10629/2572 5339/10631/2572 5448/10782/2572
f 5448/10782/2573 5339/10631/2573 5425/10749/2573
f 5339/10631/2574 5341/10633/2574 5425/10749/2574
f 5425/10749/2575 5341/10633/2575 5424/10748/2575
f 5341/10633/2576 5343/10635/2576 5424/10748/2576
f 5424/10748/2577 5343/10635/2577 5423/10747/2577
f 5343/10635/2578 5345/10640/2578 5423/10747/2578
f 5423/10758/2579 5345/10641/2579 5429/10759/2579
f 5345/10641/2580 5346/10642/2580 5429/10759/2580
f 5429/10759/2581 5346/10642/2581 5430/10760/2581
f 5346/10642/2582 5333/10623/2582 5430/10760/2582
f 5430/10760/2583 5333/10623/2583 5334/10624/2583
f 5454/10795/1 5455/10796/1 5456/10797/1
f 5455/10796/1 5457/10798/1 5456/10797/1
f 5456/10797/1 5457/10798/1 5458/10799/1
f 5459/10800/1 5460/10801/1 5456/10797/1
f 5460/10801/1 5461/10802/1 5456/10797/1
f 5456/10797/1 5461/10802/1 5454/10795/1
f 5462/10803/1 5463/10804/1 5456/10797/1
f 5463/10804/1 5464/10805/1 5456/10797/1
f 5456/10797/1 5464/10805/1 5459/10800/1
f 5465/10806/1 5466/10807/1 5456/10797/1
f 5466/10807/1 5467/10808/1 5456/10797/1
f 5456/10797/1 5467/10808/1 5462/10803/1
f 5468/10809/1 5469/10810/1 5456/10797/1
f 5469/10810/1 5470/10811/1 5456/10797/1
f 5456/10797/1 5470/10811/1 5465/10806/1
f 5471/10812/1 5472/10813/1 5456/10797/1
f 5472/10813/1 5473/10814/1 5456/10797/1
f 5456/10797/1 5473/10814/1 5468/10809/1
f 5474/10815/1 5475/10816/1 5456/10797/1
f 5475/10816/1 5476/10817/1 5456/10797/1
f 5456/10797/1 5476/10817/1 5471/10812/1
f 5458/10799/1 5477/10818/1 5456/10797/1
f 5477/10818/1 5478/10819/1 5456/10797/1
f 5456/10797/1 5478/10819/1 5474/10815/1
f 4610/10820/38 5470/10821/38 4611/10822/38
f 5470/10821/38 5469/10823/38 4611/10822/38
f 4611/10822/39 5469/10823/39 4612/10824/39
f 5469/10823/39 5468/10825/39 4612/10824/39
f 4612/10824/83 5468/10825/83 4613/10826/83
f 5468/10825/83 5473/10827/83 4613/10826/83
f 4613/10828/84 5473/10829/84 4614/10830/84
f 5473/10829/84 5472/10831/84 4614/10830/84
f 4614/10830/80 5472/10831/80 4615/10832/80
f 5472/10831/80 5471/10833/80 4615/10832/80
f 4615/10832/79 5471/10833/79 4616/10834/79
f 5471/10833/79 5476/10835/79 4616/10834/79
f 4616/10834/69 5476/10835/69 4617/10836/69
f 5476/10835/69 5475/10837/69 4617/10836/69
f 4617/10836/70 5475/10837/70 4618/10838/70
f 5475/10837/70 5474/10839/70 4618/10838/70
f 4618/10838/71 5474/10839/71 4619/10840/71
f 5474/10839/71 5478/10841/71 4619/10840/71
f 4619/10842/74 5478/10843/74 4620/10844/74
f 5478/10843/74 5477/10845/74 4620/10844/74
f 4620/10844/75 5477/10845/75 4621/10846/75
f 5477/10845/75 5458/10847/75 4621/10846/75
f 4621/10846/76 5458/10847/76 4622/10848/76
f 5458/10847/76 5457/10849/76 4622/10848/76
f 4622/10848/77 5457/10849/77 4623/10850/77
f 5457/10849/77 5455/10851/77 4623/10850/77
f 4623/10850/78 5455/10851/78 4624/10852/78
f 5455/10851/78 5454/10853/78 4624/10852/78
f 4624/10852/100 5454/10853/100 4625/10854/100
f 5454/10853/100 5461/10855/100 4625/10854/100
f 4625/10856/98 5461/10857/98 4626/10858/98
f 5461/10857/98 5460/10859/98 4626/10858/98
f 4626/10858/97 5460/10859/97 4627/10860/97
f 5460/10859/97 5459/10861/97 4627/10860/97
f 4627/10860/96 5459/10861/96 4604/10862/96
f 5459/10861/96 5464/10863/96 4604/10862/96
f 4604/10862/31 5464/10863/31 4605/10864/31
f 5464/10863/31 5463/10865/31 4605/10864/31
f 4605/10864/32 5463/10865/32 4606/10866/32
f 5463/10865/32 5462/10867/32 4606/10866/32
f 4606/10866/34 5462/10867/34 4607/10868/34
f 5462/10867/34 5467/10869/34 4607/10868/34
f 4607/10870/35 5467/10871/35 4608/10872/35
f 5467/10871/35 5466/10873/35 4608/10872/35
f 4608/10872/36 5466/10873/36 4609/10874/36
f 5466/10873/36 5465/10875/36 4609/10874/36
f 4609/10874/37 5465/10875/37 4610/10820/37
f 5465/10875/37 5470/10821/37 4610/10820/37
f 5479/10876/1 5480/10877/1 5481/10878/1
f 5480/10877/1 5482/10879/1 5481/10878/1
f 5481/10878/1 5482/10879/1 5483/10880/1
f 5484/10881/1 5485/10882/1 5481/10878/1
f 5485/10882/1 5486/10883/1 5481/10878/1
f 5481/10878/1 5486/10883/1 5479/10876/1
f 5487/10884/1 5488/10885/1 5481/10878/1
f 5488/10885/1 5489/10886/1 5481/10878/1
f 5481/10878/1 5489/10886/1 5484/10881/1
f 5490/10887/1 5491/10888/1 5481/10878/1
f 5491/10888/1 5492/10889/1 5481/10878/1
f 5481/10878/1 5492/10889/1 5487/10884/1
f 5493/10890/1 5494/10891/1 5481/10878/1
f 5494/10891/1 5495/10892/1 5481/10878/1
f 5481/10878/1 5495/10892/1 5490/10887/1
f 5496/10893/1 5497/10894/1 5481/10878/1
f 5497/10894/1 5498/10895/1 5481/10878/1
f 5481/10878/1 5498/10895/1 5493/10890/1
f 5499/10896/1 5500/10897/1 5481/10878/1
f 5500/10897/1 5501/10898/1 5481/10878/1
f 5481/10878/1 5501/10898/1 5496/10893/1
f 5483/10880/1 5502/10899/1 5481/10878/1
f 5502/10899/1 5503/10900/1 5481/10878/1
f 5481/10878/1 5503/10900/1 5499/10896/1
f 4601/10901/38 5495/10902/38 4602/10903/38
f 5495/10902/38 5494/10904/38 4602/10903/38
f 4602/10903/39 5494/10904/39 4603/10905/39
f 5494/10904/39 5493/10906/39 4603/10905/39
f 4603/10905/83 5493/10906/83 4580/10907/83
f 5493/10906/83 5498/10908/83 4580/10907/83
f 4580/10909/84 5498/10910/84 4581/10911/84
f 5498/10910/84 5497/10912/84 4581/10911/84
f 4581/10911/80 5497/10912/80 4582/10913/80
f 5497/10912/80 5496/10914/80 4582/10913/80
f 4582/10913/79 5496/10914/79 4583/10915/79
f 5496/10914/79 5501/10916/79 4583/10915/79
f 4583/10915/69 5501/10916/69 4584/10917/69
f 5501/10916/69 5500/10918/69 4584/10917/69
f 4584/10917/70 5500/10918/70 4585/10919/70
f 5500/10918/70 5499/10920/70 4585/10919/70
f 4585/10919/71 5499/10920/71 4586/10921/71
f 5499/10920/71 5503/10922/71 4586/10921/71
f 4586/10923/74 5503/10924/74 4587/10925/74
f 5503/10924/74 5502/10926/74 4587/10925/74
f 4587/10925/75 5502/10926/75 4588/10927/75
f 5502/10926/75 5483/10928/75 4588/10927/75
f 4588/10927/76 5483/10928/76 4589/10929/76
f 5483/10928/76 5482/10930/76 4589/10929/76
f 4589/10929/77 5482/10930/77 4590/10931/77
f 5482/10930/77 5480/10932/77 4590/10931/77
f 4590/10931/78 5480/10932/78 4591/10933/78
f 5480/10932/78 5479/10934/78 4591/10933/78
f 4591/10933/100 5479/10934/100 4592/10935/100
f 5479/10934/100 5486/10936/100 4592/10935/100
f 4592/10937/98 5486/10938/98 4593/10939/98
f 5486/10938/98 5485/10940/98 4593/10939/98
f 4593/10939/97 5485/10940/97 4594/10941/97
f 5485/10940/97 5484/10942/97 4594/10941/97
f 4594/10941/96 5484/10942/96 4595/10943/96
f 5484/10942/96 5489/10944/96 4595/10943/96
f 4595/10943/31 5489/10944/31 4596/10945/31
f 5489/10944/31 5488/10946/31 4596/10945/31
f 4596/10945/32 5488/10946/32 4597/10947/32
f 5488/10946/32 5487/10948/32 4597/10947/32
f 4597/10947/34 5487/10948/34 4598/10949/34
f 5487/10948/34 5492/10950/34 4598/10949/34
f 4598/10951/35 5492/10952/35 4599/10953/35
f 5492/10952/35 5491/10954/35 4599/10953/35
f 4599/10953/36 5491/10954/36 4600/10955/36
f 5491/10954/36 5490/10956/36 4600/10955/36
f 4600/10955/37 5490/10956/37 4601/10901/37
f 5490/10956/37 5495/10902/37 4601/10901/37
f 5504/10957/1 5505/10958/1 5506/10959/1
f 5505/10958/1 5507/10960/1 5506/10959/1
f 5506/10959/1 5507/10960/1 5508/10961/1
f 5509/10962/1 5510/10963/1 5506/10959/1
f 5510/10963/1 5511/10964/1 5506/10959/1
f 5506/10959/1 5511/10964/1 5504/10957/1
f 5512/10965/1 5513/10966/1 5506/10959/1
f 5513/10966/1 5514/10967/1 5506/10959/1
f 5506/10959/1 5514/10967/1 5509/10962/1
f 5515/10968/1 5516/10969/1 5506/10959/1
f 5516/10969/1 5517/10970/1 5506/10959/1
f 5506/10959/1 5517/10970/1 5512/10965/1
f 5518/10971/1 5519/10972/1 5506/10959/1
f 5519/10972/1 5520/10973/1 5506/10959/1
f 5506/10959/1 5520/10973/1 5515/10968/1
f 5521/10974/1 5522/10975/1 5506/10959/1
f 5522/10975/1 5523/10976/1 5506/10959/1
f 5506/10959/1 5523/10976/1 5518/10971/1
f 5524/10977/1 5525/10978/1 5506/10959/1
f 5525/10978/1 5526/10979/1 5506/10959/1
f 5506/10959/1 5526/10979/1 5521/10974/1
f 5508/10961/1 5527/10980/1 5506/10959/1
f 5527/10980/1 5528/10981/1 5506/10959/1
f 5506/10959/1 5528/10981/1 5524/10977/1
f 4563/10982/38 5520/10983/38 4564/10984/38
f 5520/10983/38 5519/10985/38 4564/10984/38
f 4564/10984/39 5519/10985/39 4565/10986/39
f 5519/10985/39 5518/10987/39 4565/10986/39
f 4565/10986/83 5518/10987/83 4566/10988/83
f 5518/10987/83 5523/10989/83 4566/10988/83
f 4566/10990/84 5523/10991/84 4567/10992/84
f 5523/10991/84 5522/10993/84 4567/10992/84
f 4567/10992/80 5522/10993/80 4568/10994/80
f 5522/10993/80 5521/10995/80 4568/10994/80
f 4568/10994/79 5521/10995/79 4569/10996/79
f 5521/10995/79 5526/10997/79 4569/10996/79
f 4569/10996/69 5526/10997/69 4570/10998/69
f 5526/10997/69 5525/10999/69 4570/10998/69
f 4570/10998/70 5525/10999/70 4571/11000/70
f 5525/10999/70 5524/11001/70 4571/11000/70
f 4571/11000/71 5524/11001/71 4572/11002/71
f 5524/11001/71 5528/11003/71 4572/11002/71
f 4572/11004/74 5528/11005/74 4573/11006/74
f 5528/11005/74 5527/11007/74 4573/11006/74
f 4573/11006/75 5527/11007/75 4574/11008/75
f 5527/11007/75 5508/11009/75 4574/11008/75
f 4574/11008/76 5508/11009/76 4575/11010/76
f 5508/11009/76 5507/11011/76 4575/11010/76
f 4575/11010/77 5507/11011/77 4576/11012/77
f 5507/11011/77 5505/11013/77 4576/11012/77
f 4576/11012/78 5505/11013/78 4577/11014/78
f 5505/11013/78 5504/11015/78 4577/11014/78
f 4577/11014/100 5504/11015/100 4578/11016/100
f 5504/11015/100 5511/11017/100 4578/11016/100
f 4578/11018/98 5511/11019/98 4579/11020/98
f 5511/11019/98 5510/11021/98 4579/11020/98
f 4579/11020/97 5510/11021/97 4556/11022/97
f 5510/11021/97 5509/11023/97 4556/11022/97
f 4556/11022/96 5509/11023/96 4557/11024/96
f 5509/11023/96 5514/11025/96 4557/11024/96
f 4557/11024/31 5514/11025/31 4558/11026/31
f 5514/11025/31 5513/11027/31 4558/11026/31
f 4558/11026/32 5513/11027/32 4559/11028/32
f 5513/11027/32 5512/11029/32 4559/11028/32
f 4559/11028/34 5512/11029/34 4560/11030/34
f 5512/11029/34 5517/11031/34 4560/11030/34
f 4560/11032/35 5517/11033/35 4561/11034/35
f 5517/11033/35 5516/11035/35 4561/11034/35
f 4561/11034/36 5516/11035/36 4562/11036/36
f 5516/11035/36 5515/11037/36 4562/11036/36
f 4562/11036/37 5515/11037/37 4563/10982/37
f 5515/11037/37 5520/10983/37 4563/10982/37
f 5529/11038/1 5530/11039/1 5531/11040/1
f 5530/11039/1 5532/11041/1 5531/11040/1
f 5531/11040/1 5532/11041/1 5533/11042/1
f 5534/11043/1 5535/11044/1 5531/11040/1
f 5535/11044/1 5536/11045/1 5531/11040/1
f 5531/11040/1 5536/11045/1 5529/11038/1
f 5537/11046/1 5538/11047/1 5531/11040/1
f 5538/11047/1 5539/11048/1 5531/11040/1
f 5531/11040/1 5539/11048/1 5534/11043/1
f 5540/11049/1 5541/11050/1 5531/11040/1
f 5541/11050/1 5542/11051/1 5531/11040/1
f 5531/11040/1 5542/11051/1 5537/11046/1
f 5543/11052/1 5544/11053/1 5531/11040/1
f 5544/11053/1 5545/11054/1 5531/11040/1
f 5531/11040/1 5545/11054/1 5540/11049/1
f 5546/11055/1 5547/11056/1 5531/11040/1
f 5547/11056/1 5548/11057/1 5531/11040/1
f 5531/11040/1 5548/11057/1 5543/11052/1
f 5549/11058/1 5550/11059/1 5531/11040/1
f 5550/11059/1 5551/11060/1 5531/11040/1
f 5531/11040/1 5551/11060/1 5546/11055/1
f 5533/11042/1 5552/11061/1 5531/11040/1
f 5552/11061/1 5553/11062/1 5531/11040/1
f 5531/11040/1 5553/11062/1 5549/11058/1
f 4535/11063/38 5545/11064/38 4536/11065/38
f 5545/11064/38 5544/11066/38 4536/11065/38
f 4536/11065/39 5544/11066/39 4537/11067/39
f 5544/11066/39 5543/11068/39 4537/11067/39
f 4537/11067/83 5543/11068/83 4538/11069/83
f 5543/11068/83 5548/11070/83 4538/11069/83
f 4538/11071/84 5548/11072/84 4539/11073/84
f 5548/11072/84 5547/11074/84 4539/11073/84
f 4539/11073/80 5547/11074/80 4540/11075/80
f 5547/11074/80 5546/11076/80 4540/11075/80
f 4540/11075/79 5546/11076/79 4541/11077/79
f 5546/11076/79 5551/11078/79 4541/11077/79
f 4541/11077/69 5551/11078/69 4542/11079/69
f 5551/11078/69 5550/11080/69 4542/11079/69
f 4542/11079/70 5550/11080/70 4543/11081/70
f 5550/11080/70 5549/11082/70 4543/11081/70
f 4543/11081/71 5549/11082/71 4544/11083/71
f 5549/11082/71 5553/11084/71 4544/11083/71
f 4544/11085/74 5553/11086/74 4545/11087/74
f 5553/11086/74 5552/11088/74 4545/11087/74
f 4545/11087/75 5552/11088/75 4546/11089/75
f 5552/11088/75 5533/11090/75 4546/11089/75
f 4546/11089/76 5533/11090/76 4547/11091/76
f 5533/11090/76 5532/11092/76 4547/11091/76
f 4547/11091/77 5532/11092/77 4548/11093/77
f 5532/11092/77 5530/11094/77 4548/11093/77
f 4548/11093/78 5530/11094/78 4549/11095/78
f 5530/11094/78 5529/11096/78 4549/11095/78
f 4549/11095/100 5529/11096/100 4550/11097/100
f 5529/11096/100 5536/11098/100 4550/11097/100
f 4550/11099/98 5536/11100/98 4551/11101/98
f 5536/11100/98 5535/11102/98 4551/11101/98
f 4551/11101/97 5535/11102/97 4552/11103/97
f 5535/11102/97 5534/11104/97 4552/11103/97
f 4552/11103/96 5534/11104/96 4553/11105/96
f 5534/11104/96 5539/11106/96 4553/11105/96
f 4553/11105/31 5539/11106/31 4554/11107/31
f 5539/11106/31 5538/11108/31 4554/11107/31
f 4554/11107/32 5538/11108/32 4555/11109/32
f 5538/11108/32 5537/11110/32 4555/11109/32
f 4555/11109/34 5537/11110/34 4532/11111/34
f 5537/11110/34 5542/11112/34 4532/11111/34
f 4532/11113/35 5542/11114/35 4533/11115/35
f 5542/11114/35 5541/11116/35 4533/11115/35
f 4533/11115/36 5541/11116/36 4534/11117/36
f 5541/11116/36 5540/11118/36 4534/11117/36
f 4534/11117/37 5540/11118/37 4535/11063/37
f 5540/11118/37 5545/11064/37 4535/11063/37
f 5554/11119/1 5555/11120/1 5556/11121/1
f 5555/11120/1 5557/11122/1 5556/11121/1
f 5556/11121/1 5557/11122/1 5558/11123/1
f 5559/11124/1 5560/11125/1 5556/11121/1
f 5560/11125/1 5561/11126/1 5556/11121/1
f 5556/11121/1 5561/11126/1 5554/11119/1
f 5562/11127/1 5563/11128/1 5556/11121/1
f 5563/11128/1 5564/11129/1 5556/11121/1
f 5556/11121/1 5564/11129/1 5559/11124/1
f 5565/11130/1 5566/11131/1 5556/11121/1
f 5566/11131/1 5567/11132/1 5556/11121/1
f 5556/11121/1 5567/11132/1 5562/11127/1
f 5568/11133/1 5569/11134/1 5556/11121/1
f 5569/11134/1 5570/11135/1 5556/11121/1
f 5556/11121/1 5570/11135/1 5565/11130/1
f 5571/11136/1 5572/11137/1 5556/11121/1
f 5572/11137/1 5573/11138/1 5556/11121/1
f 5556/11121/1 5573/11138/1 5568/11133/1
f 5574/11139/1 5575/11140/1 5556/11121/1
f 5575/11140/1 5576/11141/1 5556/11121/1
f 5556/11121/1 5576/11141/1 5571/11136/1
f 5558/11123/1 5577/11142/1 5556/11121/1
f 5577/11142/1 5578/11143/1 5556/11121/1
f 5556/11121/1 5578/11143/1 5574/11139/1
f 4514/11144/38 5570/11145/38 4515/11146/38
f 5570/11145/38 5569/11147/38 4515/11146/38
f 4515/11146/39 5569/11147/39 4516/11148/39
f 5569/11147/39 5568/11149/39 4516/11148/39
f 4516/11148/83 5568/11149/83 4517/11150/83
f 5568/11149/83 5573/11151/83 4517/11150/83
f 4517/11152/84 5573/11153/84 4518/11154/84
f 5573/11153/84 5572/11155/84 4518/11154/84
f 4518/11154/80 5572/11155/80 4519/11156/80
f 5572/11155/80 5571/11157/80 4519/11156/80
f 4519/11156/79 5571/11157/79 4520/11158/79
f 5571/11157/79 5576/11159/79 4520/11158/79
f 4520/11158/69 5576/11159/69 4521/11160/69
f 5576/11159/69 5575/11161/69 4521/11160/69
f 4521/11160/70 5575/11161/70 4522/11162/70
f 5575/11161/70 5574/11163/70 4522/11162/70
f 4522/11162/71 5574/11163/71 4523/11164/71
f 5574/11163/71 5578/11165/71 4523/11164/71
f 4523/11166/74 5578/11167/74 4524/11168/74
f 5578/11167/74 5577/11169/74 4524/11168/74
f 4524/11168/75 5577/11169/75 4525/11170/75
f 5577/11169/75 5558/11171/75 4525/11170/75
f 4525/11170/76 5558/11171/76 4526/11172/76
f 5558/11171/76 5557/11173/76 4526/11172/76
f 4526/11172/77 5557/11173/77 4527/11174/77
f 5557/11173/77 5555/11175/77 4527/11174/77
f 4527/11174/78 5555/11175/78 4528/11176/78
f 5555/11175/78 5554/11177/78 4528/11176/78
f 4528/11176/100 5554/11177/100 4529/11178/100
f 5554/11177/100 5561/11179/100 4529/11178/100
f 4529/11180/98 5561/11181/98 4530/11182/98
f 5561/11181/98 5560/11183/98 4530/11182/98
f 4530/11182/97 5560/11183/97 4531/11184/97
f 5560/11183/97 5559/11185/97 4531/11184/97
f 4531/11184/96 5559/11185/96 4508/11186/96
f 5559/11185/96 5564/11187/96 4508/11186/96
f 4508/11186/31 5564/11187/31 4509/11188/31
f 5564/11187/31 5563/11189/31 4509/11188/31
f 4509/11188/32 5563/11189/32 4510/11190/32
f 5563/11189/32 5562/11191/32 4510/11190/32
f 4510/11190/34 5562/11191/34 4511/11192/34
f 5562/11191/34 5567/11193/34 4511/11192/34
f 4511/11194/35 5567/11195/35 4512/11196/35
f 5567/11195/35 5566/11197/35 4512/11196/35
f 4512/11196/36 5566/11197/36 4513/11198/36
f 5566/11197/36 5565/11199/36 4513/11198/36
f 4513/11198/37 5565/11199/37 4514/11144/37
f 5565/11199/37 5570/11145/37 4514/11144/37
f 5579/11200/1 5580/11201/1 5581/11202/1
f 5580/11201/1 5582/11203/1 5581/11202/1
f 5581/11202/1 5582/11203/1 5583/11204/1
f 5584/11205/1 5585/11206/1 5581/11202/1
f 5585/11206/1 5586/11207/1 5581/11202/1
f 5581/11202/1 5586/11207/1 5579/11200/1
f 5587/11208/1 5588/11209/1 5581/11202/1
f 5588/11209/1 5589/11210/1 5581/11202/1
f 5581/11202/1 5589/11210/1 5584/11205/1
f 5590/11211/1 5591/11212/1 5581/11202/1
f 5591/11212/1 5592/11213/1 5581/11202/1
f 5581/11202/1 5592/11213/1 5587/11208/1
f 5593/11214/1 5594/11215/1 5581/11202/1
f 5594/11215/1 5595/11216/1 5581/11202/1
f 5581/11202/1 5595/11216/1 5590/11211/1
f 5596/11217/1 5597/11218/1 5581/11202/1
f 5597/11218/1 5598/11219/1 5581/11202/1
f 5581/11202/1 5598/11219/1 5593/11214/1
f 5599/11220/1 5600/11221/1 5581/11202/1
f 5600/11221/1 5601/11222/1 5581/11202/1
f 5581/11202/1 5601/11222/1 5596/11217/1
f 5583/11204/1 5602/11223/1 5581/11202/1
f 5602/11223/1 5603/11224/1 5581/11202/1
f 5581/11202/1 5603/11224/1 5599/11220/1
f 3588/11225/38 5582/11226/38 3589/11227/38
f 5582/11226/38 5580/11228/38 3589/11227/38
f 3589/11227/39 5580/11228/39 3590/11229/39
f 5580/11228/39 5579/11230/39 3590/11229/39
f 3590/11229/83 5579/11230/83 3591/11231/83
f 5579/11230/83 5586/11232/83 3591/11231/83
f 3591/11233/84 5586/11234/84 3592/11235/84
f 5586/11234/84 5585/11236/84 3592/11235/84
f 3592/11235/80 5585/11236/80 3593/11237/80
f 5585/11236/80 5584/11238/80 3593/11237/80
f 3593/11237/79 5584/11238/79 3594/11239/79
f 5584/11238/79 5589/11240/79 3594/11239/79
f 3594/11239/69 5589/11240/69 3595/11241/69
f 5589/11240/69 5588/11242/69 3595/11241/69
f 3595/11241/70 5588/11242/70 3596/11243/70
f 5588/11242/70 5587/11244/70 3596/11243/70
f 3596/11243/71 5587/11244/71 3597/11245/71
f 5587/11244/71 5592/11246/71 3597/11245/71
f 3597/11247/74 5592/11248/74 3598/11249/74
f 5592/11248/74 5591/11250/74 3598/11249/74
f 3598/11249/75 5591/11250/75 3599/11251/75
f 5591/11250/75 5590/11252/75 3599/11251/75
f 3599/11251/76 5590/11252/76 3600/11253/76
f 5590/11252/76 5595/11254/76 3600/11253/76
f 3600/11253/77 5595/11254/77 3601/11255/77
f 5595/11254/77 5594/11256/77 3601/11255/77
f 3601/11255/78 5594/11256/78 3602/11257/78
f 5594/11256/78 5593/11258/78 3602/11257/78
f 3602/11257/100 5593/11258/100 3603/11259/100
f 5593/11258/100 5598/11260/100 3603/11259/100
f 3603/11261/98 5598/11262/98 3604/11263/98
f 5598/11262/98 5597/11264/98 3604/11263/98
f 3604/11263/97 5597/11264/97 3581/11265/97
f 5597/11264/97 5596/11266/97 3581/11265/97
f 3581/11265/96 5596/11266/96 3582/11267/96
f 5596/11266/96 5601/11268/96 3582/11267/96
f 3582/11267/31 5601/11268/31 3583/11269/31
f 5601/11268/31 5600/11270/31 3583/11269/31
f 3583/11269/32 5600/11270/32 3584/11271/32
f 5600/11270/32 5599/11272/32 3584/11271/32
f 3584/11271/34 5599/11272/34 3585/11273/34
f 5599/11272/34 5603/11274/34 3585/11273/34
f 3585/11275/35 5603/11276/35 3586/11277/35
f 5603/11276/35 5602/11278/35 3586/11277/35
f 3586/11277/36 5602/11278/36 3587/11279/36
f 5602/11278/36 5583/11280/36 3587/11279/36
f 3587/11279/37 5583/11280/37 3588/11225/37
f 5583/11280/37 5582/11226/37 3588/11225/37
f 3577/11281/1 3579/11282/1 5604/11283/1
f 3579/11282/1 3533/11284/1 5604/11283/1
f 5604/11283/1 3533/11284/1 3535/11285/1
f 3571/11286/1 3573/11287/1 5604/11283/1
f 3573/11287/1 3575/11288/1 5604/11283/1
f 5604/11283/1 3575/11288/1 3577/11281/1
f 3565/11289/1 3567/11290/1 5604/11283/1
f 3567/11290/1 3569/11291/1 5604/11283/1
f 5604/11283/1 3569/11291/1 3571/11286/1
f 3559/11292/1 3561/11293/1 5604/11283/1
f 3561/11293/1 3563/11294/1 5604/11283/1
f 5604/11283/1 3563/11294/1 3565/11289/1
f 3553/11295/1 3555/11296/1 5604/11283/1
f 3555/11296/1 3557/11297/1 5604/11283/1
f 5604/11283/1 3557/11297/1 3559/11292/1
f 3547/11298/1 3549/11299/1 5604/11283/1
f 3549/11299/1 3551/11300/1 5604/11283/1
f 5604/11283/1 3551/11300/1 3553/11295/1
f 3541/11301/1 3543/11302/1 5604/11283/1
f 3543/11302/1 3545/11303/1 5604/11283/1
f 5604/11283/1 3545/11303/1 3547/11298/1
f 3535/11285/1 3537/11304/1 5604/11283/1
f 3537/11304/1 3539/11305/1 5604/11283/1
f 5604/11283/1 3539/11305/1 3541/11301/1
f 3529/11306/1 3531/11307/1 5605/11308/1
f 3531/11307/1 3485/11309/1 5605/11308/1
f 5605/11308/1 3485/11309/1 3487/11310/1
f 3523/11311/1 3525/11312/1 5605/11308/1
f 3525/11312/1 3527/11313/1 5605/11308/1
f 5605/11308/1 3527/11313/1 3529/11306/1
f 3517/11314/1 3519/11315/1 5605/11308/1
f 3519/11315/1 3521/11316/1 5605/11308/1
f 5605/11308/1 3521/11316/1 3523/11311/1
f 3511/11317/1 3513/11318/1 5605/11308/1
f 3513/11318/1 3515/11319/1 5605/11308/1
f 5605/11308/1 3515/11319/1 3517/11314/1
f 3505/11320/1 3507/11321/1 5605/11308/1
f 3507/11321/1 3509/11322/1 5605/11308/1
f 5605/11308/1 3509/11322/1 3511/11317/1
f 3499/11323/1 3501/11324/1 5605/11308/1
f 3501/11324/1 3503/11325/1 5605/11308/1
f 5605/11308/1 3503/11325/1 3505/11320/1
f 3493/11326/1 3495/11327/1 5605/11308/1
f 3495/11327/1 3497/11328/1 5605/11308/1
f 5605/11308/1 3497/11328/1 3499/11323/1
f 3487/11310/1 3489/11329/1 5605/11308/1
f 3489/11329/1 3491/11330/1 5605/11308/1
f 5605/11308/1 3491/11330/1 3493/11326/1
f 3481/11331/1 3483/11332/1 5606/11333/1
f 3483/11332/1 3437/11334/1 5606/11333/1
f 5606/11333/1 3437/11334/1 3439/11335/1
f 3475/11336/1 3477/11337/1 5606/11333/1
f 3477/11337/1 3479/11338/1 5606/11333/1
f 5606/11333/1 3479/11338/1 3481/11331/1
f 3469/11339/1 3471/11340/1 5606/11333/1
f 3471/11340/1 3473/11341/1 5606/11333/1
f 5606/11333/1 3473/11341/1 3475/11336/1
f 3463/11342/1 3465/11343/1 5606/11333/1
f 3465/11343/1 3467/11344/1 5606/11333/1
f 5606/11333/1 3467/11344/1 3469/11339/1
f 3457/11345/1 3459/11346/1 5606/11333/1
f 3459/11346/1 3461/11347/1 5606/11333/1
f 5606/11333/1 3461/11347/1 3463/11342/1
f 3451/11348/1 3453/11349/1 5606/11333/1
f 3453/11349/1 3455/11350/1 5606/11333/1
f 5606/11333/1 3455/11350/1 3457/11345/1
f 3445/11351/1 3447/11352/1 5606/11333/1
f 3447/11352/1 3449/11353/1 5606/11333/1
f 5606/11333/1 3449/11353/1 3451/11348/1
f 3439/11335/1 3441/11354/1 5606/11333/1
f 3441/11354/1 3443/11355/1 5606/11333/1
f 5606/11333/1 3443/11355/1 3445/11351/1
f 3433/11356/1 3435/11357/1 5607/11358/1
f 3435/11357/1 3389/11359/1 5607/11358/1
f 5607/11358/1 3389/11359/1 3391/11360/1
f 3427/11361/1 3429/11362/1 5607/11358/1
f 3429/11362/1 3431/11363/1 5607/11358/1
f 5607/11358/1 3431/11363/1 3433/11356/1
f 3421/11364/1 3423/11365/1 5607/11358/1
f 3423/11365/1 3425/11366/1 5607/11358/1
f 5607/11358/1 3425/11366/1 3427/11361/1
f 3415/11367/1 3417/11368/1 5607/11358/1
f 3417/11368/1 3419/11369/1 5607/11358/1
f 5607/11358/1 3419/11369/1 3421/11364/1
f 3409/11370/1 3411/11371/1 5607/11358/1
f 3411/11371/1 3413/11372/1 5607/11358/1
f 5607/11358/1 3413/11372/1 3415/11367/1
f 3403/11373/1 3405/11374/1 5607/11358/1
f 3405/11374/1 3407/11375/1 5607/11358/1
f 5607/11358/1 3407/11375/1 3409/11370/1
f 3397/11376/1 3399/11377/1 5607/11358/1
f 3399/11377/1 3401/11378/1 5607/11358/1
f 5607/11358/1 3401/11378/1 3403/11373/1
f 3391/11360/1 3393/11379/1 5607/11358/1
f 3393/11379/1 3395/11380/1 5607/11358/1
f 5607/11358/1 3395/11380/1 3397/11376/1
f 3374/11381/1 3375/11382/1 5608/11383/1
f 3375/11382/1 3376/11384/1 5608/11383/1
f 5608/11383/1 3376/11384/1 3377/11385/1
f 3383/11386/1 3379/11387/1 5608/11383/1
f 3379/11387/1 3378/11388/1 5608/11383/1
f 5608/11383/1 3378/11388/1 3374/11381/1
f 3380/11389/1 3381/11390/1 5608/11383/1
f 3381/11390/1 3382/11391/1 5608/11383/1
f 5608/11383/1 3382/11391/1 3383/11386/1
f 3388/11392/1 3385/11393/1 5608/11383/1
f 3385/11393/1 3384/11394/1 5608/11383/1
f 5608/11383/1 3384/11394/1 3380/11389/1
f 3367/11395/1 3386/11396/1 5608/11383/1
f 3386/11396/1 3387/11397/1 5608/11383/1
f 5608/11383/1 3387/11397/1 3388/11392/1
f 3371/11398/1 3365/11399/1 5608/11383/1
f 3365/11399/1 3366/11400/1 5608/11383/1
f 5608/11383/1 3366/11400/1 3367/11395/1
f 3368/11401/1 3369/11402/1 5608/11383/1
f 3369/11402/1 3370/11403/1 5608/11383/1
f 5608/11383/1 3370/11403/1 3371/11398/1
f 3377/11385/1 3373/11404/1 5608/11383/1
f 3373/11404/1 3372/11405/1 5608/11383/1
f 5608/11383/1 3372/11405/1 3368/11401/1
